Tên;Giá;Hoạt chất;Brand;Quy cách;Link
Gel bôi niêm mạc miệng Metrogyl Denta điều trị viêm nha chu, sâu răng, viêm nướu (tuýp 10g);27000;Metronidazole 10mg;Unique Pharmaceutical Labs ;Tuýp;https://www.pharmacity.vn/product/metrogyl-denta
Strepsils Honey Lemon (2 vỉ x 12 viên) - Viên ngậm dịu họng vị mật ong chanh;18750;Dichlorobenzyl Alcohol 1.2mg, Amylmetacresol 0.6mg;Strepsils;Vỉ;https://www.pharmacity.vn/product/vien-ngam-khang-khuan-giam-ho-huong-chanh-mat-ong-strepsils-honey-lemon-24-vienhop
Strepsils Cool (2 vỉ x 12 viên) – Viên ngậm mát họng, giảm đau;18750;Dichlorobenzyl Alcohol 1.2mg, Amylmetacresol 0.6mg;Strepsils;Vỉ;https://www.pharmacity.vn/product/vien-ngam-khang-khuan-giam-ho-mat-lanh-strepsils-cool-24-vienhop
Acemuc kids 200mg (Hộp/30 gói) – Tiêu đờm, giảm ho cho bé;2967;Acetylcystein 200mg;Sanofi CHC Local;Gói;https://www.pharmacity.vn/product/thuoc-com-dieu-tri-cac-roi-loan-tiet-dich-duong-ho-hap-vi-cam-acemuc-200mg
Viên nén Diovan 160mg điều trị tăng huyết áp, suy tim (2 vỉ x 14 viên);443900;Valsartan 160mg;Novartis;Hộp;https://www.pharmacity.vn/product/thuoc-dieu-tri-tang-huyet-ap-suy-tim-diovan-160mg
Dung dịch Phytogyno vệ sinh phụ nữ (chai 100ml);30000;Alpha – Terpineol thiên nhiên 0.3g/100ml;Opodis Pharma;Chai;https://www.pharmacity.vn/product/dung-dich-ve-sinh-phu-nu-phytogyno-100ml
Silkron Tuýp 10g – Kem bôi trị nấm da, viêm da;21000;Betamethason 0.64mg, Gentamicin 1mg, Clotrimazol 10mg;Dongkwang;Tuýp;https://www.pharmacity.vn/product/silkron-hop-1-tuyp-10g
Thuốc bột Oresol 245 DHG điều trị mất nước (20 gói x 4,1g);1350;Natri clorid 520mg, Kali clorid 300mg;DHG Pharma;Gói;https://www.pharmacity.vn/product/thuoc-bu-nuoc-chat-dien-giai-bang-duong-uong-hieu-qua-oresol-245-20-goi-x-4-1g-hop
Dung dịch Povidine 8ml sát khuẩn da và niêm mạc (chai 8ml);60000;Povidon Iodin 0;Pharmedic;Lốc;https://www.pharmacity.vn/product/dung-dich-povidine-8ml-sat-khuan-da-va-niem-mac-chai-8ml
Viên nén Erythromycin 500mg - Vidipha điều trị nhiễm khuẩn đường hô hấp (10 vỉ x 10 viên);179000;Erythromycin 500mg;Vidipha;Hộp;https://www.pharmacity.vn/product/thuoc-dieu-tri-nhiem-khuan-do-vi-khuan-nhay-cam-erythromycin-500mg-10-vi-x-10-vienhop
Viên nén Captopril Stella 25mg điều trị tăng huyết áp, suy tim (10 vỉ x 10 viên);59500;Captopril 25mg;STELLA;Hộp;https://www.pharmacity.vn/product/thuoc-dieu-tri-benh-tang-huyet-ap-benh-than-suy-tim-captopril-stada-25mg-10-vi-x-10-vienhop
Viên nén Flagyl 250mg điều trị nhiễm khuẩn (2 vỉ x 10 viên);94400;Metronidazol 250mg;Sanofi Others;Hộp;https://www.pharmacity.vn/product/vien-nen-flagyl-250mg-dieu-tri-nhiem-khuan-2-vi-x-10-vien
Viên nén Calci D bổ sung calci và D3 phòng ngừa còi xương, loãng xương (10 vỉ x 10 viên);4370;Calci gluconat 500mg, Vitamin D3 200IU;Mekophar;Vỉ;https://www.pharmacity.vn/product/thuoc-bo-sung-calcium-calci-d-10-vi-x-10-vien-hop
Viên nén Rotunda 30mg hỗ trợ điều trị mất ngủ, giảm đau (10 vỉ x 10 viên);8000;Rotundin 30mg;Dopharma;Vỉ;https://www.pharmacity.vn/product/rotunda-30mg-100vien
Viên nén Farzincol 10mg phòng ngừa và điều trị kẽm (10 vỉ x 10 viên);65000;Acid Folic 70mg;Pharmedic;Hộp;https://www.pharmacity.vn/product/thuoc-bo-sung-kem-farzincol-10mg
Klamentin 1g (2 vỉ x 7 viên) – Kháng sinh mạnh, trị nhiễm khuẩn đa dạng;117600;Amoxicilin 875mg, Acid Clavulanic 125mg;DHG Pharma;Hộp;https://www.pharmacity.vn/product/klamentin-875125-hop-2-vi-x-7-vien
Viên nén Medexa 16mg kháng viêm, điều trị viêm thấp khớp, chống dị ứng (5 vỉ x 6 viên);108000;Methyl Prednisolon 16mg;Dexa Medica;Hộp;https://www.pharmacity.vn/product/medexa-16mg-hop-5-vi-x-6-vien-nen
Viên nang Itranstad Stella điều trị các bệnh nhiễm nấm (1 vỉ x 6 viên);72000;Itraconazol 100mg;STELLA;Hộp;https://www.pharmacity.vn/product/itranstad-hop-1-vi-x-6-vien
Viên nén Hapacol 325mg giảm đau, hạ sốt (10 vỉ x 10 viên);2610;Paracetamol 325mg;DHG Pharma;Vỉ;https://www.pharmacity.vn/product/thuoc-giam-dau-ha-sot-hapacol-325mg
Diane 35 Tab (1 vỉ x 21 viên) – Tránh thai, cải thiện làn da, nội tiết;135500;Cyproteroneacetat 2mg, Ethinystrad 35mcg;Bayer WHC;Hộp;https://www.pharmacity.vn/product/thuoc-tranh-thai-tri-mun-trung-ca-diane-35-21-vienhop
Otrivin 0.1% Nasal Spray 10ml – Xịt mũi giảm nghẹt, thông thoáng;52000;Xylometazolin 1mg/ml;GSK OTC;Chai;https://www.pharmacity.vn/product/thuoc-xit-mui-giam-nghet-mui-otrivin-01-nasal-spray-10ml
Thuốc bột Bé Ho Mekophar giảm các triệu chứng ho do cảm lạnh, cúm, ho gà (hộp 24 gói);74100;Chlorphenamin 5mg, Dextromethorphan 1mg;Mekophar;Hộp;https://www.pharmacity.vn/product/thuoc-dieu-tri-cac-trieu-chung-ho-be-ho-mekophar-24-goihop
Bột pha uống Clamoxyl 250mg điều trị nhiễm khuẩn (hộp 12 gói);63600;Amoxicilin 250mg;GSK ETC;Hộp;https://www.pharmacity.vn/product/thuoc-dieu-tri-cac-benh-nhiem-khuan-duong-ho-hap-clamoxyl-250mg
Dung dịch uống Zyrtec Sol 1mg/ml điều trị triệu chứng viêm mũi dị ứng, mày đay (chai 60ml);61990;Cetirizin 1mg/60ml;GSK ETC;Chai;https://www.pharmacity.vn/product/dung-dich-uong-dieu-tri-viem-mui-di-ung-va-may-day-zyrtec-60ml
Siang Pure Oil 3cc (Lốc 12 chai) – Dầu gió đa công dụng, giảm đau nhanh;16000;Menthol 38.6g, Peppermint oil 39.6ml, Cinnamon oil 0.5ml, Mineral oil 6.9g, Camphor 0.5ml;Siang Pure;Hộp;https://www.pharmacity.vn/product/siang-pure-oil-3cc-loc-6-chai
Viên nén Lipitor 10mg điều trị tăng cholesterol máu, giảm mỡ máu (3 vỉ x 10 viên);417000;Atorvastatin 10mg;Viatris (Pfizer UpJohn);Hộp;https://www.pharmacity.vn/product/thuoc-ho-tro-che-do-an-kieng-dieu-tri-tang-cholesterol-toan-phan-lipitor-10mg
Viên nén Cialis 20mg điều trị rối loạn cương dương (1 vỉ x 2 viên);352000;Tadalafil 20mg;Eli Lilly;Hộp;https://www.pharmacity.vn/product/thuoc-dieu-tri-roi-loan-cuong-duong-cialis-20mg
Tanganil 500mg (3 vỉ x 10 viên) – Giảm chóng mặt hiệu quả;47997;Acetyl-Dl-Leucin 500mg;Pierre-Fabre;Vỉ;https://www.pharmacity.vn/product/thuoc-dieu-tri-con-chong-mat-tanganil-500mg
Thuốc cốm Tràng Vị Khang trị viêm dạ dày, đại tràng cấp và mạn tính (6 gói x 8g);318000;Daphniphyllum Calycinum Benth 2g;HaiKhau;Hộp lớn;https://www.pharmacity.vn/product/thuoc-com-dieu-tri-viem-dai-trang-man-tinh-trang-vi-khang-6-goi-hop
Viên nén Stilux - 60mg hỗ trợ điều trị mất ngủ, giảm đau (10 vỉ x 10 viên);140000;Rotundin 60mg;Traphaco;Hộp;https://www.pharmacity.vn/product/thuoc-an-than-gay-ngu-giam-dau-stilux-60-10-vi-x-10-vien-hop
Thuốc xịt ngoài da Salonpas giảm đau, kháng viêm do căng cơ, bong gân (chai 118ml);210000;L-Menthol 4.00g, Dl-Camphor 1.60g, Methyl Salicylat 1.60g, Glycol salicylat 0.80g, Eucalyptus Oil 0.40g, Glycyrrhetinic Acid 0.08g/80ml;Salonpas;Chai;https://www.pharmacity.vn/product/thuoc-xit-giam-dau-khang-viem-salonpas-spray-118ml
Viên nén Mimosa hỗ trợ điều trị mất ngủ, suy nhược thần kinh (5 vỉ x 10 viên);19600;Cao bình vôi 49,5mg, Lá sen 180mg;OPC;Vỉ;https://www.pharmacity.vn/product/mimosa-hop-5-vi-x-10-vien
Viên nang Celebrex 200mg điều trị viêm và giảm các cơn đau khớp (3 vỉ x 10 viên);384000;Celecoxib 200mg;Viatris (Pfizer UpJohn);Hộp;https://www.pharmacity.vn/product/thuoc-dieu-tri-benh-thoai-hoa-khop-viem-cot-song-celebrex-200mg
Viên nén Crestor 10mg điều trị tăng cholesterol máu, giảm mỡ máu (2 vỉ x 14 viên);317800;Rosuvastatin 10mg;Crestor;Hộp;https://www.pharmacity.vn/product/thuoc-dieu-tri-tang-cholesterol-mau-nguyen-phat-crestor-10mg
Dầu gió trắng hiệu cây búa Axe Brand trị cảm cúm, sổ mũi, chóng mặt, say tàu xe (chai 10ml);28900;Bạc Hà 20g, Dầu khuynh diệp 15g/10ml;AXE (CAY BUA);Chai;https://www.pharmacity.vn/product/dau-gio-axe-brand-10ml
Viên nén bao phim Lipanthyl supra 160mg điều trị rối loạn mỡ máu (3 vỉ x 10 viên);376400;Fenofibrat 160mg;Abbott;Hộp;https://www.pharmacity.vn/product/lipanthyl-supra-160mg-hop-3-vi-x-10-vien
Hỗn dịch uống Varogel trị viêm loét dạ dày tá tràng, trào ngược dạ dày thực quản (20 gói x 10ml);2800;Aluminium 4.596g, Magnesium 2.668g, Simethicon 266mg;Shin Poong Daewoo VN;Gói;https://www.pharmacity.vn/product/thuoc-tri-loet-da-day-ta-trang-varogel-10ml-x-20-goi
Siro Theralene syrup 90ml;34000;Alimemazin 45mg/90ml;Sanofi Others;Chai;https://www.pharmacity.vn/product/siro-dieu-tri-mat-ngu-va-cac-trieu-chung-di-ung-theralene-90ml
Viên nén Vitamin B6 250mg điều trị chứng thiếu vitamin B6 (10 vỉ x 10 viên);46000;Vitamin B6 250mg;Mekophar;Hộp;https://www.pharmacity.vn/product/thuoc-dieu-tri-thieu-vitamin-b6-thieu-mau-di-truyen-vitamin-b6-250mg-10-vi-x-10-vienhop
Viên nén Tegretol 200mg điều trị động kinh (5 vỉ x 10 viên);90000;Carbamazepine 200mg;Novartis;Hộp;https://www.pharmacity.vn/product/thuoc-dieu-tri-benh-than-kinh-tegretol-tab-200mg
Viên nén Co-Diovan 80mg/12.5mg điều trị tăng huyết áp (2 vỉ x 14 viên);284990;Valsartan 80mg, Hydrochlorothiazid 12.5mg;Novartis;Hộp;https://www.pharmacity.vn/product/thuoc-dieu-tri-tang-huyet-ap-co-diovan-80mg125mg
Thuốc nhỏ mắt Combigan điều trị bệnh Glaucoma, tăng nhãn áp (chai 5ml);220000;Brimonidin 2mg/ml, Timolol 5mg/ml;Allergan;Hộp;https://www.pharmacity.vn/product/thuoc-nho-mat-combigan-5ml
Thuốc nhỏ mắt Lumigan 0.01% điều trị bệnh Glaucoma, tăng nhãn áp (chai 3ml);273700;Bimatoprost 0.03%w/w;Allergan;Hộp;https://www.pharmacity.vn/product/lumigan-001-hop-1-lo-chua-3ml
Motilium-M 10Mg Tabs. (10 vỉ x 10 viên) – Giảm buồn nôn, khó tiêu hiệu quả;227000;Domperidon 10mg;Johnson & Johnson;Hộp;https://www.pharmacity.vn/product/thuoc-chong-non-day-hoi-motilium-m-10mg-100-vienhop
Viên nang Acnotin 10mg điều trị các dạng mụn trứng cá nặng (3 vỉ x 10 viên);284500;Isotretinoin 10mg;Mega Lifesciences;Hộp;https://www.pharmacity.vn/product/thuoc-dieu-tri-mun-trung-ca-acnotin-10-10mg
Viên nén Co-Aprovel 300mg/12,5mg điều trị tăng huyết áp (2 vỉ X 14 viên);449000;Irbesartan 300mg, Hydrochlorothiazide 12,5mg;Sanofi GEM;Hộp;https://www.pharmacity.vn/product/thuoc-dieu-tri-tim-mach-co-aprovel-300125mg
Viên nén Arimidex 1mg điều trị ung thư vú (2 vỉ x 14 viên);2049000;Anastrozole 1mg;AstraZeneca;Hộp;https://www.pharmacity.vn/product/thuoc-dieu-tri-ung-thu-vu-arimidex-tab-1mg
Viên nén Glucobay 100mg điều trị đái tháo đường không phụ thuộc insulin (type 2) (10 vỉ x 10 viên);479000;Acarbos 100mg;Bayer (Others);Hộp;https://www.pharmacity.vn/product/thuoc-phong-ngua-khoi-phat-dai-thao-duong-type-2-glucobay-100mg-10-vi-x-10-vienhop
Viên nén Avelox 400mg điều trị nhiễm khuẩn (1 vỉ x 5 viên);298000;Moxifloxacin 400mg;Bayer (Others);Hộp;https://www.pharmacity.vn/product/thuoc-dieu-tri-viem-phoi-nhiem-khuan-vung-tieu-avelox-400mg
Viên nén Onglyza 5mg điều trị đái tháo đường type 2 (2 vỉ x 14 viên);502000;Saxagliptin 5mg;AstraZeneca;Hộp;https://www.pharmacity.vn/product/thuoc-tri-lieu-ho-tro-cho-che-do-an-kieng-va-luyen-tap-onglyza-tab-5mg-hop-2-vi-x-14-vien
Viên nén Januvia 50mg điều trị đái tháo đường type 2 (2 vỉ x 14 viên);497000;Sitagliptin 50mg;Merck Sharp & Dohme;Hộp;https://www.pharmacity.vn/product/oos-by-ncc-januvia-tab-50mg
Viên nén Panadol Extra Đỏ – Giảm triệu chứng đau, hạ sốt (15 vỉ x 12 viên);15600;Paracetamol 500mg, Caffein 65mg;GSK OTC;Vỉ;https://www.pharmacity.vn/product/thuoc-dieu-tri-giam-cac-con-dau-ha-sot-panadol-extra-180-vien-hop
Viên nang Meteo spasmyl trị trướng bụng, rối loạn chức năng ruột (2 vỉ x 10 viên);87500;Alverin Citrat 60mg, Simethicon 300mg;Mayolyspindler;Hộp;https://www.pharmacity.vn/product/thuoc-dieu-tri-trieu-chung-cua-roi-loan-ruot-chuc-nang-meteospasmyl-2-vi-x-10-vien
Viên nang Duspatalin retard 200mg trị đau do rối loạn chức năng đường tiêu hóa (3 vỉ x 10 viên);66000;Mebeverin 200mg;Abbott;Vỉ;https://www.pharmacity.vn/product/thuoc-dieu-tri-chung-dau-bung-co-cung-co-co-that-da-day-duspatalin-retard-200mg-3-vi-x-10-vienhop
Gel Voltaren Emulgel Gel 1% giảm triệu chứng đau và viêm tại chỗ (tuýp 20g);69000;Diclofenac 1.16g;GSK OTC;Tuýp;https://www.pharmacity.vn/product/kem-dieu-tri-dau-sung-viem-gan-day-chang-khop-voltaren-emulgel-1-20g
Crila Forte (Hộp 1 chai x 20 viên nang cứng);108000;Cao khô Trinh Nữ hoàng cung 500mg;Thien Duoc;Hộp;https://www.pharmacity.vn/product/crila-forte
Thuốc xịt mũi Avamys 27.5mcg trị viêm mũi dị ứng, nghẹt mũi, sổ mũi, hắt hơi (chai 60 liều);186000;Fluticasone 27.5mcg;GSK ETC;Hộp;https://www.pharmacity.vn/product/thuoc-dieu-tri-viem-mui-di-ung-theo-mua-quanh-nam-avamys-275mcg
Viên nén Nolvadex 10mg điều trị ung thư vú (3 vỉ x 10 viên);95500;Tamoxifen 10mg;AstraZeneca;Hộp;https://www.pharmacity.vn/product/nolvadex-tab-10mg
Viên nén Betaserc 24mg điều trị chóng mặt, rối loạn tiền đình (5 vỉ x 10 viên);345000;Betahistin 24mg;Abbott;Hộp;https://www.pharmacity.vn/product/thuoc-dieu-tri-chung-chong-mat-hoa-mat-u-tai-betaserc-24mg-5-vi-x-10-vien-hop
Thuốc dùng ngoài Erythormycin và Nghệ trị mụn nhọt, trứng cá, vết thương, vết bỏng (tuýp 10g);18000;Erythromycin 0.4g, Nghệ 2g;Nam Ha;Tuýp;https://www.pharmacity.vn/product/kem-boi-da-khang-khuan-tri-mun-va-lien-seo-erythormycin-nghe-nam-ha-10g
Cao xoa Tiger Balm White trị cảm cúm, sổ mũi, nghẹt mũi, chóng mặt, say tàu xe (hộp 30g);65000;Camphor 25%, Dementholised Mint Oil 6%, Cajuput Oi 7%, Menthol 10%, Clove Oil 5%, Cassia Oil 5%, Hard Paraffin và Yellow Solf Paraffin vừa đủ. 15.3% ;Tiger balm;Hộp;https://www.pharmacity.vn/product/tiger-balm-white-30g
Miếng gạc Povidine 10% sát trùng vết thương, vết bỏng, điều trị 1 số bệnh da (hộp 10 miếng);80000;Povidon Iodin 0;Pharmedic;Hộp;https://www.pharmacity.vn/product/gac-thuoc-sat-trung-povidine-povidon-iod-10-10-mieng-x-3g-thuoc-hop
Viên nén Tadalafil 10mg Stella điều trị rối loạn cương dương (1 vỉ x 2 viên);32400;Tadalafil 10mg;STELLA;Hộp;https://www.pharmacity.vn/product/thuoc-dieu-tri-roi-loan-cuong-duong-tadalafil-10mg
Viên ngậm Bổ phế Nam Hà giảm ho, giảm đờm, đau rát họng (2 vỉ x 12 viên);30000;Bạch Linh, Cát cánh, Ma hoàng, Tỳ bà diệp, Ô mai, Cam thảo, Bán hạ, Bách bộ, Tang bạch bì, Thiên môn đông, Bạc hà diệp, Tinh dầu bạc hà;Nam Ha;Hộp;https://www.pharmacity.vn/product/thuoc-ho-bo-phe-dang-nam-ha-vien-ngam-12-vienhop
Thuốc cốm Hidrasec Infants 10mg trị tiêu chảy cấp ở trẻ trên 3 tháng và trẻ em (hộp 16 gói);89600;Racecadotril 10mg;Abbott;Hộp;https://www.pharmacity.vn/product/thuoc-bot-dieu-tri-tieu-chay-cap-tinh-o-tre-so-sinh-va-tre-em-hidrasec-10mg-16-goi-hop
Viên nén Debridat 100mg trị đau, rối loạn nhu động ruột (2 vỉ x 15 viên);100500;Trimebutin 100mg;Pfizer PBG;Hộp;https://www.pharmacity.vn/product/thuoc-dieu-tri-dau-co-lien-quan-den-duong-tieu-hoa-debridat-100mg
Dung dịch uống Duphalac trị táo bón, bệnh lý não do gan (chai 200ml);130000;Lactulose 0.667g;Abbott;Hộp;https://www.pharmacity.vn/product/duphalac-syr-200ml
Viên nén Lifezar 50mg điều trị tăng huyết áp, suy tim mạn tính (3 vỉ x 10 viên);68500;Losartan 50mg;United Pharma;Hộp;https://www.pharmacity.vn/product/thuoc-dieu-tri-tim-mach-lifezar-50mg
Viên nang Neurontin 300mg điều trị các cơn động kinh cục bộ (10 vỉ x 10 viên);1255000;Gabapentin 300mg;Viatris (Pfizer UpJohn);Hộp;https://www.pharmacity.vn/product/thuoc-dieu-tri-ho-tro-trong-dong-kinh-cuc-bo-dau-than-kinh-neurontin-300mg-10-vi-x-10-vienhop
Gel Kamistad - Gel N trị viêm, đau ở niêm mạc miệng và môi (tuýp 10g);36900;Lidocain 20mg, Chamoile 185mg, Benzalkonium Chlorid 1g/10g;STADA;Tuýp;https://www.pharmacity.vn/product/kem-dieu-tri-cac-chung-viem-dau-o-viem-mac-mieng-va-moi-kamistad-10g
Viên hoàn cứng Tottri điều trị trĩ cấp tính, trĩ nội, trĩ ngoại (15 túi x 5g);143000;Đảng Sâm 0,7g, Trần Bì 0,4g, Hoàng Kỳ 0,7g, Thăng Ma 0,4g, Sài Hồ 0,4g, Đương Qui 0,4g, Cam Thảo 0,2g, Bạch Truật 0,4g, Liên Nhục 0,4g, Ý Dĩ 0,4g;Traphaco;Hộp;https://www.pharmacity.vn/product/thuoc-dieu-tri-cac-truong-hop-tri-cap-tinh-tottri-15-tui-x-5ghop
Kedermfa 5g ( Hộp 1 tube);10000;Ketoconazole 2g, Neomycin sulfate 0.5g, Mo tran 5g;QM.Mediphar;Tuýp;https://www.pharmacity.vn/product/thuoc-dieu-tri-benh-da-lieu-kedermfa
Viên nang Imodium 2mg Janssen điều trị triệu chứng tiêu chảy cấp (25 vỉ x 4 viên);11200;Loperamid 2mg;Johnson & Johnson;Vỉ;https://www.pharmacity.vn/product/thuoc-dieu-tri-tieu-chay-imodium-2mg-25-vi-x-4-vien-hop
Enervon (10 Vỉ x 10 viên) - Bổ sung Vitamin, tăng sức đề kháng;22950;Vitamin B5 20mg, Vitamin B6 5mg, Vitamin B12 5mcg, Vitamin B2 20mg, Vitamin C 500mg, Vitamin B1 50mg, Vitamin B3 50mg;Enervon;Vỉ;https://www.pharmacity.vn/product/thuoc-dieu-tri-thieu-hut-vitamin-c-b-tang-cuong-suc-de-khang-cho-co-the-enervon-100-vien-hop
Viên nén Sucralfate 1g trị viêm loét dạ dày, tá tràng (2 vỉ x 10 viên);10800;Sucralfat 1g;Vidipha;Vỉ;https://www.pharmacity.vn/product/thuoc-dieu-loet-da-day-ta-trang-sucralfate-2-vi-x-10-vien-hop
Thuốc bột Nabifar vệ sinh phụ nữ, khử mùi hôi (hộp 10 gói);900;Natri Bicarbonat 5g;Pharmedic;Gói;https://www.pharmacity.vn/product/thuoc-ve-sinh-vung-kin-phu-nu-khu-mui-hoi-nabifar-10-goi-x-5g-hop
Thuốc dùng ngoài Silkeron trị nhiễm khuẩn, nhiễm nấm, viêm da (tuýp 10g);15000;Betamethasone 0.64mg, Clotrimazole 10mg, Gentamicin 1mg;Phil Inter Pharma;Tuýp;https://www.pharmacity.vn/product/kem-tri-cac-chung-viem-da-silkeron-creme-10g
Viên nén Spirastad 3 M.IU điều trị nhiễm khuẩn đường răng miệng (2 vỉ x 5 viên);51900;Spiramycin 3.000.000IU;STELLA;Hộp;https://www.pharmacity.vn/product/oos-by-ncc-spirastad-3-miu
Thuốc nhỏ mắt Eyelight vita cung cấp độ ẩm và dưỡng chất cho mắt, ngừa các bệnh về mắt (chai 10ml);24800;Thiamine 5mg, Riboflavin 0.2mg, Nicotinamide 40mg;DHG Pharma;Hộp;https://www.pharmacity.vn/product/eyelight-vita-hop-1-chai-10ml
Viên nén Lipistad 20mg Stella điều trị tăng cholesterol máu, giảm mỡ máu (3 vỉ x 10 viên);40300;Atorvastatin 20mg;STELLA;Hộp;https://www.pharmacity.vn/product/lipistad-20-hop-3-vi-x-10-vien
Dung dịch xịt khí dung Berodual MDI điều trị bệnh tắc nghẽn đường hô hấp mạn tính (hộp 200 liều);140000;Fenoterol 50mcg, Ipratropium Bromid 20mcg/10ml;Boehringer Ingelheim;Hộp;https://www.pharmacity.vn/product/thuoc-dang-xit-dieu-tri-cac-truong-hop-tac-nghen-duong-ho-hap-berodual-10ml
Bột pha uống Cefaclor 250mg Domesco kháng sinh điều trị nhiễm khuẩn (10 gói x 2g);42000;Cefaclor 250mg;Domesco;Hộp;https://www.pharmacity.vn/product/bot-pha-hon-dich-uong-dieu-tri-cac-benh-nhiem-khuan-duong-ho-hap-tiet-nieu-cefaclor-250mg-10-goi-x-2ghop
Viên nén Micardis 80mg điều trị tăng huyết áp (3 vỉ x 10 viên);469000;Telmisartan 80mg;Boehringer Ingelheim;Hộp;https://www.pharmacity.vn/product/thuoc-dieu-tri-benh-tang-huyet-ap-vo-can-micardis-80mg
Canesten 500mg ( Hộp 1 viên);128000;"Clotrimazol 
 500mg";Bayer HealthCare;Hộp;https://www.pharmacity.vn/product/thuoc-dieu-tri-viem-am-dao-canesten-1-day-therapy-1-vienhop
Polydexa (Hộp 1 lọ 10,5ml);75000;Neomycin 1g, Polymyxin B Sulfat 1MIU, Dexamethason 25mg, Phenylephrin 250mg;Bouchara;Hộp;https://www.pharmacity.vn/product/thuoc-dung-dieu-tri-mat-tai-mui-hong-polydexa
Thuốc dùng ngoài Flucort N trị dị ứng và viêm da do nhiễm trùng (tuýp 15g);15000;Neomycin 0.5%w/w, Fluocinolone acetonide 0.025%w/w;Glenmark;Tuýp;https://www.pharmacity.vn/product/kem-dieu-tri-cac-benh-viem-da-ke-ca-cac-truong-hop-viem-da-nang-flucort-n-skin-cream-15g
Dung dịch hít Spiriva Respimat 2.5mcg trị viêm phế quản mạn, khó thở, khí phế thũng (chai 60 liều);1059000;Tiotropium bromide 18mcg;Boehringer Ingelheim;Hộp;https://www.pharmacity.vn/product/thuoc-dieu-tri-duong-ho-hap-spiriva-bottle-4ml-25mcg60dose
Hỗn dịch nhỏ mắt Pred Forte điều trị trường hợp viêm không nhiễm khuẩn mắt (chai 5ml);60000;Prednisolone 1%w/w;Allergan;Hộp;https://www.pharmacity.vn/product/pred-forte-5ml
Viên nén Verospiron 25mg điều trị tiền phẫu thuật cường aldosterone, tăng huyết áp (1 vỉ x 20 viên);66000;Spironolacton 25mg;Gedeon Richter;Hộp;https://www.pharmacity.vn/product/thuoc-dieu-tri-co-truong-do-xo-gan-phu-gan-phu-than-phu-tim-verospiron-25mg
Viên nén Aprovel 300mg điều trị tăng huyết áp (2 vỉ x 14 viên);462000;Irbesartan 300mg;Sanofi GEM;Hộp;https://www.pharmacity.vn/product/thuoc-dieu-tri-tang-huyet-ap-aprovel-300mg
Viên nang cứng Mirgy 100mg thuốc trị đau do bệnh lý thần kinh (1 vỉ x 10 viên);20800;Gabapentin 100mg;Getz Pharm;Hộp;https://www.pharmacity.vn/product/mirgy-100mg10vien
Viên nang Optipan 50mg điều trị triệu chứng thoái hóa khớp (3 vỉ x 10 viên);310000;Diacerein 50mg;Other;Hộp;https://www.pharmacity.vn/product/thuoc-dieu-tri-benh-thoai-hoa-khop-optipan-50mg-h30v
Viên nén Neo-Pyrazon điều trị viêm và giảm đau khớp, chấn thương (25 vỉ x 4 viên);169900;Diclofenac sodium 50mg;United Pharma;Hộp;https://www.pharmacity.vn/product/neo-pyrazon-25vi-x-4vien
Viên nang Silybean Comp hỗ trợ điều trị bệnh gan mãn tính, gan nhiễm mỡ, xơ gan (6 vỉ x 10 viên);36700;Vitamin B5, Vitamin B6, Vitamin PP, Vitamin B12, Vitamin B2, Vitamin B1, Cao Carduus Marianus;Korea United Pharm;Vỉ;https://www.pharmacity.vn/product/thuoc-ho-tro-trong-dieu-tri-cac-benh-gan-man-tinh-gan-nhiem-mo-xo-gan-nhiem-doc-gan-silybean-comp-6-vi-x-10-vien-hop
Viên nén Vesicare 5mg điều trị tiểu không tự chủ (3 vỉ x 10 viên);792000;Solifenacin Succinat 5mg;Astellas Ireland;Hộp;https://www.pharmacity.vn/product/thuoc-dieu-tri-trieu-chung-tieu-khong-tu-chu-vesicare-5mg-3-vi-x-10-vienhop
Viên nang Utrogestan 200mg điều trị rối loạn chức năng tử cung, phòng sảy thai (1 vỉ x 15 viên);231500;Progesteron 200mg;Besins International;Hộp;https://www.pharmacity.vn/product/utrogestan-200mg-hop-15-vien
Viên nén kháng dịch vị Depakine 200mg điều trị động kinh (chai 40 viên);112000;Sodium Clodronat 200mg;Sanofi GEM;Chai;https://www.pharmacity.vn/product/thuoc-dieu-tri-dong-kinh-hung-cam-depakine-200mg
Viên nén Obimin bổ sung vitamin và khoáng chất cho phụ nữ có thai và cho con bú (3 vỉ x 10 viên);24000;Vitamin A, B, B, B1, B2, B6, B12, Niacinamid, Calcium Pantothenat, Acid Folic, Ferrous Fumarat, Calcium Lactat pentahydrat, Đồng sulfat, Potassium Iodid;Obimin;Vỉ;https://www.pharmacity.vn/product/thuoc-bo-sung-vitamin-va-khoang-chat-cho-phu-nu-co-thai-va-cho-con-bu-obimin-3-vi-x-10-vien
Viên nén Zoloft Sertraline 50mg Pfizer điều trị triệu chứng bệnh trầm cảm (1 vỉ x 30 viên);450000;Sertralin 50mg 50mg;Viatris (Pfizer UpJohn);Hộp;https://www.pharmacity.vn/product/thuoc-dieu-tri-tram-cam-va-roi-loan-lo-au-zoloft-50mg
Viên giải phóng có kiểm soát Newbutin trị viêm loét, trào ngược dạ dày thực quản (3 vỉ x 10 viên);209400;Trimebutin 300mg;Korea United Pharm;Hộp;https://www.pharmacity.vn/product/thuoc-dieu-tri-duong-tieu-hoa-newbutin
Viên nén Coldfed trị các triệu chứng ho cảm thông thường (10 vỉ x 10 viên);3000;Paracetamol 325mg, Chlorphenamin 2mg;Pharmedic;Vỉ;https://www.pharmacity.vn/product/thuoc-giam-dau-ha-sot-coldfed-10-vi-x-10-vienhop
Viên nén Briozcal điều trị, phòng ngừa thiếu D3 và calci (3 vỉ x 10 viên);39300;Calcium 500mg, Vitamin D3 200IU;Bridge Healthcare;Vỉ;https://www.pharmacity.vn/product/thuoc-bo-sung-canxi-va-vitamin-d3-briozcal-3-vi-x-10-vienhop
Viên nén Felodipin Stella 5mg retard điều trị tăng huyết áp, đau thắt ngực (10 vỉ x 10 viên);148000;Felodipine 5mg;STELLA;Hộp;https://www.pharmacity.vn/product/thuoc-dieu-tri-tang-huyet-ap-felodipin-stada-5mg-10-vi-x-10-vienhop
Viên nén Montiget 10mg dự phòng và điều trị hen phế quản mạn tính (2 vỉ x 7 viên);79800;Montelukast 10mg;Getz Pharm;Hộp;https://www.pharmacity.vn/product/thuoc-dieu-tri-hen-suyen-man-tinh-va-giam-trieu-chung-viem-mui-di-ung-montiget-10mg-hop-2-vi-x-7-vien
Hadocort-D (Hộp 15ml);20000;Dexamethasone 0.1% w/w, Neomycin 0.5% w/w, Xylometazoline 0.05%w/w;Ha Tay;Hộp;https://www.pharmacity.vn/product/hadocort-d
Cốm pha uống Ceclor 125mg kháng sinh điều trị nhiễm khuẩn (chai 60ml);107800;Cefaclor 125mg;Menarini;Chai;https://www.pharmacity.vn/product/thuoc-dieu-tri-nhiem-trung-viem-tai-giua-viem-duong-ho-hap-ceclor-125mg60ml
Viên nén Allopurinol 300mg Domesco trị gout mãn tính, sỏi thận (chai 100 viên);129000;Allopurinol 300mg;Domesco;Lọ;https://www.pharmacity.vn/product/thuoc-dieu-tri-benh-gut-man-tinh-tang-acid-uric-huyet-thu-phat-allopurinol-300mg-100-vienlo
Thuốc mỡ tra mắt Oflovid Ophthalmic Ointment 0.3% điều trị các bệnh nhiễm khuẩn mắt (tuýp 3.5g);82000;Ofloxacin 0.3%/3ml;Santen;Tuýp;https://www.pharmacity.vn/product/thuoc-mo-tra-mat-dieu-tri-viem-giac-mac-oflovid-ophthalmic-ointment-03-35g
Yumangel (Hộp/20 gói) – Gel dạ dày chữ Y, giảm đau, ợ nóng nhanh;5250;Almagat 1g/15ml;Yuhan;Gói;https://www.pharmacity.vn/product/thuoc-dieu-tri-loet-da-day-ta-trang-viem-da-day-yumangel-20-goi-x-15mlhop
Thuốc nhỏ mắt Pataday 0.2% trị viêm kết mạc dị ứng (chai 2.6ml);136000;Olopatadine 5mg/2.5ml;Novartis;Hộp;https://www.pharmacity.vn/product/thuoc-nho-mat-phong-ngua-va-dieu-tri-benh-viem-ket-mac-di-ung-pataday-02-25ml
Viên nén Allerfar 4mg điều trị triệu chứng viêm mũi dị ứng, mày đay (10 vỉ x 20 viên);2000;Chlopheniramin 4mg;Pharmedic;Vỉ;https://www.pharmacity.vn/product/thuoc-dieu-tri-viem-mui-di-ung-va-cac-truong-hop-di-ung-ngoai-da-allerfar-4mg-10-vi-x-20-vien-hop
Viên nén Thiazifar 25mg điều trị tăng huyết áp, phù do các nguyên nhân khác nhau (10 vỉ x 10 viên);18000;Hydroclorothiazid 25mg;Pharmedic;Hộp;https://www.pharmacity.vn/product/thuoc-dieu-tri-phu-cao-huyet-ap-thiazifar-25mg-10-vi-x-10-vienhop
Gentridecme (Tuýp 10g/Hộp);15500;Betamethasone 0.64mg, Clotrimazole 10mg, Gentamicin 1mg;Phil Inter Pharma;Tuýp;https://www.pharmacity.vn/product/gentridecme
Khí dung Nitromint 8mg/g dự phòng và điều trị chứng đau thắt ngực (chai 10g);297000;Nitroglycerin 0.4mg;Egis Pharma;Chai;https://www.pharmacity.vn/product/thuoc-dieu-tri-dau-that-nguc-nitromint-xit
Carbatol-200 (H/100 viên);88000;Carbamazepine 200mg;Torrent Pharm;Hộp;https://www.pharmacity.vn/product/carbatol-200-h100vien
Viên nang Biolac trị tiêu chảy, táo bón và rối loạn tiêu hoá (10 vỉ x 10 viên);9600;Bacillus Clausii, Lactobacillus acidophilus, L-Lysin, Lactobacillus sporogenes;Biopharco;Vỉ;https://www.pharmacity.vn/product/thuoc-men-vi-sinh-song-dieu-tri-tieu-chay-va-roi-loan-tieu-hoa-biolac-500mg-100-vien-hop
Drosperin Coated Tablets B/28 (New) – Tránh thai hàng ngày, ổn định nội tiết;155000;Drospirenon, Ethinyl Estradiol;Abbott;Hộp;https://www.pharmacity.vn/product/thuoc-tranh-thai-hang-ngay-drosperin-28-vien-hop
Thuốc nhỏ mắt Ganfort điều trị bệnh Glaucoma (chai 3ml);278000;Bimatoprost 0.3mg, Timolol 5mg;Allergan;Hộp;https://www.pharmacity.vn/product/thuoc-dieu-tri-tang-nhan-ap-ganfort-3ml
Viên nén Unasyn 375mg điều trị nhiễm khuẩn (2 vỉ x 4 viên);131000;Sultamicillin 375mg;Pfizer PBG;Hộp;https://www.pharmacity.vn/product/oos-by-ncc-unasyn-tab-375mg
Viên nén Co-Diovan 160mg/ 25mg điều trị tăng huyết áp (2 vỉ x 14 viên);500000;Valsartan 160mg, Hydrochlorothiazid 25mg;Novartis;Hộp;https://www.pharmacity.vn/product/thuoc-dieu-tri-tang-huyet-ap-voi-don-tri-lieu-that-bai-co-diovan-160mg25mg-28-vienhop
Viên nén Nebilet 5mg điều trị tăng huyết áp, suy tim (1 vỉ x 14 viên);111800;Nebivolol Hydrochlorid 5mg;Menarini;Hộp;https://www.pharmacity.vn/product/thuoc-dieu-tri-tang-huyet-ap-vo-can-nebilet-5mg
Viên nhai Kremil-S United trị đau dạ dày, giảm nóng rát dạ dày, ợ nóng, ợ chua (10 vỉ x 10 viên);12000;Aluminum hydroxide 178mg, magnesium Carbonate 233mg, Simethicone 30mg;United Pharma;Vỉ;https://www.pharmacity.vn/product/thuoc-dieu-tri-dau-da-day-giam-nong-rat-day-hoi-va-o-chua-kremil-s-10-vi-x-10-vienhop
Viên nén Metformin Stella 500mg điều trị đái tháo đường type 2 (3 vỉ x 10 viên);23500;Metfomin 500mg;STELLA;Hộp;https://www.pharmacity.vn/product/thuoc-dieu-tri-benh-dai-thao-duong-typ-2-metformin-stada-500mg-3-vi-x-10-vienhop
Viên nang Gabahasan 300 mg điều trị hỗ trợ đau do viêm các dây thần kinh ngoại biên (3 vỉ x 10 viên);127900;Gabapentin 300mg;Hasan- Demarpharm;Hộp;https://www.pharmacity.vn/product/thuoc-giam-dau-than-kinh-gabahasan-300
Siro Farzincol phòng ngừa và điều trị thiếu kẽm (chai 90ml);26000;Kẽm Gluconat 10mg;Pharmedic;Chai;https://www.pharmacity.vn/product/siro-phong-ngua-va-dieu-tri-thieu-kem-farzicol-90ml
Viên nén Tinidazol 500mg - Domesco điều triị nhiễm khuẩn (1 vỉ x 4 viên);5200;Tinidazol 500mg;Domesco;Hộp;https://www.pharmacity.vn/product/thuoc-du-phong-va-dieu-tri-cac-benh-nhiem-khuan-tinidazol-500mg-1-vi-x-4-vien
Viên nang Eucalyptin hỗ trợ sát trùng đường hô hấp (10 vỉ x 10 viên);4500;Eucalyptol 100mg;Duoc pham 3/2;Vỉ;https://www.pharmacity.vn/product/thuoc-ho-tro-sat-trung-duong-ho-hap-eucalyptin-10-vi-x-10-vienhop
Viên nang Stresam điều trị các biểu hiện tâm thể của lo âu (3 vỉ x 20 viên);224000;Etifoxine chlorhydrate 50mg;Biocodex;Hộp;https://www.pharmacity.vn/product/thuoc-dieu-tri-cac-bieu-hien-dang-tam-the-cua-lo-au-stresam-3-vi-x-20-vienhop
Viên nén Cotrim 960mg điều trị nhiễm khuẩn (10 vỉ x10 viên);118000;Trimethoprim 800mg, Sulfamethoxazol  160mg;Imexpharm;Hộp;https://www.pharmacity.vn/product/thuoc-dieu-tri-nhiem-khuan-pms-cotrim-960mg-10vi-x10vien
Bột pha uống Claminat 250mg/31.25mg điều trị nhiễm khuẩn (12 gói x 1.1g);64800;Amoxicillin 250mg,  Clavulanic 31.25mg;Imexpharm;Hộp;https://www.pharmacity.vn/product/claminat-250mg3125mg-hop12goi
Thuốc bột rơ miệng Nystafar trị nấm Candida (H/10gói);1700;Nystatin 100.000IU;Pharmedic;Gói;https://www.pharmacity.vn/product/nystafar-h10goi
Hỗn dịch tiêm Mixtard 30 100IU/ml insulin trị đái tháo đường 0;90000;Insulin human(rDNA) 100IU/ml;Novo Nordisk A/S;Hộp;https://www.pharmacity.vn/product/thuoc-dieu-tri-benh-dai-thao-duong-mixtard-30-100iuml-x-10ml-r-inj
Dầu Gừng Thái Dương trị cảm cúm, sổ mũi, nghẹt mũi, chóng mặt, say tàu xe (chai 6ml);30000;Gung 3.9g,  Menthol 0.9g, Methyl salicytate 0.2, Tinh dau bac ha 0,24ml, Tinh dau Tram 0.24ml;Sao Thai Duong;Chai;https://www.pharmacity.vn/product/dau-gung-thai-duong-6-ml
Viên nén Phlebodia 600mg điều trị suy tĩnh mạch, trĩ cấp tính (2 vỉ x 15 viên);209800;Diosmin Flavonoid 600mg;InnotheraChouzy;Hộp;https://www.pharmacity.vn/product/thuoc-tro-tinh-mach-va-bao-ve-mach-mau-phlebodia-600mg
Thuốc dùng ngoài Cồn ASA Hải Dương điều trị hắc lào, nấm da (chai 20ml);3500;Acetylsalicylic Acid 1200mg, Natri 1088mg, Ethanol 70 con 70;Duoc VTYT Hai Duong;Chai;https://www.pharmacity.vn/product/con-asa-hai-duong-20mlchai
Diouf (2Vi x 14Vien);179900;Escitalopram  10mg;Davipharm;Hộp;https://www.pharmacity.vn/product/diouf-2vi-x-14vien
Dung dịch nhỏ mắt Indocollyre 0,1% chống viêm, giảm đau sau phẫu thuật (chai 5ml);73400;Indomethacin 0.1%w/w;Bausch & Lomb;Chai;https://www.pharmacity.vn/product/indocollyre-01-5ml-thuoc-nho-mat
Thuốc dùng ngoài Tyrosur phòng ngừa và điều trị nhiễm khuẩn (tuýp 5g);76000;Tyrothricin 5g;Engelhard;Tuýp;https://www.pharmacity.vn/product/kem-dieu-tri-va-phong-ngua-nhiem-khuan-vet-thuong-tyrosur-5g
Dầu nóng xoa bóp Eagle giảm đau cơ và khớp (chai 85ml);76000;Menthol 12.5%w/v, Methyl Salicylate 40.0%w/v, Camphor 12.5%w/v;Eagle;Chai;https://www.pharmacity.vn/product/dau-nong-xoa-bop-con-o-dang-lan-eagle-muscle-rub-85ml
Viên nén bao đường Nystatin 500.000IU trị nấm Candida (10 vỉ x 8 viên);90000;Nystatin 500000 IU;Vidipha;Hộp;https://www.pharmacity.vn/product/thuoc-du-phong-va-dieu-tri-nhiem-nam-candida-o-da-niem-mac-nystatin-10-vi-x-8-vienhop
Viên nén Imexofen 60mg điều trị triệu chứng viêm mũi dị ứng (3 vỉ x 10 viên);15467;Fexofenadin 60mg;Imexpharm;Vỉ;https://www.pharmacity.vn/product/thuoc-dieu-tri-trieu-chung-viem-mui-di-ung-theo-mua-imexofen-hop-3-vi-x-10-vien
Glucofast 850mg (4 vỉ x 15 viên);28200;Metformin 850mg;Mebiphar;Hộp;https://www.pharmacity.vn/product/glucofast-850mg-4vi-x-15vien
Clozapyl - 25 (10 vỉ x10 viên);270000;Clozapine 25mg;Torrent Pharm;Hộp;https://www.pharmacity.vn/product/clozapyl-25-10vi-x10vien
Viên nén Keppra 500mg điều trị động kinh (6 vỉ x 10 viên);949500;Levetiracetam 500mg;GSK ETC;Hộp;https://www.pharmacity.vn/product/thuoc-dieu-tri-dong-kinh-keppra-500mg-6-vi-x-10-vienhop
Viên nén Simvastatin Stella 20mg điều trị tăng cholesterol máu, giảm mỡ máu (3 vỉ x 10 viên);43500;Simvastatin 20mg;STELLA;Hộp;https://www.pharmacity.vn/product/thuoc-dieu-tri-tang-cholesterol-triglycerid-trong-mau-simvastatin-stada-20mg-3-vi-x-10-vienhop
Cao dán Salonpas Pain Relief Patch 7cmx10cm giảm đau vai, đau cổ, đau lưng, đau khớp (hộp 3 miếng);30000;Methyl Salicylat, l-Menthol;Salonpas;Hộp;https://www.pharmacity.vn/product/cao-dan-giam-dau-khang-viem-salonpas-pain-relief-patch-3-mienghop
Viên nén Difelene 50mg điều trị viêm và các dạng thoái hoá khớp, thấp khớp (1 vỉ x 10 viên);14000;Diclofenac 50mg;Thai Nakorn Patana;Hộp;https://www.pharmacity.vn/product/thuoc-giam-dau-dieu-tri-cac-tinh-trang-thoai-hoa-khop-thap-khop-va-viem-xuong-khop-man-tinh-difelene-50mg-10-vienhop
Betadine antiseptic 10% 30ml – Dung dịch sát khuẩn, ngừa nhiễm trùng;43000;Povidon Iodin 0;Betadine;Chai;https://www.pharmacity.vn/product/dung-dich-sat-khuan-betadine-antiseptic-10-30ml
Strepsils Throat Irritation & Cough – Viên ngậm giảm đau họng, ho (Hộp 2 vỉ x 12 viên);27500;Ambroxol 15mg;Strepsils;Vỉ;https://www.pharmacity.vn/product/viem-ngam-dieu-tri-ho-viem-hong-strepsils-throat-irritation-cough-2-x-12-vienhop
Viên nén Glimepiride Stella 2mg điều trị đái tháo đường type 2 (3 vỉ x 10 viên);44000;Glimepirid 2mg;STELLA;Hộp;https://www.pharmacity.vn/product/thuoc-ho-tro-cho-che-do-an-kieng-glimepiride-2mg
Viên nén Ciclevir 800 Glomed trị và phòng virus herpes simplex (10 vỉ x 5 viên);280000;Aciclovir 800mg;GLOMED-ABBOTT;Hộp;https://www.pharmacity.vn/product/dieu-tri-nhiem-virus-herpes-ciclevir-800-10-vi-x-5-vienhop
Viên nang L - Cystine 500 mg Domesco hỗ trợ điều trị rối loạn dưỡng tóc và móng (12 vỉ x 5 viên);202800;L-Cystine 500mg;Domesco;Hộp;https://www.pharmacity.vn/product/thuoc-dieu-tri-roi-loan-duong-toc-va-mong-l-cystine-12-vi-x-5-vienhop
Viên nén Coversyl 10mg điều trị tăng huyết áp, bệnh động mạch vành ổn định (hộp 30 viên);281000;Perindopril 10mg;Servier International;Hộp;https://www.pharmacity.vn/product/thuoc-dieu-tri-tang-huyet-ap-suy-tim-coversyl-tab-10mg-30-vienhop
Viên nén Fosamax Plus 70mg/5600IU trị loãng xương (1 vỉ x 4 viên);460000;Alendronate Sodium 70mg, Vitamin D3 5600IU;Merck Sharp & Dohme;Hộp;https://www.pharmacity.vn/product/thuoc-dieu-tri-loang-xuong-fosamax-plus-tab-70mg5600iu-hop-4-vien
Viên nén Alpha Choay – Điều trị phù nề sau chấn thương, phẫu thuật, bỏng (2 vỉ x 15 viên);72000;Alphachymotrypsin 4200UI;Sanofi GEM;Hộp;https://www.pharmacity.vn/product/alpha-choay-4200iu
Viên nén Bilaxten 20mg điều trị triệu chứng viêm mũi dị ứng, mày đay (1 vỉ x 10 viên);96000;"Bilastin
 20mg";Menarini;Hộp;https://www.pharmacity.vn/product/thuoc-khang-di-ung-bilaxten-20mg-1-vi-x-10-vien
Cao dán Salonpas (10 H.nhỏx 20 miếng) - Giảm đau nhanh, kháng viêm tại chỗ;29000;Methyl Salicylat 6.29%, L-menthol l 5.71%, Dl-camphor 1.24%, Tocopherol  2%;Salonpas;Hộp;https://www.pharmacity.vn/product/cao-dan-salonpas-2-bao-x-10-mieng-hop
Haloperidol 2mg Danapha (Lọ 200 viên);38000;Haloperidol 2mg;Danapha;Lọ;https://www.pharmacity.vn/product/haloperidol-2mg-danapha-lo-200-vien
Viên nén Zapnex 10mg điều trị bệnh tâm thần phân liệt (3 vỉ x 10 viên);24000;Olanzapin 10mg;Davipharm;Hộp;https://www.pharmacity.vn/product/thuoc-dieu-tri-tam-than-phan-liet-cac-loan-than-khac-zapnex-10mg-3-vi-x-10-vien
Viên nang Vectrine 300mg trị các bệnh đường hô hấp có tăng tiết đàm nhiều (2 vỉ x 10 viên);106000;Erdostein 300mg;Dexa Medica;Hộp;https://www.pharmacity.vn/product/vectrine-300mg-2-vi-x-10-vienhop
Viên nén Augbidil 875mg/125mg điều trị nhiễm khuẩn (2 vỉ x 7 viên);123600;Amoxicilin 875mg, Acid Clavulanic 125mg;BIDIPHAR;Hộp;https://www.pharmacity.vn/product/augbidil-1g-hop-2-vi-x-7-vien
Viên nén Lipcor 50mg DHG điều trị tăng huyết áp (3 vỉ x 10 viên);75000;Losartan 50mg;DHG Pharma;Hộp;https://www.pharmacity.vn/product/losartan-50-hop-3-vi-x-10-vien
Viên nén bao phim Hasanbest 2.5mg /500 mg điều trị bệnh đái tháo đường type 2 (2 vỉ x 15 viên);41000;Metfomin 500mg, Glibenclamid 2.5mg;Hasan- Demarpharm;Hộp;https://www.pharmacity.vn/product/hasanbest-50025-2-vi-x-15-vienhop
Thuốc dùng ngoài Rocimus 0.1%w/w điều trị viêm da cơ địa (tuýp 10g);325000;Tacrolimus 0.1%w/w;Mega Lifesciences;Tuýp;https://www.pharmacity.vn/product/rocimus-01ww-tuyp-10g
Viên nang Leolen Forte điều trị bệnh lý đau dây thần kinh nguyên nhân nhác nhau (3 vỉ x 10 viên);96900;Cytidine-5'-disodium Monophosphat 5mg 5mg, Uridine-5'-trisodium Triphosphat 3mg 3mg;OPC;Hộp;https://www.pharmacity.vn/product/leolen-forte-3-vi-x-10-vienhop
Coje Ho (Chai 75ml);22000;Dextromethorphan 75ml;Foripharm (TW3);Chai;https://www.pharmacity.vn/product/siro-tri-ho-coje-chai-75ml
B-Coenzyme (Hộp 10 vỉ x 10 viên);519000;Vitamin B1 15mg, Vitamin B2 15mg, Vitamin B5 25mg, Vitamin B6 10mg, PP 50mg;TVPharma;Hộp;https://www.pharmacity.vn/product/thuoc-phong-va-dieu-tri-cac-benh-thieu-vitamin-nhom-b-b-coenzyme-10-vi-x-10-vienhop
Viên nén phân tán Chymodk 8,4mg phù nề sau chấn thương, phẫu thuật, bỏng (2 vỉ x 10 viên);41000;Alphachymotrypsin 8.4mg;Alphachymotrypsin;Hộp;https://www.pharmacity.vn/product/chymodk-2-vi-x-10-vienhop
Viên bao tan ở ruột Aspirin 81mg Agimexpharm dự phòng nhồi máu cơ tim, đột quỵ (20 vỉ x 10 viên);28400;Aspirin 81mg;AGIPHARM;Hộp;https://www.pharmacity.vn/product/thuoc-phong-ngua-nguyen-phat-va-du-phong-thu-phat-nhoi-mau-co-tim-dot-quy-aspirin-81mg-20-vi-x-10-vien-hop
Viên nén Natrixam 1.5mg/10mg điều trị tăng huyết áp (6 vỉ x 5 viên);193000;Indapamid 1.5mg, Amlodipin 10mg;Servier International;Hộp;https://www.pharmacity.vn/product/natrixam-15mg10mg-6-vi-x-5-vienhop
Viên nén Exforge HCT 10mg/160mg/12.5mg điều trị tăng huyết áp (4 vỉ x 7 viên);519800;"Amlodipin 10mg, Valsartan 160mg, Hydrochlorothiazid
 12.5mg";Novartis;Hộp;https://www.pharmacity.vn/product/thuoc-dieu-tri-tang-huyet-ap-vo-can-exforge-hct-10mg160mg125mg-4-vi-x-7-vienhop
Viên nén Citalopram 20mg STELLA điều trị bệnh trầm cảm, rối loạn hoảng loạn (3 vỉ x 10 viên);88000;Citalopram 20mg;STELLA;Hộp;https://www.pharmacity.vn/product/thuoc-dieu-tri-benh-tram-cam-citalopram-20mg-3-vi-x-10-vienhop
Viên nén Hyzaar 50mg/12,5mg điều trị tăng huyết áp (2 vỉ x 14 viên);278800;Losartan 50mg, Hydroclorothiazid 12.5mg;Merck Sharp & Dohme;Hộp;https://www.pharmacity.vn/product/thuoc-dieu-tri-tang-huyet-ap-hyzaar-tab-50125mg-2-vi-x-14-vienhop
Copedina 75mg  (2 vỉ x 14 viên/hộp);322000;Clopidogrel 75mg;Adamed Pharma;Hộp;https://www.pharmacity.vn/product/thuoc-du-phong-cac-bien-co-tac-nghen-mach-copedina-75mg-2-vi-x-14-vienhop
Viên nén Sympal 25mg trị đau cơ hoặc đau khớp, đau bụng kinh, đau răng (2 vỉ x 10 viên);114000;Dexketoprofen 25mg;Menarini;Hộp;https://www.pharmacity.vn/product/thuoc-giam-dau-sympal-tab-25mg-2-vi-x-10-vienhop
Viên nén Hapacol 325mg giảm đau, hạ sốt (chai 100 viên);26800;Paracetamol 325mg;DHG Pharma;Chai;https://www.pharmacity.vn/product/hapacol-325-hop-1-chai-x-100-vien
Viên nén Rupafin 10mg điều trị triệu chứng viêm mũi dị ứng, mày đay (1 vỉ x 10 viên);66000;Rupatadin 10mg;J.Uriach & Cía;Hộp;https://www.pharmacity.vn/product/rupafin-10-mg-hop-1-vi-x-10-vien
Hỗn dịch uống Yumangel F trị viêm loét dạ dày tá tràng, trào ngược dạ dày thực quản (20 gói x 15ml);6300;Almagat 1.5g/15ml;Yuhan;Gói;https://www.pharmacity.vn/product/thuoc-dieu-tri-loet-da-day-ta-trang-viem-da-day-yumangel-f-20-goi-x-15ml-hop
Viên nén Singulair 10mg dự phòng và điều trị hen phế quản mạn tính (2 vỉ x 14 viên);380000;Montelukast 10mg;Singulair;Hộp;https://www.pharmacity.vn/product/singulair-10mg-hop-2-vi-x-14-vien
Viên nén Glotadol 650mg điều trị các triệu chứng đau đầu và sốt (chai 200 viên);130000;Paracetamol 650mg;GLOMED-ABBOTT;Chai;https://www.pharmacity.vn/product/thuoc-ha-sot-giam-dau-glotadol-650mg-chai-200-vien
Viên nén Natrixam 1.5mg/5mg điều trị tăng huyết áp (6 vỉ x 5 viên);193000;Indapamid 1.5mg, Amlodipin 5mg;Servier International;Hộp;https://www.pharmacity.vn/product/natrixam-15mg5mg-6-vi-x-5-vienhop
Viên nén Mebaal 1500mcg điều trị các bệnh lý thần kinh ngoại biên (3 vỉ x 10 viên);118500;Methylcobalamin 1500mcg;Mega Lifesciences;Hộp;https://www.pharmacity.vn/product/mebaal-1500mcg-hop-3-vi-x-10-vien
Viên bao tan ở ruột Rabicad 20mg điều trị viêm loét dạ dày, tá tràng (1 vỉ x 10 viên);915000;Rabeprazol 20mg;Cadila Healthcare- India;Hộp lớn;https://www.pharmacity.vn/product/rabicad-20mg-1-vi-x-10-vienhop
Thuốc dùng ngoài Sovalimus 0.1% điều trị viêm da cơ địa từ vừa đến nặng (tuýp 10g);265000;Tacrolimus 0.1%w/w;Hadiphar;Tuýp;https://www.pharmacity.vn/product/sovallimus-01-tuyp-10g
Dourso 200mg (Hộp 3 vỉ x 10 viên);315000;Acid Ursodeoxycholic 200mg;Domesco;Hộp;https://www.pharmacity.vn/product/dourso-200mg-3-vi-x-10-vienhop
Viên nang Timmak 3mg điều trị triệu chứng đau nửa đầu, chóng mặt, mệt mỏi kéo dài (6 vỉ x 10 viên);170000;Dihydroergotamin Mesylat 3mg;SPM;Hộp;https://www.pharmacity.vn/product/timmak-3mg-6-vi-x-10-vienhop
Viên nang Lincomycin 500mg VDP điều trị nhiễm khuẩn (10 vỉ x 10 viên);119000;Lincomycin 500mg;Vidipha;Hộp;https://www.pharmacity.vn/product/thuoc-dieu-tri-nhiem-khuan-nang-lincomycin-500mg-10vi-x-10-vien
Viên nén Agitritine 200mg trị hội chứng ruột kích thích, co thắt dạ dày ruột (5 vỉ x 10 viên);68000;Trimebutin 200mg;AGIPHARM;Hộp;https://www.pharmacity.vn/product/agitritine-200-hop-5-vi-x-10-vien
Viên nén Aescin 20mg trị thiểu năng tĩnh mạch mãn tính, giãn tĩnh mạch chân, trĩ (3 vỉ x 30 viên);189000;Aescin 20mg;Teva Pharmaceutial Work Company Pvt;Hộp;https://www.pharmacity.vn/product/aescin-20mg-hop-3-vi-x-30-vien
Viên bao tan ở ruột Pantagi 40mg viêm thực quản trào ngược (3 vỉ x 10 viên);54000;Pantoprazol 40mg;AGIPHARM;Hộp;https://www.pharmacity.vn/product/pantagi-40mg-3-vi-x-10-vienhop
Viên đặt âm đạo Cristan 100mg trị bệnh lý liên quan tới nhiễm nấm candida âm đạo (1 vỉ x 6 viên);14500;Clotrimazol 100mg;Shin Poong Daewoo VN;Hộp;https://www.pharmacity.vn/product/vien-dat-am-dao-shinpoong-cristan-1-vi-x-6-vienhop
Viên nang mềm dạng vi hạt Loreze Clearcap 10mg  điều trị triệu chứng viêm mũi dị ứng, mày đay, (5 vỉ x 10 viên);40000;Loratadin Micronized 10mg;Mega Lifesciences;Vỉ;https://www.pharmacity.vn/product/thuoc-dieu-tri-viem-mui-di-ung-me-day-man-tinh-loreze-10mg-5-vi-x-10-vienhop
Viên nén Glumerif 4mg điều trị đái tháo đường không phụ thuộc insulin (type 2) (3 vỉ x 10 viên);88400;Glimepirid 4mg;DHG Pharma;Hộp;https://www.pharmacity.vn/product/glumerif-4-hop-3-vi-x-10-vien
Avarino 300mg Mega Wecare điều trị rối loạn tiêu hoá (5 vỉ x 10 viên);120000;Simethicon 300mg, Alverin Citrat 60mg 60mg;Mega Lifesciences;Hộp;https://www.pharmacity.vn/product/avarino-300mg-mega-wecare-dieu-tri-roi-loan-tieu-hoa-5-vi-x-10-vien
Dung dịch uống A.TzinC 10mg bổ sung kẽm, tăng cường sức đề kháng (30 ống x 5ml);110000;Kẽm Gluconat 5ml;An Thien;Hộp;https://www.pharmacity.vn/product/thuoc-phong-ngua-va-dieu-tri-thieu-kem-atzinc-hop-30-ong-x-10ml
Viên nén Teginol 50mg điều trị tăng huyết áp, đau thắt ngực (3 vỉ x 10 viên);24800;Atenolol 50mg;DHG Pharma;Hộp;https://www.pharmacity.vn/product/teginol-50mg-3-vi-x-10-vienhop
Thuốc nhỏ mắt Tobidex Bidiphar điều trị viêm mắt (chai 5ml);15000;Tobramycin , dexamethason 15/5mg;BIDIPHAR;Chai;https://www.pharmacity.vn/product/tobidex-155-chai-5ml
Viên nén Irbesartan Domesco 150mg điều trị tăng huyết áp (2 vỉ x 14 viên);91000;Irbesartan 150mg;Domesco;Hộp;https://www.pharmacity.vn/product/irbesartan-150mg-2-vi-x-14-vienhop
Viên nén Zinmax-Domesco 500mg kháng sinh điều trị nhiễm khuẩn (2 vỉ x 5 viên);130000;Cefuroxim 500mg;Domesco;Hộp;https://www.pharmacity.vn/product/zinmax-500mg-2-vi-x-5-vienhop
Viên giải phóng có kiểm soát Metiny 375mg kháng sinh điều trị nhiễm khuẩn (1 vỉ x 10 viên);119900;Cefaclor 375mg;Merap Group;Hộp;https://www.pharmacity.vn/product/metiny-375mg-1-vi-x-10-vienhop
Thuốc nhỏ mắt Syseye 0.3% điều trị chứng khô mắt, giảm triệu chứng kích ứng mắt (chai 10ml);31000; Hypromellose 0.3% 0.30%;Merap Group;Hộp;https://www.pharmacity.vn/product/thuoc-nho-mat-syseye-10ml
Thuốc Fluotin 20 Stella điều trị trầm cảm, rối loạn xung lực cưỡng bức ám ảnh (2 vỉ x 10 viên);40000;Fluoxetin 20mg;STELLA;Hộp;https://www.pharmacity.vn/product/fluotin-20-2-vi-x-10-vienhop
Siro A. T Ambroxol 30mg/5ml làm loãng chất nhầy (hoặc đàm), tăng thanh thải chất nhầy (chai 60ml);32000;Ambroxol (HCl) 15mg/5ml;An Thien;Hộp;https://www.pharmacity.vn/product/a-t-ambroxol-60ml-an-thien
Viên nén Dạ Dày Nhất Nhất trị viêm loét dạ dày - tá tràng, rối loạn tiêu hóa (2 vỉ x 10 viên);125000;Bán hạ 270mg, Cam thảo 630mg, Chè dây 945mg, Can khương 360mg, Hương phụ 720mg, Khương hoàng 720mg, Mộc hương 45mg, Trần bì 90mg;Nhat Nhat;Hộp;https://www.pharmacity.vn/product/thuoc-tri-viem-loet-da-day-hanh-ta-trang-da-day-nhat-nhat-2-vi-x-10-vienhop
Viên nén Pracetam 800 Stella điều trị chóng mặt, suy giảm trí nhớ (6 vỉ x 15 viên);126000;Piracetam 800mg;STELLA;Hộp;https://www.pharmacity.vn/product/thuoc-dieu-tri-chong-mat-kem-tap-trung-suy-giam-tri-nho-pracetam-800mg-6-vi-x-15-vienhop
Viên nén Fenostad 160mg điều trị rối loạn mỡ máu (3 vỉ x 10 viên);84000;Fenofibrat 160mg;STELLA;Hộp;https://www.pharmacity.vn/product/fenostad-160-hop-3-vi-x-10-vien
Viên nén Bài thạch điều trị sỏi thận, sỏi mật (hộp 45 viên);53600;Cao kho kim tien thao 90mg,  Cao kho hon hop  230mg,  Moc huong 100mg,  dai hoang  50mg.;Danapha;Lọ;https://www.pharmacity.vn/product/bai-thach-hop-1-lo-45-vien
Thuốc cốm pha hỗn dịch uống Nifin 100mg Kids - DHG kháng sinh điều trị nhiễm khuẩn (hộp 24 gói);143000;Cefpodoxim 100mg;DHG Pharma;Hộp;https://www.pharmacity.vn/product/nifin-100mg-kids-hop-24-goi
Hỗn dịch uống Stoccel P điều trị viêm dạ dày cấp và mãn tính (24 gói x 20g);3250;Aluminium Phosphat Gel 12.38g;DHG Pharma;Gói;https://www.pharmacity.vn/product/stoccel-phop-24-goi-x-20g
Viên Hoàn Lục Vị Bổ Thận Âm ù tai, di tinh, mộng tinh, hoa mắt chóng mặt, đau lưng (chai 240 viên);55000;Thục địa, Hoài sơn, Sơn thù, Mẫu đơn bì, Trạch tả, Phục linh 96mg, 48mg, 48mg, 36mg, 36mg, 36mg;OPC;Hộp;https://www.pharmacity.vn/product/hoan-luc-vi-bo-than-am-240vien
Viên nang Carflem 375mg tiêu nhầy, loãng đàm, giảm ho (3 vỉ x 10 viên);13400;Carbocystein 375mg;Pymepharco;Vỉ;https://www.pharmacity.vn/product/carflem-375mg-3-vi-x-10-vienhop
Viên nén Gensler 5mg điều trị tăng huyết áp, suy tim (10 vỉ x 10 viên);440000;Ramipril 5mg;Davipharm;Hộp;https://www.pharmacity.vn/product/gensler-5mg-hop-10-vi-x-10-vien
Viên nang Dagocti 0.5mg điều trị tăng sản lành tính tuyến tiền liệt (3 vỉ x 10 viên);225000;Dutasteride 0.5mg;Usarichpharm;Hộp;https://www.pharmacity.vn/product/dagocti-05mg-3-vi-x-10-vienhop
Dung dịch A.T Calmax 500mg bổ sung calci, ngăn ngừa còi xương, loãng xương (30 ống x 10ml);78400;Calci latat 500mg;An Thien;Hộp;https://www.pharmacity.vn/product/thuoc-dieu-tri-tinh-trang-thieu-calci-tang-nhu-cau-calci-at-calmax-500mg-30-ong-x-10mlhop
Hỗn dịch uống A.T Ibuprofen 100mg/5ml giảm đau, hạ sốt, chống viêm (30 ống x 5ml);2834;Ibuprofen 100mg/5ml;An Thien;Ống;https://www.pharmacity.vn/product/thuoc-giam-dau-ha-sot-cho-tre-em-at-ibuprofen-syrup-30-ong-x-5mlhop
Viên nang Piascledine 300mg điều trị thoái hóa khớp hông và khớp gối, viêm nha chu (1 vỉ x 15 viên);195000;Persea gratissima 100mg, Glycine 200mg;Hyphens Pharma;Hộp;https://www.pharmacity.vn/product/thuoc-dieu-tri-thoai-hoa-khop-hong-va-khop-goi-piascledine-300mg-15-vien-hop
Viên nén Vit PP 500mg điều trị bệnh pellagra (10 vỉ x 10 viên);39500;Nicotinamid 500mg;AGIPHARM;Hộp;https://www.pharmacity.vn/product/vit-pp-500mg-hop-10-vi-x-10-vien
Viên nén Pyzacar 50mg điều trị tăng huyết áp (2 vỉ x 15 viên);82000;Losartan 50mg;Pymepharco;Hộp;https://www.pharmacity.vn/product/pyzacar-50mg-2-vi-x-15-vienhop
Viên nén Materazzi 50mg điều trị co thắt và tình trạng co cứng cơ (10 vỉ x 10 viên);110000;Eperison HCl 50mg;Davipharm;Hộp;https://www.pharmacity.vn/product/thuoc-dieu-tri-co-that-va-tinh-trang-co-cung-co-materazzi-50mg-10-vi-x-10-vien-hop
Viên nén Nerazzu 50mg điều trị tăng huyết áp (3 vỉ x 10 viên);35000;Losartan kali 50mg;Davipharm;Hộp;https://www.pharmacity.vn/product/nerazzu-50mg-3-vi-x-10-vienhop
Viên nén Cebastin 10mg trị viêm mũi dị ứng, mày đay (3 vỉ x 10 viên);135000;Ebastin 10mg 10mg;Duoc pham 3/2;Hộp;https://www.pharmacity.vn/product/cebastin-10mg-hop-3-vi-x-10-vien
Viên nén bao đường Nhiet mieng PV 533mg điều trị viêm loét miệng lưỡi (5 vỉ x 10 viên);75000;Hoàng bá, hoàng cầm, bạch thược, hoàng tiền, thạch cao 533mg;Duoc Phuc Vinh;Hộp;https://www.pharmacity.vn/product/thuoc-dieu-tri-viem-mieng-luoi-nhiet-mieng-pv-533mg-5vi-x-10-vien-hop
Viên nén Zlatko 100mg điều trị đái tháo đường type 2 (3 vỉ x 10 viên);279000;Sitagliptin 100mg;Davipharm;Hộp;https://www.pharmacity.vn/product/zlatko-100mg-3-vi-x-10-vienhop
Dung dịch uống Stimol hỗ trợ điều trị suy nhược chức năng (chai 18 gói);9167;Citrullin malat 1g;Biocodex;Gói;https://www.pharmacity.vn/product/thuoc-dieu-tri-met-moi-suy-nhuoc-co-the-stimol-hop-18-goi-x-10ml
Dung dịch uống Ferlatum 800mg bổ sung sắt, bổ máu (10 chai x 15ml);200000;Sắt protein succinylat 800mg;Italfarmaco S.A;Hộp;https://www.pharmacity.vn/product/ferlatum-hop-10-lo
Thuốc bột uống G5 Enfankast 4mg dự phòng và điều trị hen phế quản mạn tính (hộp 30 gói);150000;Montelukast 4mg 4mg;Ha Tay;Hộp;https://www.pharmacity.vn/product/thuoc-dieu-tri-hen-phe-quan-man-tinh-viem-mui-di-ung-g5-enfankast-30-goi-hop
Viên nén phân tán Vigentin 500mg/62,5mg DT điều trị nhiễm khuẩn (2 vỉ x 7 viên);110600;Amoxicillin 500mg, Acid Clavulanic 62.5mg;Pharbaco (TW1);Hộp;https://www.pharmacity.vn/product/thuoc-dieu-tri-nhiem-khuan-vigentin-500-62-5mg-dt-2-vi-x-7-vien-hop
Thuốc dùng ngoài Gensonmax 10g trị các bệnh ngoài da, nhiễm trùng do nấm, vi khuẩn (tuýp 10g);13990;Betamethason dipropionat,  Clotrimazol, Gentamicin sulfat;Công ty cổ phần Dược phẩm Quảng Bình;Hộp;https://www.pharmacity.vn/product/gensonmax-hop-1-tuyp-10g
Viên nang Dofluzol 5mg điều trị phòng ngừa cơn đau nữa đầu (10 vỉ x 10 viên);122000;Flunarizin 5mg;Domesco;Hộp;https://www.pharmacity.vn/product/thuoc-than-kinh-dofluzol-5mg-10-vi-x-10-vien
Viên nén bao phim Savi Quetiapine 200mg điều trị tâm thần phân liệt (3 vỉ x 10 viên);375000;Quetiapin 200mg;Savi;Hộp;https://www.pharmacity.vn/product/thuoc-dieu-tri-tam-than-phan-liet-savi-quetiapine-200mg-3-vi-x-10-vienhop
Dexamoxi (Hộp 1 lọ 2ml);52000;Moxifloxacin 5mg,  Dexamethason 1mg;Công ty cổ phần Dược phẩm CPC1 Hà Nội;Ống;https://www.pharmacity.vn/product/thuoc-mattaimui-dexamoxi-2ml-hop-1-lo
Dung dịch uống Eucol 1.25mg/5ml trị viêm mũi dị ứng, mày đay, ngứa (4 vỉ x 5 ống);5400;Desloratadin 1,25mg/5ml;DP Trung uong CPC1;Ống;https://www.pharmacity.vn/product/thuoc-dieu-tri-viem-mui-di-ung-va-me-day-eucol-1-25mg-5ml-4-vi-x-5-ong-hop
Viên nang mềm Regatonic hỗ trợ điều trị bệnh lý về mắt (6 vỉ x 10 viên);387000;Hỗn dịch L-citrullin 10mg, Vitamin A 2500IU, Vitamin E 25mg;Phil Inter Pharma;Hộp;https://www.pharmacity.vn/product/thuoc-dieu-tri-mot-so-benh-ly-ve-mat-regatonic-6-vi-x-10-vienhop
Viên nén Devomir 25mg điều trị chóng mặt, đau nữa đầu, say tàu xe (3 vỉ x 10 viên);4000;Cinnarizin 25mg;SPM;Vỉ;https://www.pharmacity.vn/product/thuoc-phong-ngua-va-dieu-tri-dau-nua-dau-chong-mat-buon-non-say-tau-xe-devomir-25mg-3-vi-x-10-vienhop
Viên nén Mypara 500mg điều trị các chứng đau và sốt từ nhẹ đến vừa (10 vỉ x 10 viên);6400;Paracetamol 500mg;SPM;Vỉ;https://www.pharmacity.vn/product/my-para-500mg-hop-10-vi-x-10-vien
Viên nang Terpinzoat 100mg/50mg trị ho, long đờm trong viêm phế quản cấp, mãn tính (10 vỉ x 10 viên);8000;Terpin Hydrat 100mg, Natri Benzoat 50mg;TVPharma;Vỉ;https://www.pharmacity.vn/product/thuoc-dieu-tri-ho-long-dom-trong-cac-truong-hop-viem-phe-quan-cap-va-man-tinh-terpinzoat-10-vi-x-10-vienhop
Medisalone 4mg (3 Vỉx10Viên) - Kháng viêm, giảm dị ứng mạnh;50200;Methyl Prednisolon 4mg;SPM;Hộp;https://www.pharmacity.vn/product/thuoc-chong-viem-va-giam-mien-dich-medisolone-4mg-3-vi-x-10-vienhop
Hỗn dịch nhỏ mắt Azarga 10mg/ml + 5mg/ml làm giảm nhãn áp (chai 5ml);320500;Brinzolamide 10mg/ml,  Timolol (dưới dạngTimolol maleate)  5mg/ml;Alcon Pharmaceuticals;Hộp;https://www.pharmacity.vn/product/azarga-hop-1-chai-5ml
Thuốc nhỏ mắt Tobramycin 0.3% điều trị các bệnh nhiễm khuẩn mắt (chai 6ml);12000;Tobramycin 0.3%/5ml;Traphaco;Chai;https://www.pharmacity.vn/product/thuoc-dieu-tri-nhiem-trung-sau-phau-thuat-mat-tobramycin-03-drops-eye-chai-5ml
Thuốc dùng ngoài Betadine Ointment 10% sát trùng da bị nhiễm trùng (tuýp 40g);66500;Povidon Iodin 0;Betadine;Chai;https://www.pharmacity.vn/product/thuoc-mo-boi-ngoai-da-dung-de-sat-khuan-betadine-ointment-10-tuyp-40g
Viên nén Chitogast 60mg điều trị viêm và giảm các cơn đau cơ xương khớp (3 vỉ x 10 viên);133800;Etoricoxib 60mg;Boston;Hộp;https://www.pharmacity.vn/product/chitogast-60mg-hop-3-vi-x-10-vien
Viên nang Nufotin 20mg Danapha điều trị bệnh trầm cảm (3 vỉ x 10 viên);60000;Fluoxetin 20mg;Danapha;Hộp;https://www.pharmacity.vn/product/nufotin-20mg-3-vi-x-10-vienhop
Thuốc dùng ngoài Ketoconazol 2 % Medipharco điều trị nhiễm nấm ngoài da (tuýp 5g);6000;Ketoconazol 0,1g;Medipharco- Tenamyd;Tuýp;https://www.pharmacity.vn/product/kem-boi-da-tri-nam-o-da-va-niem-mac-ketoconazol-2-5g
Thuốc dùng ngoài Panthenol 5% điều trị các tổn thương trên da, bỏng (tuýp 20g);25800;D-Panthenol 5%/20g;Medipharco- Tenamyd;Tuýp;https://www.pharmacity.vn/product/kem-boi-da-tri-ton-thuong-da-panthenol-5-20g
Thuốc dùng ngoài Medskin Fusi 2% điều trị nhiễm trùng ngoài da (tuýp 10g);28000;Acid Fusidic 2%;DHG Pharma;Tuýp;https://www.pharmacity.vn/product/medskin-fusi-hop-1-tuyp-x-10g
Viên nén Dogarlic Trà Xanh điều trị tăng lipid máu, phòng ngừa xơ vữa động mạch (chai 100 viên);170000;Tỏi 380mg, Nghệ 30mg, Trà xanh  175mg;Domesco;Chai;https://www.pharmacity.vn/product/thuoc-ha-cholesterol-dieu-hoa-triglycerid-phong-benh-thap-khop-dogarlic-tra-xanh-chai-100-vien
Viên nang Ích Mẫu điều trị kinh nguyệt không đều, đau bụng kinh (2 vỉ x 10 viên);14950;Ích mẫu 4.2g, Hương phụ 1.312g, Ngải cứu 1050g;Traphaco;Vỉ;https://www.pharmacity.vn/product/thuoc-dieu-tri-roi-loan-kinh-nguyet-ich-mau-2-vi-x-10-vien-hop
Thuốc Dưỡng Tâm An Thần PV hỗ trợ điều trị mất ngủ, suy nhược thần kinh (chai 60 viên);50000;Saponi Lá Tam Thất, Saponi Táo Nhân, Thiêm Ma 70mg,  80mg, 150mg;Duoc Phuc Vinh;Hộp;https://www.pharmacity.vn/product/thuoc-thao-duoc-duong-tam-an-than-pv-hop-60-vien
Viên nén Hapacol Blue 500mg giảm đau, hạ sốt (10 vỉ X 10 viên);3400;Paracetamol 500 mg;DHG Pharma;Vỉ;https://www.pharmacity.vn/product/thuoc-dieu-tri-cac-chung-dau-dau-dau-nua-dau-dau-rang-hapacol-blue-500mg-hop-10-vi-x-10-vien
Viên nén Zinc 70mg phòng ngừa và điều trị kẽm (10 vỉ X 10 viên);51000;Kẽm Gluconat 70mg;DHG Pharma;Hộp;https://www.pharmacity.vn/product/thuoc-phong-ngua-dieu-tri-va-bo-sung-kem-zinc-70mg-hop-10-vi-x-10-vien
Viên nén Iboten 100mg trị đau, rối loạn tiêu hóa, hội chứng ruột kích thích (10 vỉ x10 viên);75800;Trimebutin 100mg;DHG Pharma;Hộp;https://www.pharmacity.vn/product/iboten-100-hop-10-vi-x-10-vien
Viên nén Medcaflam 25mg trị viêm, đau khớp, đau do chấn thương, đau bụng kinh (10 vỉ x 10 viên);185000;Diclofenac 25mg;Biotech VN;Hộp;https://www.pharmacity.vn/product/thuoc-giam-dau-medcaflam-25mg-10-vi-x-10-vien-hop
Daiclo 125mg (10 vỉ x 10 viên/hộp);379500;Clonixin Lysinat 125mg;Phil Inter Pharma;Hộp;https://www.pharmacity.vn/product/daiclo-125mg-10-vi-x-10-vienhop
Clorpheniramin 4mg DHG (10 vỉ x 20 viên) – Chống dị ứng, giảm sổ mũi;1700;Clorpheniramin 4mg;DHG Pharma;Vỉ;https://www.pharmacity.vn/product/clorpheniramin-4-hop-10-vi-x-20-vien
Viên nén Moloxcin 400mg điều trị nhiễm khuẩn (1 vỉ x 10 viên);190000;Moxifloxacin 400mg;DHG Pharma;Hộp;https://www.pharmacity.vn/product/moloxcin-400-hop-1-vi-x-10-vien
Thuốc cốm pha hỗn dịch uống Bactamox 625mg điều trị nhiễm khuẩn (12 gói x 1.6g);149000;Amoxicilin 500mg, Acid Clavulanic 125mg;Imexpharm;Hộp;https://www.pharmacity.vn/product/thuoc-dieu-tri-nhiem-khuan-bactamox-625-12-goi-x-1-6g-hop
Thuốc bột Mitux E 100mg điều trị đờm nhầy đường hô hấp (24 gói x 1.5g);1196;Acetylcystein 100mg;DHG Pharma;Gói;https://www.pharmacity.vn/product/thuoc-lam-loang-chat-nhay-mitux-e-acetylcystein-100mg-hop-24-goi
Viên nang Ursimex hỗ trợ cải thiện chức năng gan (6 vỉ x 10 viên);261000;Acid Ursodeoxycholic 50mg, Thiamin mononitrat 10mg, Riboflavin 5mg;Imexpharm;Hộp;https://www.pharmacity.vn/product/thuoc-dieu-tri-benh-gan-ursimex-hop-6-vi-x-10-vien
Viên hoàn cứng Phong tê thấp Bà Giằng trị các bệnh viêm khớp viêm đa khớp dạng thấp (chai 250 viên);80000;Mã tiền chế, Đương quy, Đỗ trọng, Ngưu tất 14mg, 12mg;Ba Giang;Lọ;https://www.pharmacity.vn/product/thuoc-dieu-tri-phong-te-thap-ba-giang-lo-250-vien
Viên nén Telfor 60mg trị viêm mũi dị ứng, mày đay (2 vỉ X 10 viên);13000;Fexofenadin hydroclorid 60 mg;DHG Pharma;Vỉ;https://www.pharmacity.vn/product/thuoc-dieu-tri-cac-trieu-chung-viem-mui-di-ung-noi-me-day-tu-phat-man-tinh-telfor-60mg-hop-2-vi-x-10-vien
Viên nén Telfor 180mg điều trị triệu chứng mày đay mạn tính (2 vỉ X 10 viên);28000;Fexofenadine HCl 180mg;DHG Pharma;Vỉ;https://www.pharmacity.vn/product/thuoc-dieu-tri-trieu-chung-cua-may-day-man-tinh-telfor-180mg-hop-2-vi-x-10-vien
Thuốc dùng ngoài Betacylic trị viêm da dị ứng, chàm, vảy nến, viêm thần kinh da (tuýp 15g);13000;Betamethason 7.5mg, Acid Salicylic 450mg;Mekophar;Tuýp;https://www.pharmacity.vn/product/thuoc-dieu-tri-viem-da-di-ung-man-tinh-betacylic-15g-tuyp
Viên nén Uruso 100mg điều trị sỏi mật, cải thiện chức năng gan (10 vỉ x 10 viên);678000;Acid Ursodeoxycholic 100mg 100mg;Daewoong Pharm;Hộp;https://www.pharmacity.vn/product/uruso-100mg-10-vi-x-10-vien
Viên giải phóng có kiểm soát Pentasa 500MG điều trị viêm loét đại trực tràng (10 vỉ x 10 viên);1199000;Mesalazine 500mg 500mg;Ferring Pharma;Hộp;https://www.pharmacity.vn/product/pentasa-hop-10-vi-x-10-vien
Viên nén Viacoram 7mg/5mg điều trị tăng huyết áp (chai 30 viên);273000;PERINDOPRIL 7mg,  AMLODIPINE  5mg;Servier International;Hộp;https://www.pharmacity.vn/product/viacoram-7mg5mg-hop-30-vien
Viên nang Creon 25000 bổ sung men tụy (2 vỉ x 10 viên);150000;Pancreatin  300mg;Abbott;Vỉ;https://www.pharmacity.vn/product/creon-25000-2vi-x-10vien
Bột sủi bọt Para - OPC 150mg giảm đau từ nhẹ đến vừa và hạ sốt (hộp 12 gói);1809;Paracetamol  150mg;OPC;Gói;https://www.pharmacity.vn/product/para-opc-150mg-12-goi
Thuốc dùng ngoài Contractubex 10g điều trị sẹo lồi, sẹo phì đại (tuýp 10g);164500;Dịch chiết xuất hành tây 10g,  Heparin natri 5000IU,  Allantoin 1g/100g;Merz Pharm GmbH & Co KGAA - ĐỨC;Tuýp;https://www.pharmacity.vn/product/contractubex-gel-10g
Viên nén Lampar 5mg trị nóng ruột, buồn nôn, trào ngược dạ dày (6 vỉ x 10 viên);112000;Mosapride citrate 5mg;Davipharm;Hộp;https://www.pharmacity.vn/product/thuoc-tieu-hoa-lampar-5mg-6-vi-x-10-vien
Viên nén Peruzi 12.5mg điều trị tăng huyết áp, suy tim (3 vỉ x 10 viên);50000;Carvedilol 12.5mg;Davipharm;Hộp;https://www.pharmacity.vn/product/peruzi-carvedilol-hop-3-vi-x-10-vien
Viên nang SCD Cefaclor 250mg kháng sinh điều trị nhiễm khuẩn (2 vỉ x 10 viên);199000;Cefaclor 250mg;Pymepharco;Hộp;https://www.pharmacity.vn/product/thuoc-khang-sinh-scd-cefaclor-250mg-2-vi-x-10-vien
Viên nén Usaallerz 120mg trị viêm mũi dị ứng, mày đay (10 vỉ x 10 viên);20000;Fexofenadin 120mg;Ampharco U.S.A;Vỉ;https://www.pharmacity.vn/product/usaallerz-120mg-hop-10-vi-x-10-vien
Siro Zinbebe phòng ngừa và điều trị thiếu kẽm, kém hấp thu (chai 60ml);27000;Zn Gluconat 10mg;Ha Tay;Chai;https://www.pharmacity.vn/product/zinbebe-60ml
Viên nén Naphacogyl phòng ngừa và điều trị nhiễm trùng răng miệng (2 vỉ x 10 viên);24000;Acetyl Spiramycin  100mg, Metronidazol  125mg;Nam Ha;Hộp;https://www.pharmacity.vn/product/naphacogyl-2vi-x-10vien-km
Viên nén Losartan 25mg TV điều trị tăng huyết áp (3 vỉ x 10 viên);17000;Losartan 25mg;TVPharma;Hộp;https://www.pharmacity.vn/product/thuoc-dieu-tri-tang-huyet-ap-losartan-25mg-3-vi-x-10-vienhop
Viên nén Nikoramyl 5mg phòng ngừa và điều trị cơn đau thắt ngực ổn định (3 vỉ x 10 viên);98300;Nicorandil 5mg;Ha Tay;Hộp;https://www.pharmacity.vn/product/thuoc-phong-va-dieu-tri-con-dau-that-nguc-on-dinh-nikoramyl-5mg-3-vi-x-10-vien-hop
Thuốc cốm Amiyu Granules 2,5g cung cấp acid amin trên bệnh nhân suy thận mạn tính (30 gói x 2.5g);645000;L-histidine hydrochloride hydrat,  L-isoleucine,  L-leucine,  L-lysine hydrochloride,  L-methionine,  L-phenylalanine,  L-threonine,  L-tryptophan  L-valine.;Ajinomoto;Hộp;https://www.pharmacity.vn/product/amiyu-granules-25g-hop-30goi
Viên nén Zoamco 40mg điều trị tăng cholesterol máu, giảm mỡ máu (2 vỉ x 15 viên);133000;Atorvastatin 40mg;Pymepharco;Hộp;https://www.pharmacity.vn/product/thuoc-lam-giam-cholesterol-zoamco-40mg-2-vi-x-15-vienhop
Viên nén Magrax 90mg điều trị viêm và giảm các cơn đau cơ xương khớp (10 vỉ x 10 viên);181000;Etoricoxib 90mg;Davipharm;Hộp;https://www.pharmacity.vn/product/magrax-90mg-10vi-x-10vien
Viên nang Cefatam 500mg điều trị nhiễm khuẩn (10 vỉ x 10 viên);239000;Cephalexin 500mg;Pymepharco;Hộp;https://www.pharmacity.vn/product/thuoc-khang-sinh-cefatam-500mg-10-vi-x-10-vien
Viên nén Egilok 25mg điều trị tăng huyết áp, đau thắt ngực (hộp 60 viên);114900;Metoprolol tartrate 25mg;Egis Pharma;Lọ;https://www.pharmacity.vn/product/thuoc-tim-mach-huyet-ap-egilok-25mg-60-vien
Viên nén Loxfen 60mg giảm viêm đau trong viêm khớp dạng thấp, viêm xương khớp (10 vỉ x 10 viên);13200;Loxoprofen 60mg;Daewoo;Vỉ;https://www.pharmacity.vn/product/thuoc-giam-dau-khang-viem-loxfen-60mg-10-vi-x-10-vienhop
PTU 50mg (Hộp 4 vỉ x 25 viên);57500;Propylthiouracil (PTU) 50mg;Ha Tay;Hộp;https://www.pharmacity.vn/product/thuoc-danh-cho-nu-ptu-50mg-4-vi-x-25-vien
Viên nang Ursoliv 250mg điều trị sỏi mật, cải thiện chức năng gan (5 vỉ x 10 viên);410000;Ursodeoxycholic 250mg;Mega Lifesciences;Hộp;https://www.pharmacity.vn/product/ursoliv-250-hop-5-vi-x-10-vien
Viên nang cứng Thăng Trĩ Nam Dược phòng và điều trị trĩ nội, trĩ ngoại (5 vỉ x 10 viên);120000;Hoàng kỳ 350mg, Sinh khương 30mg, Cam thảo 170mg, Đại táo 70mg, Đảng sâm 100mg, Bạch truật 100mg, Đương quy 100mg, Sai hồ 100mg, Thăng ma 100mg, Trần bì 100mg;Nam Duoc;Hộp;https://www.pharmacity.vn/product/thuoc-phong-va-dieu-tri-tri-noi-tri-ngoai-thang-tri-nam-duoc-5-vi-x-10-vienhop
Viên nang Tuần Hoàn Não Thái Dương giảm triệu chứng thiểu năng tuần hoàn não (2 vỉ x 6 viên);17500;Rễ đinh lăng, Lá bạch quả, Cao đậu tương lên men (nattokinse);Sao Thai Duong;Vỉ;https://www.pharmacity.vn/product/tuan-hoan-nao-thai-duong-2-vi-x-6-vienhop
Viên nén Uperio 200mg điều trị suy tim (4 vỉ x 7 viên);579000;Sacubitril 97,2mg, Valsartan 102,8mg;Novartis;Hộp;https://www.pharmacity.vn/product/thuoc-dieu-tri-suy-tim-uperio-200mg-4-vi-x-7-vienhop
Viên nén Zafular 200mg điều trị tăng cholesterol máu, giảm mỡ máu (5 vỉ x 10 viên);235000;Bezafibrate 200mg;Medochemie;Hộp;https://www.pharmacity.vn/product/thuoc-dieu-tri-tang-lipoprotein-mau-zafular-200mg-10-vien-x-5-vihop
Viên nén Stadxicam 7.5mg Stella điều trị viêm xương khớp, viêm khớp dạng thấp (5 vỉ x 10 viên);40000;Meloxicam 7.5mg;STELLA;Hộp;https://www.pharmacity.vn/product/thuoc-dieu-tri-viem-khop-dang-thap-viem-xuong-khop-cap-tinh-stadxicam-75mg-5-vi-x-10-vienhop
Dung dịch uống Hemopoly bổ sung sắt, bổ máu (20 ống x 5ml);340000;Sắt III (hydroxide polymaltose complex) 178,5mg/5ml;Hemopoly;Hộp;https://www.pharmacity.vn/product/dung-dich-uong-hemopoly-bo-sung-sat-bo-mau-20-ong-x-5ml
Falgankid 160 (hộp 20 ống);67000;Paracetamol 160mg/10ml;Công ty cổ phần Dược phẩm CPC1 Hà Nội;Hộp;https://www.pharmacity.vn/product/falgankid-160mg-cpc1-20ong
Viên bao tan ở ruột Pantoloc 20mg Takeda điều trị loét dạ dày, tá tràng (1 vỉ x 14 viên);217000;Pantoprazol 20mg;TAKEDA;Hộp;https://www.pharmacity.vn/product/thuoc-dieu-tri-loet-da-dayta-trang-pantoloc-20mg-takeda-14-vien-x-1-vihop
Codeforte Nam Hà (Hộp 2 vỉ x 10 viên);22700;Codein phosphat 10mg, Clorpheniramin maleat 2mg, Guaifenesin 50mg;Nam Ha;Vỉ;https://www.pharmacity.vn/product/thuoc-dieu-tri-ho-khan-hoac-kich-ung-cho-benh-nhan-tren-12-tuoi-codeforte-nam-ha-2vi-x-10vien
Viên nang Fellaini 25mg Medisun điều trị bệnh vảy nến, vảy cá (3 vỉ x 10 viên);689000;Acitretin 25mg;Medisun;Hộp;https://www.pharmacity.vn/product/vien-nang-fellaini-25mg-medisun-dieu-tri-benh-vay-nen-vay-ca-3-vi-x-10-vien
Thuốc dùng ngoài Potriolac 15g Dopharma trị bệnh vảy nến thông thường (tuýp 15g);190000;Calcipotriol 0,75mg, Betamethasone 7,5mg;Dopharma;Tuýp;https://www.pharmacity.vn/product/thuoc-dieu-tri-vay-nen-potriolac-gel-tuyp-15g
Viên nén Bổ gan tiêu độc Livsin-94 Hà Tây hạ men gan, tăng cường chức năng gan (5 vỉ x 20 viên);40000;Diệp hạ châu 1500mg, Chua ngút  250mg, Cỏ nhọ nồi  250mg;Ha Tay;Vỉ;https://www.pharmacity.vn/product/thuoc-phuc-hoi-va-bao-ve-chuc-nang-gan-bo-gan-tieu-doc-livsin-94-5-vi-x-20-vienhop
Curam 1000mg (10 vỉ x 8 viên) – Kháng sinh mạnh, trị nhiễm khuẩn;708500;Amoxicillin 875mg, Acid Clavulanic 125mg;Sandoz;Hộp;https://www.pharmacity.vn/product/thuoc-dieu-tri-nhiem-trung-duong-ho-hap-curam-1000mg-lek-pharmaceuticals-80-vienhop
Viên nén Cefixim 200mg kháng sinh điều trị nhiễm khuẩn (2 vỉ x 10 viên);40000;Cefixim 200mg;Pharimexco;Hộp;https://www.pharmacity.vn/product/cefixim-200mg-cuu-long-2vi-x-10vien
Viên nén Troysar AM Troikaa điều trị tăng huyết áp, đau thắt ngực (10 vỉ x 10 viên);565000;Losartan 50mg, Amlodipin 5mg;Troikka;Hộp;https://www.pharmacity.vn/product/thuoc-dieu-tri-tang-huyet-ap-troysar-am-10-vi-x-10-vien-hop
Dung dịch Đái dầm Đức Thịnh điều trị bệnh đái dầm, đái không tự chủ (chai 200ml);100000;Đảng sâm, Đương quy, Phục linh, Quy bản, Camthảo, Tang phiêu tiêu, Viễn chí, Đường trắng, Natri Benzoat, Nước uống được;Đức Thịnh;Chai;https://www.pharmacity.vn/product/thuoc-tri-dai-dam-duc-thinh-chai-200ml
Siro Abrocto 15mg/5ml tiêu nhầy, loãng đàm, giảm ho (20 ống x 10ml);149500;Ambroxol HCl 15mg/5ml;Công ty Cổ phần Dược Hà Tĩnh;Hộp;https://www.pharmacity.vn/product/abrocto-20ong-x-10ml
Viên nén Tovecor Plus 5mg/1,25mg TW2 điều trị tăng huyết áp (3 vỉ x 10 viên);130000;Perindopril arginin 5mg, Indapamid 1.25mg;Codupha (TW2);Hộp;https://www.pharmacity.vn/product/thuoc-dieu-tri-tang-huyet-ap-tovecor-plus-3-vi-x-10-vienhop
Thuốc dùng ngoài Apisolvat trị vảy nến, viêm da, chàm, dị ứng, ngứa (tuýp 10g);28000;Clobetasol propionat 0.05%w/w;Apimed;Tuýp;https://www.pharmacity.vn/product/thuoc-dieu-tri-viem-da-apisolvat-tuyp-10g
Viên nén Maxxprolol 2,5mg Ampharco điều trị tăng huyết áp, đau thắt ngực, suy tim (10 vỉ x 10 viên);125000;Bisoprolol fumarat 2.5mg;Ampharco U.S.A;Hộp;https://www.pharmacity.vn/product/maxxprolol-25-hop-10-vi-x-10-vien
Viên nén Rosina 3mg/0,03mg Gedeon thuốc tránh thai hàng ngày (1 vỉ x 21 viên);128031;Drospirenone, Ethinylestradiol;Gedeon Richter;Hộp;https://www.pharmacity.vn/product/thuoc-tranh-thai-hang-ngay-rosina-3mg003mg-gedeon-21-vien-x-1-vihop
Viên nén Hepatymo 300mg trị viêm gan B mạn tính (3 vỉ x 10 viên);111000;Tenofovir Disoproxil Fumarat 300mg;Meyer-BPC;Hộp;https://www.pharmacity.vn/product/thuoc-dieu-tri-nhiem-hiv-tuyp-1-hepatymo-300mg-3-vi-x-10-vienhop
Viên nhai Siloxogene làm giảm triệu chứng rối loạn tiêu hóa do tăng acid dạ dày (10 vỉ x 10 viên);32000;Aluminium Hydroxid 300mg, Magnesi Hydroxid 150mg, Simethicon 40mg;RPG Lifesciences Ltd.;Vỉ;https://www.pharmacity.vn/product/siloxogene-10vi-x-10vien
Viên nén bao phim Amdepin Duo điều trị tăng huyết áp và tăng cholesterol (10 vỉ x 10 viên);449800;Amlodipin 5mg, Atorvastatin 10mg;Cadila Pharma;Hộp;https://www.pharmacity.vn/product/amdepin-duo-10vi-x-10vien
Cerefort (Hộp 1 lọ x 120ml);119900;Piracetam 200mg;UniPharma;Lọ;https://www.pharmacity.vn/product/thuoc-dieu-tri-chong-mat-ton-thuong-nao-roi-loan-than-kinh-cerefort-lo-120ml
Dung dịch uống Debby 0,218g/5ml trị tiêu chảy, bệnh lỵ trực khuẩn và chứng viêm ruột kết (chai 30ml);25000;Nifuroxazid 218mg;Thai Nakorn Patana;Chai;https://www.pharmacity.vn/product/thuoc-dieu-tri-tieu-chay-cap-va-man-tinh-debby-chai-30ml
Viên nén Metsav 1000mg Savi điều trị đái tháo đường type 2 (10 vỉ x 10 viên);124000;Metformin 1000mg;Savi;Hộp;https://www.pharmacity.vn/product/thuoc-dieu-tri-dai-thao-duong-typ-2-metsav-1000mg-savi-10-vien-x-10-vihop
Hỗn dịch uống A.T Domperidon 5mg trị chứng nôn và buồn nôn, nấc cụt, ăn không tiêu (chai 30ml);10000;Domperidon 1mg/ml;An Thien;Chai;https://www.pharmacity.vn/product/thuoc-dieu-tri-buon-non-non-kho-tieu-at-domperidon-chai-30ml
Dung dịch uống Thytodux 60mg/10ml Foripharm hỗ trợ trị viêm mũi, nhiễm khuẩn hô hấp (4 vỉ x 5 ống);400000;Thymomodulin 60mg/10ml;Foripharm (TW3);Hộp;https://www.pharmacity.vn/product/thytodux-60mg-10ml-foripharm-4-vi-x-5-ong
Viên nén Focgo 8mg Phong Phú kháng viêm, giảm đau xương khớp (3 vỉ x 10 viên);262000;Lornoxicam 8mg;Phong Phu;Hộp;https://www.pharmacity.vn/product/focgo-3-vi-x-10-vienhop
Viên nang Spulit 100mg Slavia điều trị các bệnh nhiễm nấm (6 vỉ x 5 viên);543900;Itraconazol 100mg;S.C. Slavia;Hộp;https://www.pharmacity.vn/product/thuoc-dieu-tri-nhiem-nam-spulit-6-vi-x-5-vien-hop
Sadapron 100 (5 vỉ x 10 viên/hộp);95000;Allopurinol 100mg;Remedica;Hộp;https://www.pharmacity.vn/product/sadapron-100-5-vi-x-10-vienhop
Thuốc viêm xương khớp, viêm khớp dạng thấp Performax (3 vỉ x 10 viên/hộp);273000;Glucosamin sulfat 250mg;BV Pharma;Hộp;https://www.pharmacity.vn/product/thuoc-viem-xuong-khop-viem-khop-dang-thap-performax-3-vi-x-10-vienhop
Viên nang Dasbrain điều trị tăng cholesterol máu, giảm mỡ máu (chai 30 viên);399000;Eicosapentaenoic acid, Docosahexaenoic acid, Omega-3 marine triglycerides;Catalent;Chai;https://www.pharmacity.vn/product/dasbrain-catalent-30vien
Siro Prospan forte Germany điều trị viêm đường hô hấp, ho có đờm (chai 100ml);96000;Cao khô lá thường xuân 35mg/5ml;Germany;Chai;https://www.pharmacity.vn/product/thuoc-ho-cho-nguoi-lon-prospan-forte-100ml
Dung dịch uống Babycanyl 60ml Hataphar điều trị ho do hen, viêm phế quản (chai 60ml);50000;Terbutaline sulfat 1,5mg, Guaifenesin 66,5mg, Excipients.q.s.t 5ml;Hataphar;Chai;https://www.pharmacity.vn/product/babycanyl-chai-60ml
Viên nén bao đường Femoston 1/10mg điều trị thiếu hụt nội tiết tố nữ estrogen (1 vỉ x 28 viên);730000;Estradiol, Dydrogesteron 1mg, 10mg;Abbott;Hộp;https://www.pharmacity.vn/product/femoston-110mg-28-vien
Thuốc dùng ngoài Avircrem 250mg điều trị các trường hợp nhiễm virus herpes simplex trên da (tuýp 5g);17500;Acyclovir 0.05;Traphaco;Hộp;https://www.pharmacity.vn/product/avircrem-hop-1-tuyp-x-5g
Viên đặt âm đạo Ladyvagi điều trị viêm âm đạo (2 vỉ x 6 viên);120000;Neomycin sulfat 35000UI,  Nystatin 35000UI,  Polymycin B sulfate 100000UI;Phil Inter Pharma;Hộp;https://www.pharmacity.vn/product/ladyvagi-hop-2-vi-x-6-vien
Viên nén Queitoz 50mg điều trị rối loạn lưỡng cực, tâm thần phân liệt (3 vỉ x 10 viên);136500;Quetiapine 50mg;Davipharm;Hộp;https://www.pharmacity.vn/product/queitoz-50-caps-50mg-3vi-x-10vien
Viên nang cứng Ursachol 250mg điều trị bệnh nhân xơ gan mật nguyên phát (2 vỉ x 10 viên);197000;Ursodeoxycholic acid 250mg;Lupin;Hộp;https://www.pharmacity.vn/product/ursachol-caps-250mg-2vi-x-10vien
Dung dịch uống GANLOTUS điều trị khó tiêu, suy nhược chức năng, tăng amoniac máu (8 vỉ x 5ống);280000;L-Arginin L-aspartat 200mg;Công ty cổ phần Dược phẩm CPC1 Hà Nội;Hộp;https://www.pharmacity.vn/product/ganlotus-8vi-x-5ong
Viên nén Leracet 500mg điều trị động kinh (6 vỉ x 10 viên);750000;Levetiracetam 500mg;J.Uriach & Cía;Hộp;https://www.pharmacity.vn/product/leracet-500-6-vi-x-10-vienhop
Viên bao tan ở ruột Axitan 40mg điều trị dạ dày (3 vỉ x 10 viên);39700;Pantoprazol 40mg;Actavis;Hộp;https://www.pharmacity.vn/product/axitan-40mg-hop-3-vi-x-10-vien
Bột pha uống Rovas 0.75M IU DHG điều trị nhiễm khuẩn đường hô hấp (hộp 24 gói);45400;Spiramycin 750.000 UI;DHG Pharma;Hộp;https://www.pharmacity.vn/product/thuoc-dieu-tri-nhiem-khuan-rovas-0-75m-24-goi-x-3g-hop
Viên nang Cabovis Thanh Nhiệt Giải Độc thanh nhiệt, giải độc, các chứng nóng nhiệt (5 vỉ x 10 viên);10000;Ngưu hoàng 5mg, Thạch cao  200mg, Đại hoàng  200mg, Hoàng cầm  150mg, Cát cánh  100mg, Cam thảo  50mg, Borneol  25mg;OPC;Vỉ;https://www.pharmacity.vn/product/cabovis-thanh-nhiet-giai-doc-opc-5vi-x-10vien
Viên nén bao phim Drexler điều trị ngắn hạn chứng mất ngủ (6 vỉ x 10 viên);150000;Zopiclon 7.5mg;Davipharm;Hộp;https://www.pharmacity.vn/product/drexler-6-vi-x-10-vienhop
Cefpivoxil400 400mg (Hộp 3 vỉ x 10 viên);1498000;Cefditoren 400mg;Hataphar;Hộp;https://www.pharmacity.vn/product/cefpivoxil-400-3-vi-x-10-vienhop
Viên nén Paralmax Boston trị các triệu chứng cảm thông thường (10 vỉ x 12 viên);11130;Phenylephrin hydroclorid 5mg, Paracetamol 500mg, Cafein  25mg;Boston;Vỉ;https://www.pharmacity.vn/product/thuoc-dieu-tri-cam-cum-paralmax-10-vi-x-12-vien-hop
Thuốc nhỏ mắt Dexalevo CPC1 điều trị nhiễm khuẩn, viêm kết mạc (chai 5ml);39000;Levofloxacin 5mg, Dexamethason phosphat 1mg/1ml;DP Trung uong CPC1;Hộp;https://www.pharmacity.vn/product/dexalevo-drop-5ml
Viên nén Ostagi-D3 Agimexpharm điều trị loãng xương, giảm nguy cơ gãy xương (1 vỉ x 4 viên);77000;Alendronat natri 70mg, cholecalciferol 2800UI;Agimexpharm;Hộp;https://www.pharmacity.vn/product/ostagi-d3-1-vi-x-4-vienhop
Viên nén Sunapred kháng viêm, điều trị viêm thấp khớp, chống dị ứng (chai 30 viên);28000;Prednisolon 20mg;Công ty cổ phần dược Đồng Nai;Chai;https://www.pharmacity.vn/product/sunapred-chai-30-vien
Sullivan (Hộp 4 vỉ x 7 viên);141000;Amisulprid 100mg;Davipharm;Hộp;https://www.pharmacity.vn/product/sullivan-4-vi-x-7-vienhop
Bột pha uống Emycin 250mg DHG điều trị nhiễm khuẩn đường hô hấp (hộp 24 gói);48000;Erythromycin 250mg;DHG Pharma;Hộp;https://www.pharmacity.vn/product/emycindhg-250-hop-24-goi-x-15g
Viên nén Glotadol Extra Glomed giảm cơn đau nặng, hạ sốt nhanh chóng (10 vỉ x 10 viên);9000;Paracetamol 500mg, Cafein 65mg;GLOMED-ABBOTT;Vỉ;https://www.pharmacity.vn/product/glotadol-extra-hop-10-vi-x-10-vien
Viên nén Nadecin 10 Arena Group phòng và trị cơn đau thắt ngực, suy tim sung huyết (3 vỉ x 10 viên);91700;Isosorbid dinitrat 10mg;S.C. Arena Group S.A;Hộp;https://www.pharmacity.vn/product/thuoc-dieu-tri-dau-that-nguc-suy-tim-nadecin-10-3-vi-x-10-vien-hop
Viên nén Paralmax Extra Boston giảm đau và hạ sốt (15 vỉ x 12 viên);9600;Paracetamol 500mg,  Caffein 65mg;Boston;Vỉ;https://www.pharmacity.vn/product/paralmax-extra-hop-15-vi-x-12-vien
Viên nang Bosfen Boston 400mg giảm đau, hạ sốt, chống viêm (5 vỉ x 10 viên);26580;Ibuprofen 400mg;Boston;Vỉ;https://www.pharmacity.vn/product/bosfen-400mg-boston-hop-5-vi-x-10-vien
Viên nén phân tán Biocemet DT 500mg/62.5mg Imexpharm điều trị nhiễm khuẩn (2 vỉ x 7 viên);144000;Amoxicillin 500mg, Acid clavulanic 62.5mg;Imexpharm;Hộp;https://www.pharmacity.vn/product/biocemet-500625-2-vi-x-7-vienhop
Thuốc cốm pha hỗn dịch uống Imeclor 125mg Imexpharm kháng sinh điều trị nhiễm khuẩn (hộp 12 gói);39600;Cefaclor 125mg;Imexpharm;Hộp;https://www.pharmacity.vn/product/imeclor-125-12-goi-x-25ghop
Viên nén bao đường Allvitamine bổ sung vitamin cần thiết cho cơ thể (6 vỉ x 10 viên);40000;VitA,VitB1 ,VitB2 ,VitB5 ,VitB6 ,VitPP ,Vit E 1500UI,2.5mg,2.5mg,2.5mg,0.75mg,12.5mg,5mg;NIC;Vỉ;https://www.pharmacity.vn/product/allvitamine-hop-6-vi-x-10-vien
Esoragim 20 (3 vỉ x 10 viên) – Giảm axit, trị trào ngược dạ dày;174900;Esomeprazol 20mg;Excl. Agimexpharm;Hộp;https://www.pharmacity.vn/product/esoragim-20-hop-3-vi-x-10-vien
Viên nang Dozinco Zinc 15mg phòng ngừa và điều trị kẽm (3 vỉ x 10 viên);60400;Zinc 15mg;Domesco;Hộp;https://www.pharmacity.vn/product/dozinco-15mg-hop-3-vi-x-10-vien
Hỗn dịch uống Gel-Aphos 20% điều trị viêm loét dạ dày tá tràng, viêm thực quản (20 gói x 20g);2250;Aluminum phosphat 12.38g;Excl. Agimexpharm;Gói;https://www.pharmacity.vn/product/gel-aphos-hop-20-goi
Viên nén Agimoti 10mg điều trị triệu chứng nôn và buồn nôn (10 vỉ x 10 viên);100000;Domperidon 10mg;Excl. Agimexpharm;Hộp;https://www.pharmacity.vn/product/agimoti-hop-10-vi-x-10-vien
Viên nang Beroxib 200mg trị viêm và giảm đau khớp, đau cấp và đau sau phẫu thuật (3 vỉ x 10 viên);153700;Celecoxib 200mg;Excl. Enlie;Hộp;https://www.pharmacity.vn/product/beroxib-hop-3-vi-x-10-vien
Viên đặt âm đạo Nanfizy100mg điều trị nhiễm nấm phụ khoa (1 vỉ x 3 viên);270000;Natamycin 100mg;Công ty Ltd Farmaprim – MOLDOVA;Hộp;https://www.pharmacity.vn/product/nanfizy-100mg-hop-1-vi-x-3-vien
Thuốc dùng ngoài Shinpoong Gentri-Sone điều trị nấm da, giảm viêm ngứa của bệnh viêm da (tuýp 20g);22000;Betamethason dipropionat, Clotrimazol, Gentamicin (dưới dạng Gentamicin sulfat) 12,8mg, 200mg, 20mg;SHINPOONG;Tuýp;https://www.pharmacity.vn/product/shinpoong-gentri-sone-hop-1-tuyp-20g
Savi dopril plus (Hộp 3 vỉ x 10 viên);74800;Perindopril erbumine,Indapamid hemihydrat;Savi;Hộp;https://www.pharmacity.vn/product/savi-dopril-plus-hop-3-vi-x-10-vien
Thuốc nhỏ mắt Bronuck 0,1% Senju điều trị viêm bờ mi, viêm kết mạc, viêm củng mạc (chai 5ml);139000;Bromfenac natri hydrat 5mg;Senju;Hộp;https://www.pharmacity.vn/product/bronuck-01-hop-1-lo-x-5ml
Hepadays 140mg (Hộp 3 vỉ x 10 viên);144000;Silymarin 140mg;Uni Pharma;Hộp;https://www.pharmacity.vn/product/thuoc-dieu-tri-gan-nhiem-doc-benh-gan-man-tinh-va-xo-gan-hepadays-3-vi-x-10-vienhop
Thuốc hít định liều Symbicort Rapihaler 160/4.5mcg trị hen suyễn (hộp 120 liều);449500;Budesonide, Formoterol 160/4.5mcg;AstraZeneca;Chai;https://www.pharmacity.vn/product/symbicort-rapihaler-16045-mcg-120-dose
Viên nén Jardiance Duo 12.5mg/1000mg điều trị đái tháo đường type 2 (3 vỉ x 10 viên);504000; Metformin 1000mg, Empagliflozin 12.5mg 1000mg,12.5mg;Boehringer Ingelheim;Hộp;https://www.pharmacity.vn/product/jardiance-duo-125mg1000mg-hop-30v
Phytok (Hộp 1 ống 2ml);120000; Phytomenadion 20 mg 20mg/2ml;Công ty cổ phần Dược phẩm CPC1 Hà Nội;Chai;https://www.pharmacity.vn/product/phytok-20mg2ml
Povidone 35ml Agimexpharm (1 chai) – Sát khuẩn hiệu quả, ngừa nhiễm trùng;30800;Povidone Iodine 0;Excl. Agimexpharm;Chai;https://www.pharmacity.vn/product/povidone-hop-1-chai-x-35ml
Viên nén Levina 20mg điều trị rối loạn cương dương (1 vỉ x 4 viên);200000;Vardenafil 20 mg 20mg;COPHAVINA-XNDP150;Hộp;https://www.pharmacity.vn/product/levina-20mg-hop-4-vien
ACNEQUIDT (Lo 20ml);45900;Clindamycin 200mg,   Metronidazol  160mg;CT CP hóa dược VN;Hộp;https://www.pharmacity.vn/product/acnequidt-20ml
Bột pha uống Curam 250mg/5ml điều trị nhiễm khuẩn (chai 7,5g);99500;Amoxicillin,acid clavulanic 250mg,62.5mg;Sandoz;Chai;https://www.pharmacity.vn/product/curam-250mg5ml-hop-1-chai-x-75g-bot
Viên nén Rosuvas 10mg Hasan điều trị tăng cholesterol máu, giảm mỡ máu (2 vỉ x 14 viên);105000; Rosuvastatin 10mg;Hasan- Demarpharm;Hộp;https://www.pharmacity.vn/product/rosuvas-10mg-hop-28vien-hasan
Viên nén NORMODIPINE 5mg điều trị tăng huyết áp, đau thắt ngực (3 vỉ x 10 viên);132000;Amlodipine 5mg;Gedeon Richter;Hộp;https://www.pharmacity.vn/product/normodipine-hop-3-vi-x-10-vien
Viên nén Atorvastatin 20mg TV Pharma điều trị tăng cholesterol máu, giảm mỡ máu (3 vỉ x 10 viên);19200;Atorvastatin   20mg;TVPharma;Hộp;https://www.pharmacity.vn/product/atorvastatin-20-tv-pharma-hop-3-vi-x-10-vien
Viên nén bao phim Levivina 10mg rối loạn cương dương (1 vỉ x 4 viên);175000;Vardenafil     10mg;LEVIVINA;Hộp;https://www.pharmacity.vn/product/levivina-10mg
Auricularum 10mg;350000;Oxytetracylin hydrochlorid, Polymycin B sulfat, Nystatin, Dexamethason natri phosphat 90,000 UI, 100,000 UI, 1,000,000 UI   , 10mg;Grimberg;Chai;https://www.pharmacity.vn/product/auricularum-chai-10mg
Viên nén Noklot 75mg phòng ngừa thành lập cục máu đông, huyết khối (3 vỉ x 10 viên);26600;Clopidogrel 75mg 75mg;Cadila Pharma;Hộp;https://www.pharmacity.vn/product/noklot-75mg3vix10vien
Viên nén Tenfovix điều trị nhiễm HIV, viêm gan siêu vi B  (3 vỉ x 10 viên);289800;Tenofovir disoproxil fumarat 300mg;Pymepharco;Hộp;https://www.pharmacity.vn/product/tenfovix-hop-3x10
Viên nén bao phim Sutagran 50mg điều trị tích cực để cắt ngay cơn đau nửa đầu (2 vỉ x 6 viên);138000;Sumatriptan (dưới dạng Sumatriptan succinat) 50mg;Sutagran;Hộp;https://www.pharmacity.vn/product/sutagran-50mg-2-vi-x-6-vienhop
Kem bôi ngoài da Acnes điều trị mụn sưng, đỏ và đau (tuýp 18g);62000;Sulfur, Resorcin, Tocopherol Acetate, Glycyrrhetinic Acid 400mg;Vrohto;Tuýp;https://www.pharmacity.vn/product/kem-ho-tro-tri-mun-acnes-medical-cream-tuyp-18g
Medovent 30mg (Hộp 10 vỉ x 10 viên);180000;Ambroxol 30mg;Medochemie;Hộp;https://www.pharmacity.vn/product/medovent-30mg-hop-10x10
Viên nén Galvus 50mg điều trị đái tháo đường không phụ thuộc insulin (type 2) (2 vỉ x 14 viên);231000;Vildagliptin 50mg 50mg;Novartis;Hộp;https://www.pharmacity.vn/product/galvus-50mg-tab-2x14new
Viên nén Eliquis 5mg phòng ngừa biến cố thuyên tắc huyết khối tĩnh mạch, đột quỵ (2 vỉ x 10 viên);550000;Apixaban 5mg;Pfizer PBG;Hộp;https://www.pharmacity.vn/product/eliquis-5-hop-2x10
Viên nén Eliquis 2.5mg phòng ngừa biến cố thuyên tắc huyết khối tĩnh mạch, đột quỵ (2 vỉ x 10 viên);530000;Apixaban 2,5mg;Pfizer PBG;Hộp;https://www.pharmacity.vn/product/eliquis-25-hop-2x10
Pharmaton Energy (Hộp 30 viên) – Tăng cường năng lượng, phục hồi sức khỏe;186750;"Magnesi (dưới dạng Magnesi oxyd nặng): 77,5 mg
Vitamin C (Ascorbic acid) (dưới dạng Canxi ascorbat): 80 mg
Chiết xuất nhân sâm chuẩn hóa G115: 40 mg
Kẽm (dưới dạng Kẽm sulfat monohydrat): 10 mg
Sắt (dưới dạng Sắt sulfat khan): 8,3 mg
Vitamin E (DL-alpha Tocopherol) (dưới dạng DL-α-Tocopheryl acetat): 12 mg
Niacin (dưới dạng Nicotinamid): 17,5 mg
Vitamin B5 (Pantothenic acid) (dưới dạng Canxi pantothenat): 6,3 mg
Mangan (dưới dạng Mangan sulfat monohydrat): 2 mg
Vitamin B6 (Pyridoxin) (dưới dạng Magnesi (dưới dạng Magnesi oxyd nặng): 77,5 mg
Vitamin C (Ascorbic acid) (dưới dạng Canxi ascorbat):";Opella VMS;Hộp;https://www.pharmacity.vn/product/vien-uong-pharmaton-energy-bo-sung-nhan-sam-g115-vitamin-tong-hop-va-khoang-chat-hop-30-vien
Viên nén Boganic hỗ trợ các bệnh lý về gan, mỡ máu, giải độc gan (5 vỉ x 20 viên);80000;Cao Actiso 100mg, Cao rau đắng đất 75mg, Cao bìm bìm 7.5mg;Boganic;Hộp;https://www.pharmacity.vn/product/boganic-bao-phim-5vi-x-20vienkm
Dung dịch uống Vasoclean Sol 10ml điều trị sa sút trí tuệ ở người lớn (2 vỉ x 10 ống);25000;Cao lá bạch quả 20mg;Vasoclean;Ống;https://www.pharmacity.vn/product/vasoclean-sol-10ml-2-vi-x-10-ong
Viên nén NEW CHOICE thuốc tránh thai hàng ngày (25 vỉ x 28 viên);12000;Ethinyl Estradiol, Levonorgestrel 0.125 mg  0.030 mg, 0.125 mg;NEW CHOICE;Vỉ;https://www.pharmacity.vn/product/new-choice
Thuốc mỡ Chamcromus 0,1% điều trị viêm da dị ứng (tuýp 10g);95000;Tacrolimus 0.1%w/w;Dopharma;Tuýp;https://www.pharmacity.vn/product/chamcromus-01-5g
Viên nén Sunigam 300mg giảm đau và kháng viêm trong rối loạn cơ xương-khớp (3 vỉ x 10 viên);336000;Acid tiaprofenic 300mg 300mg;Imexpharm;Hộp;https://www.pharmacity.vn/product/sunigam-300mg-30vien
Viên nén Asthmatin 10mg dự phòng và điều trị hen phế quản mạn tính, viêm mũi dị ứng (3 vỉ x 10 viên);120000;Montelukast 10mg;STELLA;Hộp;https://www.pharmacity.vn/product/asthmatin-10mg-hop-3-vi-x-10-vien
Viên nén Travicol Flu trị các triệu chứng ho cảm thông thường (10 vỉ x 10 viên);80000;Acetaminophen 500mg 500mg,  Dextromethorphan 15mg  15mg,  Loratadine 5mg  5mg;TVPharma;Hộp;https://www.pharmacity.vn/product/travicol-flu-10vi-x-10vien
Viên nén Candesartan STADA 4 mg điều trị tăng huyết áp (2 vỉ x 14 viên);78200;Candesartan Cilexetil 4mg;STADA;Hộp;https://www.pharmacity.vn/product/candesartan-stada-4-mg-2vi-x-14vien
Viên nén Cinnarizine 25 mg STADA điều trị rối loạn tiền đình, say tàu xe (10 vỉ x 10 viên);52800;Cinnarizine 25mg;STADA;Hộp;https://www.pharmacity.vn/product/cinnarizine-stada-25-mg-10vi-x-10vien
Dung dịch uống Duvita 2g hỗ trợ điều trị rối loạn khó tiêu, tăng amoniac máu (4 vỉ x 5 ống);110000;(L - Arginin HCl 1000mg)/8ml 20 ong;DP Trung uong CPC1;Hộp;https://www.pharmacity.vn/product/duvita-h20-4vi-x-5ong
Viên nén Hapacol Flu DHG trị các triệu chứng ho cảm thông thường (Hộp 100 viên);70000;Paracetamol 500mg, Clopheramine HCl 2mg, Phenylepherine HCl 10mg;DHG Pharma;Hộp;https://www.pharmacity.vn/product/vien-nen-hapacol-flu-dhg-tri-cac-trieu-chung-ho-cam-thong-thuong-hop-100-vien
Viên nén Medlon 4mg điều trị viêm thấp khớp, hen suyễn, lupus ban đỏ hệ thống (10 vỉ x 10 viên);88000;Methylprednisolon 4mg 4mg;DHG Pharma;Hộp;https://www.pharmacity.vn/product/medlon-tab-4mg-hop-100-vien
Viên nén NENI 800mg các bệnh tổn thương não, chóng mặt (3 vỉ x 10 viên);30000;Piracetam 800mg 800mg;DHG Pharma;Hộp;https://www.pharmacity.vn/product/neni-capl-fc-800mg-hop-30-vien
Viên nang Amlocor 5mg điều trị tăng huyết áp, đau thắt ngực (3 vỉ x 10 viên);38900;Amlodipine besilate 5mg;Torrent Pharm;Hộp;https://www.pharmacity.vn/product/amlocor-5mg-3vi-x-10vien
Siro Cảm xuyên hương điều trị cảm lạnh, cảm cúm (chai 60ml);32000;Bách bộ, Cam thảo, Cát cánh, Hương Phụ, Kinh giới, Trần bì, Tử uyển, Xuyên khung;Yen Bai;Chai;https://www.pharmacity.vn/product/siro-cam-xuyen-huong-dieu-tri-cam-lanh-cam-cum-chai-60ml
Viên nang mềm Eblamin 200mg điều trị viêm gan mãn tính, xơ gan (2 túi x 6 vỉ x 5 viên);230000;Cao Carduus marianus (tương đương 140mg Silymarin,  Silybin 60mg) 200mg;Korea United Pharm;Hộp;https://www.pharmacity.vn/product/eblamin-200mg-2tui-x-6vi-x-5vien
Viên nang Bluemint 500mg hỗ trợ điều trị rối loạn dưỡng tóc và móng (12 vỉ x 5 viên);215000;L-cystine 500mg;Phil Inter Pharma;Hộp;https://www.pharmacity.vn/product/bluemint-500mg-12vi-x-5vien
Pulmorest 50ml;135000;Levodropropizin 30mg/5ml;Santa;Hộp;https://www.pharmacity.vn/product/pulmorest-50ml
Viên nén Augbidil 625 điều trị nhiễm khuẩn (2 vỉ x14 viên);100200;Amoxicillin 500mg, Acid clavulanic 125mg Amoxicillin 500mg, Acid clavulanic 125mg;BIDIPHAR;Hộp;https://www.pharmacity.vn/product/augbidil-625-h14
Viên nén Vasulax-10mg điều trị tăng cholesterol máu, giảm mỡ máu (3 vỉ x 10 viên);297000;Rosuvastatin 10mg;MICRO LABS;Hộp;https://www.pharmacity.vn/product/vasulax-10-tri-roi-loan-lipid-mau-hop-3-vi-x-10-vien
Bột pha hỗn dịch uống Lanam SC 400mg/57mg Imexpharm kháng sinh điều trị nhiễm khuẩn (hộp 12 gói);131900;Acid Clavulanic, Amoxicilin 28,5mg, 200mg;Imexpharm;Hộp;https://www.pharmacity.vn/product/thuoc-khang-sinh-tri-nhiem-khuan-lanam-sc-400mg57mg-imexpharm-hop-1-tui-x-12-goi-x-16g
Thuốc xịt mũi Nasol Spray giảm triệu chứng nghẹt mũi, sổ mũi, viêm mũi dị ứng (chai 70ml);30000;Natri Clorid 630mg 630mg;;Chai;https://www.pharmacity.vn/product/nasol-spray-chai-70ml
Viên nang Denvin 300mg kháng sinh điều trị nhiễm khuẩn (2 vỉ x 10 viên);320000;Cefdinir 300mg 300mg;US Pharma;Hộp;https://www.pharmacity.vn/product/denvin-300mg-hop-2-vi-x-10-vien
Viên nén Griseofulvin 500mg Cửu Long điều trị nấm da, tóc, lông, móng (10 vỉ x10 viên);164000;Griseofulvin 500mg 500 mg;Pharmaceutical Works Jelfa S.A, Ba Lan;Hộp;https://www.pharmacity.vn/product/griseofulvin-500mg10-vi-x10-vien
Viên nang Acecyst 200ng tiêu nhầy, loãng đàm, giảm ho (10 vỉ x 10 viên);50000;Acetylcystein 200mg 200mg;AGIPHARM;Hộp;https://www.pharmacity.vn/product/acecyst-cap-200ng-hop-10vi-x-10vien
Viên nén Acigmentin 1000mg điều trị nhiễm khuẩn (2 vỉ x 7 viên);78600;Amoxicillin 875mg/Acid Clavulanic 125mg 875mg + 125mg;Minh Hai;Hộp;https://www.pharmacity.vn/product/acigmentin-1000mg-2vi-x-7-vien
Viên nang Lyapi 50 mg điều trị động kinh,rối loạn lo âu (10 vỉ x 10 Viên);500000;Pregabalin 50mg;Apimed;Hộp;https://www.pharmacity.vn/product/lyapi-50-hop-10vi-x-10vien
Thuốc bột Imefed SC 250mg/62,5mg điều trị nhiễm khuẩn (hộp 12 gói);165000;Amoxicilin + Acid clavulanic  250mg + 62,5mg;Imexpharm;Hộp;https://www.pharmacity.vn/product/imefed-sc-250mg625mg-hop-12-goi
Kem bôi ngoài da Fendexi forte điều trị viêm da, dị ứng da và ngứa (tuýp 10g);40000;Betamethasone valerate, Acid fusidic…. 6,07mg, 100mg;Phil Inter Pharma;Hộp;https://www.pharmacity.vn/product/fendexi-forte-hop-1-tuyp-10g
Viên nén phân tán Racesec 10mg trị tiêu chảy cấp ở người lớn và trẻ trên 3 tháng (2 vỉ x 10 viên);90000;Racecadotril 10mg 10mg;Hadiphar;Hộp;https://www.pharmacity.vn/product/racesec-10mg-hop-2-vi-x-10-vien
Viên nén Trĩ Nhất Nhất trị trĩ cấp, giảm đau rát hậu môn và ngăn ngừa trĩ tái phát (3 vỉ x 10 viên);175000;Đảng sâm,Hoàng kỳ,Đương quy,.. 500mg,700 mg, 700 mg;Nhat Nhat;Hộp;https://www.pharmacity.vn/product/tri-nhat-nhat-hop-3-vi-x-10-vien
Bột pha uống Maltagit điều trị viêm loét dạ dày tá tràng (hộp 30 gói);1667;Attapulgit mormoiron hoạt hóa 2,5g + hỗn hợp magnesi carbonat-nhôm hydroxyd 0,5g 2,5g+0,5g;Ha Tay;Gói;https://www.pharmacity.vn/product/maltagit-hop-30-goi
Bột pha uống Biocemet SC 500mg/62.5mg điều trị nhiễm khuẩn (hộp 12 gói);146000;Amoxicillin 500mg,Acid clavulanic 62.5mg;Excl. Imexpharm;Hộp;https://www.pharmacity.vn/product/biocemet-sc-500mg625mg-hop-12-goi
Viên giải phóng có kiểm soát Velaxin 75mg trị rối loạn trầm cảm, lo âu, hoảng loạn (3 vỉ x 10 viên);550000;Venlafaxin 75 mg 75 mg;Egis Pharma;Hộp;https://www.pharmacity.vn/product/velaxin-caps-xr-75mg-box-30-hop-3-vi-x-10-vien
Osart-20mg Theon Pharma (Hộp 30 viên);8000;Olmesartan medoxomil 20mg;THEON PHARMA;Viên;https://www.pharmacity.vn/product/osart-20mg-theon-pharma-hop-30-vien
Beatil Tab 4/10 mg  (Hộp 30 viên);6467;Perindopril (dưới dạng Perindopril tert-butylamin) 4mg,  Amlodipin (dưới dạng Amlodipin besylat) 10mg, ;Gedeon Richter;Viên;https://www.pharmacity.vn/product/beatil-tab-410-mg-hop-30-vien-
Besalicyd Agimexpharm (Hop 15g);15000;Betamethason dipropionat 0,0075g 0,0075g ,  Acid salicylic 0,45g  0,45g;Agimexpharm;Tuýp;https://www.pharmacity.vn/product/besalicyd-agimexpharm-hop-15g
Spinolac 50mg (Hộp 3 vỉ x 10 viên);2000;Spironolacton 50mg;Hasan- Demarpharm;Viên;https://www.pharmacity.vn/product/spinolac-50mg-hop-3-vi-x-10-vien
Loperamid 2mg STELLA (Hộp 100 viên);55000;Loperamid 2mg 2mg;STELLA;Hộp;https://www.pharmacity.vn/product/loperamide-2mg-stellahop-100vien
Simvastatin STELLA 10mg (Hộp 100 Viên);100000;Simvastatin 10mg 10mg;STELLA;Hộp;https://www.pharmacity.vn/product/simvastatin-stella-10mg-hop-100-vien
Viên uống Neuronstad 300 Điều trị hỗ trợ trong động kinh cục bộ (Hộp 100 Viên);129900;Gabapentin 300mg 300mg;STELLA;Hộp;https://www.pharmacity.vn/product/neuronstad-300-hop-100-vien
Attom (100 Viên);5871;Vitamin, khoáng chất;Hataphar;Viên;https://www.pharmacity.vn/product/attom-100-vien
Zecuf herbal siro (chai 100ml);51500;Ocimum sanctum 100mg, Glycyrrhiza glabra 60mg , Curuma longa 50mg, Zingiber officinale 10mg , Adhatoda vasica 60mg;Unique Pharmaceutical Labs ;Chai;https://www.pharmacity.vn/product/zecuf-herbal-siro-chai-100ml
Synatura Syrup (10ml/ Gói) - Hộp 78 gói;10500;"cao khô lá thường xuân (chiết xuất bằng Ethanol 30%) và cao khô rễ hoàng liên Chiết xuất cao lá thường xuân: 262.5mg
Rhizoma Coptidis Extract: 87.5mg
";AhnGook Pharmaceutical Co., Ltd. - HÀN QUỐC;Gói;https://www.pharmacity.vn/product/
Furosemide STELLA 40 mg (Hộp 50v);476;Furosemide 40mg 40mg;STELLA;Viên;https://www.pharmacity.vn/product/furosemide-stella-40-mg-hop-50v
Branchamine 2.6G (Hộp 30 gói);480000;L-leucin 320,3mg,  L-isoleucin 203,9mg,  L-Lysin HCl 291mg,  L-Phenylalanin 320,3mg,  L-threonin 145,7mg,  L-valin 233mg,  L-tryptophan 72,9mg,  L-Histidin hydroclorid monohydrat 216,2mg,  L-Methionin 320,3mg;Excl. Enlie;Hộp;https://www.pharmacity.vn/product/branchamine-26g-hop-30-goi
Dung dịch uống Impory G HD Pharma điều trị bệnh do tổn thương não, thiếu máu cục bộ (30 ống x 6ml);8967;Piracetam 1200mg;Duoc VTYT Hai Duong;Ống;https://www.pharmacity.vn/product/impory-g-1200mg6ml-hop-30-ong
ALEGIN PLUS SPRAY ECTOIN 2% + PANTHENOL 20ML;183100;NoVocare;Công ty cổ phần Dược phẩm CPC1 Hà Nội;Chai;https://www.pharmacity.vn/product/
Viên uống HyValor Plus 80mg điều trị tăng huyết áp (Hộp 3 Vỉ x 10 Viên);9000;Valsartan, Amlodipine 80mg;United Pharma;Viên;https://www.pharmacity.vn/product/hyvalor-plus-80mg-hop-3-vi-x-10-vien
Dịch tiêm truyền Levofloxacin Kabi 100ml Fresenius Kabi điều trị nhiễm khuẩn, viêm phổi;52000;LeVofloxacin 500mg;Fresenius Kabi;Chai;https://www.pharmacity.vn/product/levofloxacin-kabi-100ml
NoVocain 3% (Hộp 100 ống 2ml);630;Procain hydroclorid 3% 60mg;Duoc VTYT Hai Duong;Ống;https://www.pharmacity.vn/product/novocain-3-hop-100-ong-2ml
Nước cất ống nhựa CPC1 10ml (Hộp 50 ống);1140;Nước cất;Công ty cổ phần Dược phẩm CPC1 Hà Nội;Ống;https://www.pharmacity.vn/product/nuoc-cat-ong-nhua-cpc1-10ml-hop-50-ong
PIRACETAM KABI AMP INJ 1000MG /5ML5ML 12;4334;Piracetam 1000mg/5ml 1000mg/5ml;Fresenius Kabi;Ống;https://www.pharmacity.vn/product/piracetam-kabi-amp-inj-1000mg-5ml5ml-12
Gentusi Ltd Farmaprim (10 viên);26400;Metronidazole, Chloramphenicol, Nystatin, Dexamethasone acetate  Metronidazole 225mg, Chloramphenicol 100mg, Nystatin 75mg, Dexamethason Acetat 0,5mg;FARMAPRIM;Viên;https://www.pharmacity.vn/product/gentusi-ltd-farmaprim-10-vien
Viên nang PGISYCAP 250mg tăng cường sinh lí, giảm đau lưng mỏi gối (3 vỉ x 10 viên);359000;CORDYCEPS SINENSIS SACC 250mg;Mediplantex;Hộp;https://www.pharmacity.vn/product/pgisycap-caps-250mg-hop-30-vien-mediplantex
Candisafe (Hộp 1 vỉ x 7 viên);178200;Clindamycin phosphate 100mg,  Clotrimazole  100mg;Gelnova Laboratories;Hộp;https://www.pharmacity.vn/product/candisafe-hop-1-vi-x-7-vien
Viên nang Livermarin 70mg điều trị viêm gan, xơ gan (3 vỉ x 10 viên);165000;Cao khô Silybum marianum  70mg/155,55 mg;BRV Healthcare;Hộp;https://www.pharmacity.vn/product/livermarin-70mg-hop-3-vi-x-10-vien
Viên nén Pit-Stat 2mg điều trị tăng cholesterol máu, giảm mỡ máu (1 vỉ x 10 viên);130800;PitaVastatin 2mG;Am Vi;Hộp;https://www.pharmacity.vn/product/pit-stat-2mg-hop-1-vi-x-10-vien
Viên nang BOsrOntin 300mg trị động kinh, viêm dây thần kinh (10 vỉ x 10 viên);380000;Gabapentin 300mG;Boston;Hộp;https://www.pharmacity.vn/product/bosrontin-300mg-10-vi-x-10-vien
CRINONE GEL VAG UD 8% 1.12G (Hop 15 Ong);1897000;PROGESTERONE 0;Merck Export GMBH;Hộp;https://www.pharmacity.vn/product/crinone-gel-vag-ud-8-112g-hop-15-ong
ZELFAMOX TAB DT 500MG/125 (2vix7vien);158404;AMOXICILLIN + PIVSULBACTAM 500mg/125mg;Pharbaco (TW1);Hộp;https://www.pharmacity.vn/product/zelfamox-tab-dt-500mg125-2vix7vien
Viên nang Esomeprazol 40mg USP trị loét dạ dày tá tràng, viêm thực quản trào ngược (3 vỉ x 10 viên);89900;Esomeprazol 40mg;US Pharma;Hộp;https://www.pharmacity.vn/product/esomeprazol-40-hv-hop-30-vien-usp
Viên nén Mibetel Plus Hasan 40mg/12.5mg điều trị tăng huyết áp (3 vỉ x 10 viên);102000;Telmisartan,  Hydroclorothiazid;Hasan- Demarpharm;Hộp;https://www.pharmacity.vn/product/mibetel-plus-tab-40mg-12box-30
Viên nén Allopurinol 300mg Domesco điều trị gút, tăng acid uric máu (2 vỉ x 10 viên);28000;Allopurinol 300mg;Domesco;Hộp;https://www.pharmacity.vn/product/allopurinol-tab-300mg-box-20
Viên nang Omeprazol 20mg DHG điều trị loét dạ dày, tá tràng, viêm thực quản (hộp 100 viên);88600;Omeprazol  20 mg;DHG Pharma;Hộp;https://www.pharmacity.vn/product/omeprazol-20mg-dhg-hop-100vien
NEO-GODIAN TAB S.C BOX 20;29800;Dextromethorphan,  Terpin hydrat,  Natri Benzoat;PHAPHARCO;Hộp;https://www.pharmacity.vn/product/
Thuốc nhỏ mắt Osla Redi trị trường hợp dị ứng, ngứa mắt, đỏ mắt, mỏi mắt, mờ mắt (chai 15ml);320000;Kẽm,Tetrahydrozoline;Merap Group;Lốc;https://www.pharmacity.vn/product/osla-redi-chai-15ml
Viên nén Diangesic Codein 30mg điều trị các triệu chứng đau nhức (2 vỉ x 10 viên);31500;"Paracetamol 500mg
Codein phosphat 30mg 500mg+30mg";TVPharma;Hộp;https://www.pharmacity.vn/product/diangesic-codein-30mg-hop-2-vi-x-10-vien
Viên nén Methorphan trị ho do kích thích, long đờm, cảm cúm, viêm mũi dị ứng (10 vỉ x 10 viên);106000;Dextromethorphan HBr ,Guaiphenesin ,Loratadin  10mg, 100mg, 2.5mg;Traphaco;Hộp;https://www.pharmacity.vn/product/methorphan-10-vi-x-10-vien
Viên nang Silymax F 140mg điều trị viêm gan, xơ gan (6 vỉ x 10 viên);132000;silymarin 140mg;Mediplantex;Hộp;https://www.pharmacity.vn/product/silymax-f-hop60-vien
Viên nang Prencoid 5mg điều trị viêm thấp khớp, hen suyễn, lupus ban đỏ hệ thống (chai 200 viên);72000;Prednisolon 5mg;Pymepharco;Hộp;https://www.pharmacity.vn/product/prencoid-5mg-hop-200-vien
Thuốc dùng ngoài Counterpain DHG giảm đau cơ, đau do bệnh thấp khớp, bong gân (tuýp 30g);40000;Menthol (l-menthol) 5,44%,  Eugenol 1,36%,  Methyl Salicylat 10,20%;DHG Pharma;Hộp;https://www.pharmacity.vn/product/dhg-counterpain-30g
Viên nén Losartan 50mg điều trị tăng huyết áp (3 vỉ x 10 viên);22700;Losartan kali - 50,0mg 50mg;TVPharma;Hộp;https://www.pharmacity.vn/product/losartan-50mg-hop-3-vi-x-10-vien
Bactronil 2% Agio Điều Trị Các Nhiễm Khuẩn Da (Tuýp 5G);43000;Mupirocin 2% 5g;Agio;Hộp;https://www.pharmacity.vn/product/bactronil-2-agio-dieu-tri-cac-nhiem-khuan-da-tuyp-5g
Viên uống PYME ABZ 400MG PYMEPHARCO;6000;Albendazol 400mg;Pymepharco;Viên;https://www.pharmacity.vn/product/pyme-abz-tab-fc-400mg-box-1-pymepharco
Bilazin Stella  20mg điều trị triệu chứng viêm mũi dị ứng, mày đay (2 vỉ x 10 viên);209000;Bilastine 20mg;STELLA;Hộp;https://www.pharmacity.vn/product/bilazin-tab-20mg-2vi-x-10vien
CKDCipol-N 100mg (50 Viên);2300000;Cyclosporin 100mg;Suheung;Hộp;https://www.pharmacity.vn/product/ckdcipol-n-100mg-50-vien
Dung dịch nhỏ mắt Polkab 0.5ml (60 ống);785000;Natri Hyaluronate  0.75mg;Samchundang;Hộp;https://www.pharmacity.vn/product/dung-dich-nho-mat-polkab-05ml-60-ong
Mibiotin 10mg (Hộp 3 Vỉ x 10 Viên);149400;Biotin (Vitamin H, Vitamin B7, Vitamin B8) 10mg;MINH AN-CND;Hộp;https://www.pharmacity.vn/product/mibiotin-10mg-hop-3-vi-x-10-vien
Pulmicort 1mg/ 2ml (Hộp 20 ống);633100;"
Budesonide 1mg 1mg";AstraZeneca;Hộp;https://www.pharmacity.vn/product/pulmicort-1mg-2ml-hop-20-ong
Gemapaxane 4000/0.4ml Italfarmaco  (Hộp x 6 bơm tiêm);510000;Enoxaparin natr-4000iu;Italfarmaco S.A;Hộp;https://www.pharmacity.vn/product/gemapaxane-4000-0-4ml-italfarmaco-hop-6-bom-tiem
Thuốc Atrox 10mg;3167;Atorvastatin 10mg;BIOFARM;Viên;https://www.pharmacity.vn/product/thuoc-atrox-10mg
Sartanpo 50mg OPV (Hộp 3 Vi x 10 Viên);163000;RosuVastatin 50mg;OPV;Hộp;https://www.pharmacity.vn/product/sartanpo-50mg-opv-hop-3-vi-x-10-vien
Blueye Eye Drop Samchundang (Hộp15ml);82400;Hypromellose 3mg/ml, Dextran 1mg/ml;Samchundang;Hộp;https://www.pharmacity.vn/product/blueye-eye-drop-samchundang-hop-15ml
Dicarbo Genuone (Hộp 10 Vỉ x 10 Viên);5224;Calcium citrat 750mg 750mg,  Cholecalciferol 4mg 4mg;GENUONE SCIENCES INC;Viên;https://www.pharmacity.vn/product/dicarbo-genuone-hop-10-vi-x-10-vien
Minox-2 20mg/ml Edol (Hộp 1 Chai);560000;Minoxidil 20mg/ml 20mg/ml;Edol;Chai;https://www.pharmacity.vn/product/minox-2-20mgml-edol-hop-1-chai
NADY-EMPAG TAB F.C 10MG BOX 30;478000;EMPAGLIFLOZIN 10mg;Nadyphar;Hộp;https://www.pharmacity.vn/product/nady-empag-tab-fc-10mg-box-30
Vinocyclin 50 Medisun (Hộp 3 Vỉ x 10 Viên);240000;Minocyclin (dưới dạng Minocyclin hydroclorid) 50mg;Medisun;Hộp;https://www.pharmacity.vn/product/vinocyclin-50-medisun-hop-3-vi-x-10-vien
Amerisen 40mg Enlie (Hộp 3 Vỉ x 10 Viên);169000;Otilonium Bromide 40mg;Excl. Enlie;Hộp;https://www.pharmacity.vn/product/amerisen-40mg-enlie-hop-3-vi-x-10-vien
Bomitis Isotretinoin 20mg (Hộp 3 Vỉ x 10 Viên);420000;"
Isotretinoin 20mg";Phil Inter Pharma;Hộp;https://www.pharmacity.vn/product/bomitis-isotretinoin-20mg-hop-3-vi-x-10-vien
Autifan 40mg An Thiên (Hộp 3 Vỉ x10 Viên);205020;FluVastatin (dưới dạng FluVastatin natri) 40mg 40mg;An Thien;Hộp;https://www.pharmacity.vn/product/autifan-40mg-an-thien-hop-3-vi-x10-vien-
Laxafred 500mg Acme (Hop 20 Vien);320000;Levofloxacin 500mg 500mg;The Acme Laboratories;Hộp;https://www.pharmacity.vn/product/laxafred-500mg-acme-hop-20-vien
Expas 40mg DHG (Hộp 50 viên);37500;Drotaverin 40mg;DHG Pharma;Hộp;https://www.pharmacity.vn/product/expas-40mg-dhg-hop-50-vien
Prolandex 60 BV Pharma (Hộp 2 vỉ x 10 viên);385000;Dexlansoprazole 60mg 60mg;BV Pharma;Hộp;https://www.pharmacity.vn/product/prolandex-60-bv-pharma-hop-2-vi-x-10-vien
Lipotonic 2mg S.P.M (Hop 3 vi x 10 vien);420000;Pitavastatin (dưới dạng Pitavastatin calci) 2mg 2mg;SPM;Hộp;https://www.pharmacity.vn/product/lipotonic-2mg-spm-hop-3-vi-x-10-vien
Izipas S.P.M (Hop 30 goi x 5ml);150000;Mỗi 5ml chứa: Guaifenesin 66,5mg  66,5mg,  Terbutalin sulfat 1,5mg  1,5mg;SPM;Hộp;https://www.pharmacity.vn/product/izipas-spm-hop-30-goi-x-5ml
Rosubolic 10mg G.D. Laboratories (Hộp 3 vỉ x 10 viên);9533;Rosuvastatin 10mg;G.D. Laboratories (India) Pvt. Limited;Viên;https://www.pharmacity.vn/product/rosubolic-10mg-gd-laboratories-hop-3-vi-x-10-vien
Biroxime 1% Y-Med (Tuýp 20g);28500;Clotrimazol 10mg 10mg;Agio;Tuýp;https://www.pharmacity.vn/product/biroxime-1-y-med-tuyp-20g-
Hantacid 10ml CPC1 (Hộp 30 Ống);154000;Gel nhôm hydroxyd khô, Magnesi hydroxyd, Simethicone 220mg, 195mg, 25mg;Công ty cổ phần Dược phẩm CPC1 Hà Nội;Hộp;https://www.pharmacity.vn/product/hantacid-10ml-cpc1-hop-30-ong
Muldini NamHa Pharma ( Hộp 25 gói x 1.5g);16000;Dexpanthenol,  Nicotinamide (Niacin,  Vitamin B3,  Vitamin PP),  Vitamin B1 (Thiamine),  Vitamin B2 (Riboflavin),  Vitamin B6 (Pyridoxine hydrochloride);Nam Ha;Gói;https://www.pharmacity.vn/product/muldini-namha-pharma-hop-25-goi-x-15g
Tenafine cream (Tuýp 15g);78300;Terbinafine hydrochloride 150mg/15g;Dae Hwa Pharm Co.,LTD;Tuýp;https://www.pharmacity.vn/product/tenafine-cream-tuyp-15g
Agidopa 250mg (10 Vỉ x 10 Viên);110000;Methyldopa 250mg;Agimexpharm;Hộp;https://www.pharmacity.vn/product/agidopa-250mg-10-vi-x-10-vien
Gentamicin Kabi 80mg/2ml ( Hop 100 Ong);2540;Gentamicin 80mg 80mg;Fresenius Kabi;Ống;https://www.pharmacity.vn/product/gentamicin-kabi-80mg2ml-hop-100-ong
Blosatin 20 Hasan  (Hop 50 Vien);1800;"Ebastine

20mg Ebastine

20mg";Hasan- Demarpharm;Viên;https://www.pharmacity.vn/product/blosatin-20-hasan-hop-50-vien
Bột pha hỗn dịch uống Augmentin ES GSK điều trị các nhiễm trùng do vi khuẩn gây ra ở trẻ (50ml);294900;Sau khi hoàn nguyên,  mỗi 5 mL hỗn dịch thuốc chứa 600mg amoxicillin (dưới dạng amoxicillin trihydrate) Và 42, 9mg acid claVulanic (dưới dạng kali claVulanate),  tỷ lệ 14:1;GSK ETC;Chai;https://www.pharmacity.vn/product/bot-pha-hon-dich-uong-augmentin-es-gsk-50ml
RiVaxored 15mg Dr.Reddy's (Hop 14 Vien);35536;RiVaroxaban 15mg;Reddy;Viên;https://www.pharmacity.vn/product/rivaxored-15mg-drreddys-hop-14-vien
Benfosafe 150mg (Hộp 30 Viên);7384;Benfotiamin 150mg 150mg;Armephaco;Viên;https://www.pharmacity.vn/product/benfosafe-150mg-hop-30-vien
Soliqua SoloStar Sanofi (Hop 3 but);623333;;Sanofi Others;But;https://www.pharmacity.vn/product/soliqua-solostar-sanofi-hop-3-but
Tenotrust 25 BV Pharma (Hộp 30 Viên);9700;TenofoVir alafenamide 25mg;Alphachymotrypsin;Viên;https://www.pharmacity.vn/product/tenotrust-25-bv-pharma-hop-30-vien
Dixasyro 5ml Hataphar (Hộp 10 ống);6000;Dexamethason natri phosphat Tương ứng với Dexamethason 2mg 2mg;Hataphar;Ống;https://www.pharmacity.vn/product/
Atineuro 250mg/5ml An Thien (Hộp 20 Ống);154500;Gabapentin 250mg/5ml 250mg/5ml;An Thien;Hộp;https://www.pharmacity.vn/product/atineuro-250mg5ml-an-thien-hop-20-ong
Rotorlip 20 DHG (Hộp 3 vỉ x 10 viên);180000;Rosuvastatin 20mg;DHG Pharma;Hộp;https://www.pharmacity.vn/product/rotorlip-20-dhg-hop-3-vi-x-10-vien
Chamcromus 0,03% TW2 (Tuýp 10g);103000;Tacrolimus Chamcromus 0,03%;TW2;Tuýp;https://www.pharmacity.vn/product/chamcromus-003-tw2-tuyp-10g
Chamcromus 0,1% TW2 (Tuýp 10g);139000;Tacrolimus Chamcromus 0,1%;TW2;Tuýp;https://www.pharmacity.vn/product/chamcromus-01-tw2-tuyp-10g
Corneil 5mg Davipharm (Hộp 3 vỉ x 10 viên);18000;BISOPROLOL Bisoprolol 5mg;Davipharm;Hộp;https://www.pharmacity.vn/product/corneil-5mg-davipharm-hop-3-vi-10-vien
Cồn xoa bóp đa dụng An Triệu hỗ trợ điều trị phong thấp, tê bại, đau lưng, nhức mỏi (chai 100ml);37000;Đinh hương - hoa, Quế nhục - vỏ thân cành, Đại hồi - quả, Nhũ hương - gôm nhựa 7.50g, 6.00g, 4.50g, 3.90g;An Trieu;Chai;https://www.pharmacity.vn/product/con-xoa-bop-da-dung-an-trieu-chai-100ml
Dung dịch uống Pidoncam 1200mg/5ml điều trị chóng mặt, suy giảm trí nhớ, giật rung cơ (20 ống x5ml);220000;Piracetam 1200mg;Công ty CP Dược Phẩm VTYT - Hà Nam;Hộp;https://www.pharmacity.vn/product/pidoncam-1200mg5ml-hop-20-ong-x5ml
Salonpas (Hộp 24 bao x 10 miếng) – Giảm đau nhanh, kháng viêm tại chỗ;348000;Methyl salicylat ,l-Menthol,dl-Camphor ,Tocopherol acetat;Salonpas;Hộp;https://www.pharmacity.vn/product/salonpas-hop-24-bao-x-10-mieng-65cmx42cm
Viên nén Telfast BD 60mg trị viêm mũi dị ứng, mày đay (3 vỉ x 10 viên);42000;Fexofenadin 60mg;Sanofi CHC Local;Vỉ;https://www.pharmacity.vn/product/telfast-bd-60mg-hop-3-vi-x-10-vien
Cao xoa Bạch hổ hoạt lạc cao khu phong, hoạt lạc, tiêu viêm, chỉ thống (hộp 8g);15500;Methyl salicylate 1,6g,  tinh dầu bạc hà  1,272g,  Camphor  0,872g,  Tinh dầu quế  0,12g,  Đinh hương  0,16g ,  Eucalytol  0,392g ,  Menthol  0,64g;Cao Bach Ho;Hộp;https://www.pharmacity.vn/product/cao-xoa-bop-bach-ho-hoat-lac-cao-lo-8g
Viên nén No- Panes 40mg chống co thắt cơ trơn đường tiêu hóa (10 vỉ x10 viên);70000;DrotaVerin 40mg;TIPHARCO;Hộp;https://www.pharmacity.vn/product/no-panes-40mg-hop-10-vi-x-10-vien
Viên nén ITOPAGI 50mg điều trị đầy hơi, chướng bụng, ợ nóng, buồn nôn (10 vỉ x 10 viên);392100;Itoprid hydroclorid 50mg;Excl. Agimexpharm;Hộp;https://www.pharmacity.vn/product/itopagi-50mg-10vi-x-10vien
Viên nang HAPACOL 650MG giảm đau từ nhẹ đến vừa và hạ sốt (10 vỉ x 10 viên);58000;Paracetamol 650mg;DHG Pharma;Hộp;https://www.pharmacity.vn/product/hapacol-capl-650mg-hop-10-vi-x-10-vien
Viên nang Uphaxime 200mg kháng sinh điều trị nhiễm khuẩn (1 vỉ x 10 viên);49000;ceefixime 200mg 200;TW25;Hộp;https://www.pharmacity.vn/product/uphaxime-200mg-1vix10vien
Viên nang Cefdinir 300 - HV điều trị nhiễm khuẩn (2 vỉ x 10 viên);140000;Cefdinir 300mg;US Pharma;Hộp;https://www.pharmacity.vn/product/cefdinir-300-hv-hop-2-vi-x-10-vien-nang-cung
Viên nén Levothyrox 100mcg điều trị bướu giáp đơn thuần lành tính (2 vỉ x 15 viên);60960;"Levothyroxine natri 
 100mcg";Merck Export GMBH;Hộp;https://www.pharmacity.vn/product/levothyrox-100mcg-2-vi-x-15-vien
Thuốc hít Breztri 160/7.2/5mcg Astrazeneca giảm co thắt phế quản cấp tính (120 liều);1100000;Budesonid 160mcg, Glycopyrronium 7,2mcg, Formoterol fumarat dihydrat 5mcg;AstraZeneca;Hộp;https://www.pharmacity.vn/product/breztri-aerosphere-160725mcg-120-lieu
VITAMIN C KABI AMP IM/IV 500MG /5ML 6 ống;17000;Vitamin C 500mg/5ml;Fresenius Kabi;Chai;https://www.pharmacity.vn/product/vitamin-c-kabi-amp-imiv-500mg-5ml-6-ong
Bột pha tiêm Hydrocortison Bidiphar (1 ống x 2ml);15000;Hydrocortison 100mg 100mg;Hydrosol;Hộp;https://www.pharmacity.vn/product/bot-pha-tiem-hydrocortison-bidiphar-1-ong-x-2ml
Atozet 10mg/20mg (Hộp 3 vỉ x 10 viên);24500;Ezetimibe, Atorvastatin;Merck Sharp & Dohme;Viên;https://www.pharmacity.vn/product/atozet-10mg20mg-hop-3-vi-x-10-vien
B12 Ankermann (Hộp 2 vỉ x 25 viên);7700;CYANOCOBALAMIN 1000 MICROGRAM;Artesan Pharma;Viên;https://www.pharmacity.vn/product/b12-ankermann-hop-2-vi-x-25-vien
Dung dịch tiêm truyền Natri Clorid 0.9% Fresenius Kabi bổ sung điện giải và nước trong các trường hợp mất nước (500ml);15000;Natrichlorid;Fresenius Kabi;Chai;https://www.pharmacity.vn/product/natri-clorid-inf-pls-bttl-09-500ml-1
Thuốc Alfavir Tablet Incepta điều trị viêm gan B mạn tính (1 vỉ x 10 viên);380000;Tenofovir alafenamid 25mg 25mg;INCEPTA PHARMACEUTICALS LTD;Hộp;https://www.pharmacity.vn/product/alfavir-tablet-incepta-10-vien
Bisotexa 10mg (Hộp 3 Vỉ x 10 Viên);6334;Bisoprolol fumarate  10 mg 10mg;Pro Med;Viên;https://www.pharmacity.vn/product/bisotexa-10mg-hop-3-vi-x-10-vien
Dimedrol HD 10mg/1ml (Hộp 100 ống x 1ml);694;Diphenhydramine 10mg/ml 10mg/ml;Duoc VTYT Hai Duong;Ống;https://www.pharmacity.vn/product/dimedrol-hd-10mg1ml-hop-100-ong-x-1ml
Cefuroxim VPC 500mg (1 vỉ x 10 Viên);51500;Cefuroxime 500mg;Pharimexco;Hộp;https://www.pharmacity.vn/product/cefuroxim-500mg-1-vi-x-10-vien-vpc
Nebilet 5mg (2vix14vien);7975;Nebivolol 5mg 5mg;Menarini;Viên;https://www.pharmacity.vn/product/nebilet-5mg-2vix14vien
Rivomoxi 400mg Hanoi Pharma (1 Vỉ x 5 Viên);52000;Moxifloxacin (dưới dạng Moxifloxacin hydrochlorid) 400 mg Moxifloxacin (dưới dạng Moxifloxacin hydrochlorid) 400 mg;HANOI PHARMA;Viên;https://www.pharmacity.vn/product/rivomoxi-400mg-hanoi-pharma-1-vi-x-5-vien
Vinsalmol 5mg/2.5ml Vinphaco (Hộp 10 Ống);84000;Sabutamol 5mg 5mg;Vinphaco;Hộp;https://www.pharmacity.vn/product/vinsalmol-5mg25ml-vinphaco-hop-10-ong
Heradrea 500 Herabiopharm (Hộp 10 vỉ x 10 viên);495000;Hydroxyurea 500mg 500mg;Herabiopharm;Hộp;https://www.pharmacity.vn/product/heradrea-500-herabiopharm-hop-10-vi-x-10-vien
Clinderm 1% Viet Phuc (Hộp 1 chai 30ml);90000;Clindamycin hydroclorid 0,3g/30ml 0,3g/30ml;Viet Phuc;Chai;https://www.pharmacity.vn/product/clinderm-1-viet-phuc-hop-1-chai-30ml
Niflad ES 600mg/42,9mg Imexpharm (4 vỉ x 7 viên);395000;Acid Clavulanic 42,9mg,  Amoxicilin 600mg;Imexpharm;Hộp;https://www.pharmacity.vn/product/niflad-es-600mg429mg-imexpharm-4-vi-x-7-vien
Ubiheal 300mg Nam Ha (Hộp 30 Viên);365000;Acid thioctic 300mg 300mg;Nam Ha;Hộp;https://www.pharmacity.vn/product/ubiheal-300mg-nam-ha-hop-30-vien
Bigiko 80 Reliv (Hộp 3 vỉ x 10 viên);5000;Cao khô bạch quả (Extractum (Folii) Ginkgonis (bilobae) siccum) 80mg Cao khô bạch quả (Extractum (Folii) Ginkgonis (bilobae) siccum) 80mg;RELIV HEALTHCARE;Viên;https://www.pharmacity.vn/product/bigiko-80-reliv-hop-3-vi-x-10-vien
Forlax 4g;125000;Macrogol 4000 (Polyethylene glycol 4000) 4g 4g;Ipsen Pharma;Hộp;https://www.pharmacity.vn/product/forlax-4g
Bivicerin 70mg Reliv (Hộp 60 viên);275000;Cao khô Silybum marianum (Extractum Silybi mariani siccum) (tương đương 70mg Silymarin) 70mg;Reliv;Hộp;https://www.pharmacity.vn/product/bivicerin-70mg-reliv-hop-60-vien
Ho Astex-S (chai 90ml);53000;Húng chanh 45,00 g Húng chanh 45,00g, Núc nác11,25 g Núc nác11,25g, Tinh dầu Bạch đàn 119,52 mg ((Tương đương với hàm lượng Cineol ≥ 83,70 mg) Tinh dầu Bạch đàn 119,52 mg (Tương đương với hàm lượng Cineol ≥ 83,7;OPC;Chai;https://www.pharmacity.vn/product/ho-astex-s-chai-90ml
Teburap 120mg Dongkoo (Hộp 10 vĩ x 10 viên);640000;Ginkgo Biloba Leaf Extract (cao khô lá bạch quả) 120mg;Dongkoo;Hộp;https://www.pharmacity.vn/product/teburap-120mg-dongkoo-hop-10-vi-10-vien
Siro Ceelin phòng và trị thiếu vitamin C (chai 60ml);44000;Acid Ascorbic 100mg/5ml;Ceelin;Chai;https://www.pharmacity.vn/product/siro-ho-tro-de-khang-nhiem-khuan-tang-chuc-nang-mien-dich-cho-tre-ceelin-vitamin-c-60ml
Thuốc nhỏ mắt, mũi Nước muối Efticol 0.9% khô mắt, rửa mắt, vệ sinh mũi (chai 10ml);26500;Natri Clorid 0.9%/10ml;Duoc pham 3/2;Lốc;https://www.pharmacity.vn/product/thuoc-nho-mat-mui-efticol-10ml
Dầu gió xanh Thiên Thảo trị cảm cúm, sổ mũi, nghẹt mũi, chóng mặt, say tàu xe (chai 12ml);23000;Đinh hương 0.24ml, Long não 0.36ml, Methyl Salicylat 2.16g, Eucalyptol 0.72ml, Menthol 2.52g/12ml;Truong Son;Chai;https://www.pharmacity.vn/product/dau-gio-xanh-thien-thao-chai-12ml
Gel Salonpas giảm đau cơ, đau lưng, đau khớp, cứng vai (tuýp 30g);46000;Methyl Salicylat 15%, I-Menthol 7%;Salonpas;Tuýp;https://www.pharmacity.vn/product/gel-giam-dau-khang-viem-salonpas-gel-hisamitsu-30g
Viên đặt trực tràng Efferalgan 80mg giảm đau từ nhẹ đến vừa và hạ sốt (2 vỉ x 5 viên);11550;Paracetamol 80mg;Efferalgan;Vỉ;https://www.pharmacity.vn/product/thuoc-dieu-tri-cac-trieu-chung-dau-dau-efferalgan-80mg
Viên nén bao đường Berberal 10mg trị lỵ trực khuẩn, lỵ amip, viêm ruột, tiêu chảy (chai 120 viên);29000;Berberin 10mg;Nadyphar;Chai;https://www.pharmacity.vn/product/thuoc-tri-tieu-chay-berberal-10mg
Viên nén Ameflu Daytime Ban Ngày trị các triệu chứng ho cảm thông thường (10 vỉ x 10 viên);145000;Paracetamol 500mg, Guaifenesin 200mg, Phenylephrin 10mg, Dextromethorphan 15mg;Ameflu;Hộp;https://www.pharmacity.vn/product/thuoc-lam-giam-cac-trieu-chung-cam-lanh-va-cam-cum-ban-ngay-ameflu-10-vi-x-10-vienhop
Bột sủi bọt Hapacol 250mg giảm đau, hạ sốt (hộp 24 gói);2000;Paracetamol 250mg;DHG Pharma;Gói;https://www.pharmacity.vn/product/hapacol-250-24-goi
Bột pha uống Smecta Orange-Vanilla 3g điều trị tiêu chảy, rối loạn tiêu hóa (hộp 30 gói);4667;Diosmectit 3g;Ipsen Pharma;Gói;https://www.pharmacity.vn/product/thuoc-dieu-tri-tieu-chay-cap-o-tre-em-smecta-diosmectite-30-goihop
Siro Traluvi điều trị biếng ăn, ra mồ hôi trộm, cơ thể suy nhược, người nóng, đau lưng (chai 100ml);42000;Thục địa 32g, Hoài sơn 16g, Sơn thù 16g, Mẫu đơn bì 12g, Phục linh 12g, Trạch tả 12g;Traphaco;Chai;https://www.pharmacity.vn/product/traluvi-caol-long
Cao lỏng Cortonyl trợ tim, ngất do suy tim, mất ngủ , lao lực, an thần (chai 25ml);19800;Natri Camphosulfonat 2.5g, Lạc tiên 5g/25ml;OPC;Chai;https://www.pharmacity.vn/product/thuoc-an-than-tro-tim-cortonyl-25ml
Viên nang Thông xoang Tán Nam Dược điều trị viêm mũi, viêm xoang (hộp 50 viên);125000;Bạch chỉ 300mg, Tân di 200mg, Cảo bản 200mg;Nam Duoc;Hộp;https://www.pharmacity.vn/product/thuoc-thao-duoc-dieu-tri-viem-mui-viem-xoang-man-tinh-thong-xoang-tan-50-vien-lo
Viên giải phóng có kiểm soát Vastarel MR 35mg điều trị đau thắt ngực ổn định (2 vỉ x 30 viên);178600;Trimetazidin 35mg;Servier International;Hộp;https://www.pharmacity.vn/product/thuoc-dieu-tri-cac-trieu-chung-dau-that-nguc-vastarel-mr-35mg
Viên ngậm Tyrotab sát khuẩn, trị viêm họng (hộp 24 viên);13000;Tyrothricin 1mg, Tetracain 0.1mg;Pharmedic;Hộp;https://www.pharmacity.vn/product/vien-ngam-sat-trung-cac-benh-o-hong-va-mieng-tyrotab-24-vien-hop
Sanlein Eye Drop 0.1% x 5ml – Nước mắt nhân tạo, làm dịu khô mắt;69500;Natri Hyaluronat 0.1%/5ml;Santen;Chai;https://www.pharmacity.vn/product/dung-dich-nho-mat-dieu-tri-roi-loan-bieu-mo-giac-ket-mac-sanlein-dry-eye-0-1-5ml
Viên nang Eugica Fort điều trị các chứng ho, đau họng, sổ mũi, cảm cúm (10 vỉ x 10 viên);9000;Eucalyptol 100mg, Mentho 0,5mg, Tinh dầu gừng 0,75mg;Eugica;Vỉ;https://www.pharmacity.vn/product/thuoc-dieu-tri-cac-chung-ho-dau-hong-so-mui-cam-cum-eugica-fort-10-vi-x-10-vien
Viên sủi bọt Efferalgan Codeine 500mg/30mg giảm đau cấp tính ở mức độ trung bình (10 vỉ x 4 viên);200000;Paracetamol 500mg, Codein 30mg;Efferalgan;Hộp;https://www.pharmacity.vn/product/thuoc-giam-dau-efferalgan-codeine-hop-40-vien
Viên nén Bromhexin 4mg FT Pharma tiêu nhầy, loãng đàm, giảm ho (10 vỉ x 20 viên);1450;Bromhexin 4mg;Duoc pham 3/2;Vỉ;https://www.pharmacity.vn/product/thuoc-dieu-tri-lam-tan-dam-trong-viem-phe-quan-man-tinh-bromhexin-4mg-10-vi-x-20-vienhop
Viên nén Mifestad 10mg ngừa thai khẩn cấp 120 giờ (1 vỉ x 1 viên);8000;Mifepriston 10mg;STELLA;Hộp;https://www.pharmacity.vn/product/thuoc-tranh-thai-khan-cap-trong-120-gio-mifestad-10mg
Viên ngậm Strepsils Orange & Vita C trị đau họng (50 gói x 2 viên);4400;Dichlorobenzyl Alcohol 1.2mg, Amylmetacresol 0.6mg;Strepsils;Gói;https://www.pharmacity.vn/product/viem-ngam-tri-dau-hong-strepsils-orange-vita-c-100-vienhop
Thuốc xịt mũi Flixonase 0.05% trị và dự phòng viêm mũi dị ứng theo mùa (chai 60 liều);149900;Fluticason 50mcg;GSK ETC;Hộp;https://www.pharmacity.vn/product/flixonase-nasal-spray-hop-1-chai-60-lieu-xit
Klamentin 500/125mg (625mg) – Kháng sinh trị nhiễm khuẩn (3 vỉ x 4 viên);61500;Amoxicilin 500mg, Acid Clavulanic 125mg;DHG Pharma;Hộp;https://www.pharmacity.vn/product/thuoc-khang-sinh-klamentin-625mg-hop-3-vi-x-4-vien
Viên nén Dochicin 1mg bệnh gút cấp, viêm sụn khớp (2 vỉ x 10 viên);28000;Colchicine 1mg;Domesco;Hộp;https://www.pharmacity.vn/product/thuoc-dieu-tri-gut-dochicin-1mg
Viên nang Amlor Cap 5mg điều trị tăng huyết áp, đau thắt ngực (3 vỉ x 10 viên);237000;Amlodipin 5mg;Viatris (Pfizer UpJohn);Hộp;https://www.pharmacity.vn/product/amlor-amlodipine-5mg-hop-30-vien
Viên nén Clarithromycin 500mg STELLA điều trị nhiễm khuẩn đường hô hấp (4 vỉ x 7 viên);154000;Clarithromycin 500mg;STELLA;Hộp;https://www.pharmacity.vn/product/thuoc-dieu-tri-viem-hong-va-viem-amidan-clarithromycin-stada-500mg
Viên nén Hapacol 650mg extra làm giảm đau các cơn đau, hạ sốt (10 vỉ x 10 viên);5500;Paracetamol 650mg, Caffein 65mg;DHG Pharma;Vỉ;https://www.pharmacity.vn/product/thuoc-giam-dau-ha-sot-khong-gay-buon-ngu-hapacol-extra-650mg-10-vi-x-10-vien-hop
Viên nén Dolfenal 500mg giảm đau, kháng viêm đau khớp, đau răng, đau đầu (25 vỉ x 4 viên);150000;Mefenamic Acid 500mg;United Pharma;Hộp;https://www.pharmacity.vn/product/vien-nen-dolfenal-500mg-giam-dau-khang-viem-dau-khop-dau-rang-dau-dau-25-vi-x-4-vien
Viên nang Acetylcystein 200mg Nadyphar tiêu nhầy, loãng đàm, giảm ho (10 vỉ x 10 viên);5500;Acetylcystein 200mg;Nadyphar;Vỉ;https://www.pharmacity.vn/product/thuoc-dieu-tri-cac-benh-duong-ho-hap-acetylcystein-200mg
Viên đặt âm đạo Neo-Tergynan điều trị viêm âm đạo (1 vỉ x 10 viên);168000;Metronidazol 500mg, Neomycin 65000IU, Nystatin 100000IU;Bouchara;Hộp;https://www.pharmacity.vn/product/thuoc-dieu-tri-viem-am-dao-neo-tergynan-1-vi-x-10-vienhop
Dầu nóng Mặt Trời điều trị nhức mỏi, tê thấp, đau lưng, cảm mạo, cúm (chai 60ml);68000;Methyl Salicylat, Tinh dầu bạc hà, Camphor, Tinh dầu quế, Dầu paraffin ;OPC;Chai;https://www.pharmacity.vn/product/dau-nong-mat-troi
Thuốc nhỏ mắt Rohto Antibacterial trị lẹo mắt, viêm kết mạc, ngứa mắt (chai 13ml);56000;Sodium Sulfamethoxazole, E- Aminocaproic Acid, Chlorpheniramin ;Vrohto;Hộp;https://www.pharmacity.vn/product/thuoc-nho-mat-tri-mat-leo-viem-ket-mac-nhiem-khuan-vrohto-antibacterial-13ml
Tiffy viên (25 vỉ x 4 viên) – Giảm nhanh triệu chứng cảm cúm;4500;Paracetamol 500mg, Phenylephrin 10mg, Chlorpheniramin 2mg;Tiffy;Vỉ;https://www.pharmacity.vn/product/thuoc-dieu-tri-cac-trieu-chung-cam-cum-tiffy-dey-25-vi-x-4-vien
Viên nén sủi bọt Calcium 500mg bổ sung calci, ngừa loãng xương, còi xương (tuýp 20 viên);70000;Calcium Carbonate 300mg, Calcium lactate gluconate 2940mg;STELLA;Chai;https://www.pharmacity.vn/product/oos-by-ncc-calcium-500mg-vien-sui
Viên nhai Air-X Hương vị cam trị đầy hơi, chướng bụng (10 vỉ x 10 viên);9000;Simethicon 80mg;Air-X;Vỉ;https://www.pharmacity.vn/product/thuoc-chong-day-hoi-va-chuong-bung-air-x-10-vi-x-10-vien-hop
Bột hít Symbicort Turbuhaler 160/4.5mcg điều trị hen, bệnh phổi tắc nghẽn mãn tính (hộp 60 liều);240000;Budesomid 160mcg/dose, Formotriol 4.5mcg/dose;AstraZeneca;Chai;https://www.pharmacity.vn/product/symbicort-turbuhaler-hop-1-ong-60-lieu
Tobrex Drop 0.3% 5ml – Kháng sinh nhỏ mắt, trị nhiễm khuẩn;48000;Tobramycin 0.3%/5ml;Novartis;Hộp;https://www.pharmacity.vn/product/tobrex-hop-1-lo-5ml
Hỗn dịch nhỏ mắt Tobradex điều trị tình trạng viêm mắt (chai 5ml);57000;Tobramycin 3mg, Dexamethason 1mg/5ml;Novartis;Hộp;https://www.pharmacity.vn/product/thuoc-nho-mat-dieu-tri-cac-tinh-trang-viem-mat-tobradex-5ml
Viên nén Tanakan 40mg điều trị các triệu chứng rối loạn nhận thức ở người lớn tuổi (2 vỉ x 15 viên);77500;Ginkgo biloba 40mg;Ipsen Pharma;Vỉ;https://www.pharmacity.vn/product/thuoc-dieu-tri-suy-giam-nhan-thuc-va-than-kinh-cam-giac-tanakan-40mg
Enterogermina 5ml (Hộp/20 ống) – Cân bằng vi sinh, khỏe đường ruột;174600;Bacillus Clausii 5ml;Sanofi CHC import;Hộp;https://www.pharmacity.vn/product/thuoc-ho-tro-tieu-hoa-enterogermina-hop-20-ong
Tobicom (3 gói x 6 vỉ x 10 viên/hộp);288000;Sodium chondroitin Sulfate, Cholin hydrotartrate, Riboflavin, Thiamine;ICA Biotechnological;Hộp;https://www.pharmacity.vn/product/thuoc-dieu-tri-nhuc-moi-mat-quang-ga-tobicom-cap-3-goi-x-6-vi-x-10-vienhop
Nước muối Natri Clorid 3/2 dùng súc miệng và rửa vết thương (chai 500ml);11000;Natri Chloride 4.5g;Duoc pham 3/2;Chai;https://www.pharmacity.vn/product/natri-clorid-suc-mieng-32-da-doi-sang-ma-moi
Thuốc nhỏ mũi Otrivin 0.05% trị sung huyết mũi, viêm xoang, viêm mũi dị ứng (chai 10ml);40500;Xylometazolin 0;GSK OTC;Chai;https://www.pharmacity.vn/product/thuoc-nho-mui-giam-nghet-mui-otrivin-0-05-nasal-drops-10ml
Viên nang Vitamin C 500mg Vidipha phòng và trị thiếu vitamin C (10 vỉ x 10 viên);30000;Vitamin C 500mg;Vidipha;Hộp;https://www.pharmacity.vn/product/thuoc-dieu-tri-cac-benh-do-thieu-vitamin-c-500mg
Viên nén bao phim giải phóng kéo dài Natrilix SR 1,5mg điều trị tăng huyết áp nguyên phát (3 vỉ x 10 viên);110000;Indapamid 1.5mg;Servier International;Hộp;https://www.pharmacity.vn/product/natrilix-sr-hop-3-vi-x-10-vien
Viên nén Kim tiền thảo điều trị sỏi đường tiết niệu, sỏi thận (hộp 100 viên);70000;Kim tiền thảo 120mg;OPC;Hộp;https://www.pharmacity.vn/product/thuoc-tri-benh-soi-duong-tiet-nieu-soi-than-kim-tien-thao-100-vien-bao-phimhop
Viên nang Cảm xuyên hương trị các triệu chứng ho cảm thông thường (10 vỉ x 10 Viên);9000;Cát cánh 6g, Kinh giới 6g, Tử uyển 6g, Bách bộ 6g, Xuyên khung 6g, Hương phụ 6g, Cam thảo 3g, Trần bì 3g;Yen Bai;Vỉ;https://www.pharmacity.vn/product/thuoc-dieu-tri-cam-cum-nhuc-dau-so-mui-cam-xuyen-huong-10-vi-x-10-vienhop
Viên nén Serc 8mg điều trị chóng mặt, rối loạn tiền đình (4 vỉ x 25 viên);215000;Betahistin 8mg;Abbott;Hộp;https://www.pharmacity.vn/product/thuoc-dieu-tri-chong-mat-do-nguyen-nhan-tien-dinh-serc-8mg-100-vienhop
Viên nén Lipitor 20mg điều trị tăng cholesterol máu, giảm mỡ máu (3 vỉ x 10 viên);415200;Atorvastatin 20mg;Viatris (Pfizer UpJohn);Hộp;https://www.pharmacity.vn/product/lipitor-hop-3-vi-x-10-vien
Viên nén Zinnat Tab 500mg kháng sinh điều trị nhiễm khuẩn (1 vỉ x 10 viên);230000;Cefuroxim 500mg;Sandoz;Hộp;https://www.pharmacity.vn/product/thuoc-dieu-tri-cac-trieu-chung-nhiem-khuan-duong-ho-hap-zinnat-500mg
Viên nén Viagra 100mg điều trị rối loạn cương dương ở nam giới (1 vỉ x 4 viên);812000;Sildenafil 100mg;Viatris (Pfizer UpJohn);Hộp;https://www.pharmacity.vn/product/thuoc-dieu-tri-roi-loan-cuong-duong-viagra-100mg
Viên nang Cephalexin 500mg Vidipha điều trị nhiễm khuẩn (10 vỉ x 10 viên);105000;Cephalexin 500mg;Vidipha;Hộp;https://www.pharmacity.vn/product/thuoc-dieu-tri-cac-nhiem-khuan-do-vi-khuan-nhay-cam-gay-ra-cephalexin-500mg
Siro Ho Bảo Thanh trị ho, tiêu đờm, viêm họng, viêm phế quản (chai 125ml);67000;Mật ong, Ô mai, Tỳ bà diệp, Khổ hạnh nhân, Xuyên bối mẫu, Cát cánh, Sa sâm, Trần bì, Phục linh, Khoản đông hoa;Bao Thanh;Chai;https://www.pharmacity.vn/product/thuoc-bo-phe-tru-ho-hoa-dom-bao-thanh-125ml
Viên nang B complex C - Vidipha dự phòng và bổ sung thiếu hụt vitamin nhóm B, C (10 vỉ x 10 viên);14500;Vitamin B1 15mg, Vitamin B2 10mg, Vitamin B6 5mg, Vitamin PP 50mg, Vitamin C 100mg;Vidipha;Vỉ;https://www.pharmacity.vn/product/thuoc-du-phong-thieu-cac-vitamin-nhom-b-va-vitamin-c-b-complex-c-10-vi-x-10-vien-hop
Thuốc dùng ngoài Axcel Hydrocortisone trị viêm da, chàm, dị ứng, ngứa (tuýp 15g);35000;Hydrocortisone 1%w/w;Kotra Pharma;Tuýp;https://www.pharmacity.vn/product/axcel-hydrocortisone-cream-15gm
Viên nang OP.CIM Viên Ích Mẫu điều trị kinh nguyệt không đều, đau bụng kinh (5 vỉ x 10 viên);12000;Ích mẫu 4g, Hương phụ 1.25g, Ngải cứu 1g;OPC;Vỉ;https://www.pharmacity.vn/product/opcim-vien-ich-mau-opc
Viên nén Tanatril 5mg điều trị tăng huyết áp (10 vỉ x 10 viên);480000;Imidapril 5mg;Abbott;Hộp;https://www.pharmacity.vn/product/thuoc-chi-dinh-dieu-tri-tang-huyet-ap-tanatril-tablets-5mg-10-vi-x-10-vienhop
Viên nén Zyrtec 10mg điều trị triệu chứng viêm mũi dị ứng, mày đay (1 vỉ x 10 viên);75000;Cetirizin 10mg;GSK ETC;Hộp;https://www.pharmacity.vn/product/thuoc-dieu-tri-viem-mui-di-ung-quanh-nam-zyrtec-10mg
Acyclovir STADA Cream - Đức 2g – Kem bôi trị herpes, zona;29000;Acyclovir 0.05;STADA;Tuýp;https://www.pharmacity.vn/product/kem-dieu-tri-virus-herpes-acyclovir-stada-2g
Viên nang PANTOSTAD 40mg viêm thực quản trào ngược (4 vỉ x 7 viên);50400;Pantoprazole 40mg;STELLA;Hộp;https://www.pharmacity.vn/product/thuoc-dieu-tri-hoi-chung-trao-nguoc-da-day-thuc-quan-pantoprazole-stada-40mg
Thuốc dùng ngoài Fucidin 2% điều trị các nhiễm khuẩn tại chỗ (tuýp 15g);80000;Acid Fusidic 2%;Leo Pharma;Tuýp;https://www.pharmacity.vn/product/kem-boi-dieu-tri-nhiem-khuan-tai-cho-fucidin-cream-2-15g
Thuốc dùng ngoài Dibetalic trị viêm da dị ứng, chàm, vảy nến, viêm thần kinh da (tuýp 15g);19000;Betamethason 9.6mg, Acid salicylic 0.45g;Traphaco;Tuýp;https://www.pharmacity.vn/product/kem-boi-ngoai-da-dibetalic-15g
Viên nén Hasanflon 500mg điều trị suy tĩnh mạch, trĩ cấp tính (3 vỉ x 10 viên);38650;Diosmin 450mg, Hesperidin 50mg;Hasan- Demarpharm;Vỉ;https://www.pharmacity.vn/product/thuoc-dieu-tri-suy-tinh-mach-man-tinh-hasanflon-500mg
Viên nén Bambec 10mg điều trị hen phế quản, viêm phế quản mãn tính (3 vỉ x 10 viên);174000;Bambuterol 10mg;AstraZeneca;Hộp;https://www.pharmacity.vn/product/bambec-10mg-hop-3-vi-x-10-vien
Medrol Tab 4mg (3 vỉ x 10viên) - Chống viêm, giảm dị ứng hiệu quả;37900;Methyl Prednisolon 4mg;Pfizer PBG;Hộp;https://www.pharmacity.vn/product/medrol-methylprednisolone-4mg
Viên nang Boganic Forte hỗ trợ các bệnh lý về gan, mỡ máu (5 vỉ x 10 viên);115000;Cao Actiso 200mg, Cao biển súc 150mg, Cao bìm bìm 16mg;Boganic;Hộp;https://www.pharmacity.vn/product/thuoc-bo-gan-loi-mat-thong-tieu-giai-doc-boganic-forte-traphaco-5-vi-x-10-vien
Viên nén Hapacol 500 mg Extra làm giảm đau các cơn đau, hạ sốt (10 vỉ x 10 viên);5040;Paracetamol 500mg, Caffein 65mg;DHG Pharma;Vỉ;https://www.pharmacity.vn/product/hapacol-extra-hop-10-vi-x-10-vien
Viên bao phim Famotidin 40mg - Dược phẩm 3/2 điều trị viêm loét dạ dày tá tràng (10 vỉ x10 viên);47600;Famotidine 40mg;Duoc pham 3/2;Hộp;https://www.pharmacity.vn/product/thuoc-dieu-tri-loet-dj-day-ta-trang-famotidin-40mg-100-vienhop
Viên đặt âm đạo Fluomizin 10mg điều trị nhiễm nấm âm đạo, nhiễm khuẩn âm đạo (1 vỉ x 6 viên);128990;Dequalinium Chlorid 10mg;Medinova;Hộp;https://www.pharmacity.vn/product/vien-dat-am-dao-chuyen-tri-nhiem-nam-fluomizin-10mg-1-vi-x-6-vien-hop
Viên nén Ultracet 37,5mg/325mg điều trị các cơn đau từ trung bình đến nặng (3 vỉ x 10 viên);225000;Paracetamol 325mg, Tramadol 37.5mg;Janssen;Hộp;https://www.pharmacity.vn/product/thuoc-dieu-tri-cac-con-dau-tu-trung-binh-den-nang-ultracet-3-vi-x-10-vienhop
Viên nén Dextromethorphan 15mg 3/2 trị ho khan do kích thích (20 vỉ x 30 viên);287400;Dextromethorphan 15mg;Duoc pham 3/2;Hộp;https://www.pharmacity.vn/product/thuoc-dieu-tri-cac-chung-ho-khan-gay-kho-chiu-dextromethorphan-15mg-20-vi-x-30-vienhop
Viên nén Mydocalm 50mg trị triệu chứng co cứng cơ sau đột quỵ ở người lớn (3 vỉ x 10 viên);93870;Tolperison 50mg;Gedeon Richter;Hộp;https://www.pharmacity.vn/product/thuoc-dieu-tri-trieu-chung-co-cung-co-sau-dot-quy-o-nguoi-lon-mydocalm-50mg-3-vi-x-10-vienhop
Viên nang Akinol điều trị các dạng mụn trứng cá nặng (3 vỉ x 10 viên);165000;Isotretinoin 10mg;Phil Inter Pharma;Hộp;https://www.pharmacity.vn/product/thuoc-dieu-tri-mun-trung-ca-akinol-10mg
Viên nén Coveram 5mg/5mg điều trị tăng huyết áp (hộp 30 viên);255000;Amlodipin 5mg, Atenolol 5mg;Servier International;Hộp;https://www.pharmacity.vn/product/thuoc-dieu-tri-benh-tim-va-tang-huyet-ap-vo-can-coveram-5mg-5mg
Cốm pha uống Klacid 125mg/5ml điều trị nhiễm khuẩn đường hô hấp (chai 60ml);127000;Clarithromycin 125mg;Abbott;Hộp;https://www.pharmacity.vn/product/thuoc-dieu-tri-nhiem-vi-khuan-nhay-cam-viem-amidan-viem-tai-giua-viem-xoang-cap-klacid-125mg-5ml
Viên nén Carduran 2mg điều trị tăng huyết áp, u xơ tiền liệt tuyến (1 vỉ x 10 viên);86000;Doxazosin 2mg;Viatris (Pfizer UpJohn);Hộp;https://www.pharmacity.vn/product/thuoc-dieu-tri-buou-lanh-tien-liet-tuyen-tang-huyet-ap-carduran-2mg-10-vienhop
Viên nén Lipanthyl NT 145mg Abbott điều trị tăng Cholesterol máu và giảm tiến triển bệnh võng mạc đái tháo đường (30 viên);365490;Fenofibrat 145mg;Abbott;Hộp;https://www.pharmacity.vn/product/thuoc-dieu-tri-tang-cholesterol-tang-triglycerid-trong-mau-lipanthyl-nt-145mg-3-vi-x-10-vienhop
Hỗn dịch khí dung Pulmicort Respules 500mcg/2ml trị hen phế quản (20 ống x 2ml);300000;Budesonid 500mcg/2ml;AstraZeneca;Hộp;https://www.pharmacity.vn/product/thuoc-dieu-tri-hen-phe-quan-pulmicort-respules-500mcg2ml
Dung dịch tiêm Lantus 100IU/ml insulin trị đái tháo đường 0;530000;Insulin glargine 100IU/ml;Sanofi GEM;Hộp;https://www.pharmacity.vn/product/lantus-100iuml-x-10ml-lo-r
Viên nén Exforge 10mg/160mg điều trị tăng huyết áp (2 vỉ x 14 viên);509600;Amlodipin 10mg, Valsartan 160mg;Novartis;Hộp;https://www.pharmacity.vn/product/thuoc-dieu-tri-tang-huyet-ap-vo-can-exforge-10160mg-2-vi-x-14-vienhop
Viên nén Arcoxia 120mg điều trị viêm và giảm các cơn đau khớp, đau cấp (3 vỉ x10 viên);588000;Etoricoxib 120mg;Arcoxia;Hộp;https://www.pharmacity.vn/product/thuoc-dieu-tri-cac-dau-hieu-va-trieu-chung-thoai-hoa-khop-cap-man-tinh-arcoxia-120mg-3-vi-x-10-vienhop
Dầu gió xanh Eagle Brand trị cảm cúm, sổ mũi, nghẹt mũi, chóng mặt, say tàu xe (chai 12ml);45000;Menthol, Methyl Salicylat, Eucalyptus Oil;Eagle;Chai;https://www.pharmacity.vn/product/dau-gio-eagle-12ml
Thuốc nhỏ mắt Ciprofloxacin 0.3% 3/2 điều trị loét giác mạc, nhiễm khuẩn ở mắt (chai 5ml);5000;Ciprofloxacin 0;Duoc pham 3/2;Chai;https://www.pharmacity.vn/product/thuoc-nho-mat-dieu-tri-va-phong-ngua-cac-nhiem-khuan-mat-ciprofloxacin-03-5ml
Viên nén Ameflu ban ngay + Vita C trị các triệu chứng ho cảm thông thường (10 vỉ x 10 viên);137000;Paracetamol 500mg, Ascorbic Acid 100mg, Guaifenesin 200mg, Pseudoephedrine 30mg, Dextromethorphan 15mg;Ameflu;Hộp;https://www.pharmacity.vn/product/thuoc-tri-cac-trieu-chung-cam-cum-ban-ngay-ameflu-vitamin-c-10-vi-x-10-vienhop
Viên nang Bioflora 200mg ngăn ngừa và điều trị tiêu chảy (hộp 10 viên);117000;Saccharomyces Boulardii 200mg;Bioflora;Hộp;https://www.pharmacity.vn/product/thuoc-dieu-tri-tieu-chay-cap-o-nguoi-lon-va-tre-em-bioflora-200mg
Viên nang Avodart 0.5mg điều trị tăng sản lành tính tuyến tiền liệt (3 vỉ x 10 viên);480000;Dutasterid 0.5mg;GSK ETC;Hộp;https://www.pharmacity.vn/product/thuoc-dieu-tri-phi-dai-tuyen-tien-liet-avodart-05mg
Thuốc bột Hydrite phòng và điều trị mất nước và chất điện giải (30 gói x 4.1g);2600;NaCl 0.52 g, Na Citrat 0.58 g, KCl 0.3g, glucose khan 2.7g.;United Pharma;Gói;https://www.pharmacity.vn/product/thuoc-bu-nuoc-chat-dien-giai-hydrite-30-goi-x-41ghop
Viên nén sủi bọt CalSource 600mg/400IU bổ sung calci, D3, phòng và trị loãng xương (tuýp 10 viên);53800;Calcium lactate gluconate 1358mg, Calcium Carbonate 1050mg, cholecalciferol 400IU;GSK OTC;Chai;https://www.pharmacity.vn/product/calsource-600mg-400-iu-vitamin-d3-effer-hop-10-vien-sui
Viên nén Aluvia 200mg hỗ trợ điều trị nhiễm HIV (chai 120 viên);1605000;Lopinavir 200mg, Ritonavir 50mg;Abbott;Chai;https://www.pharmacity.vn/product/thuoc-dieu-tri-nhiem-hiv-aluvia-tab-200mg
Viên giải phóng có kiểm soát Komboglyze XR 5mg/1000mg điều trị đái tháo đường type 2 (4 vỉ x 7 viên);602000;Metfomin 1000mg, Stitagliptin 5mg;AstraZeneca;Hộp;https://www.pharmacity.vn/product/thuoc-dieu-tri-dai-thao-duong-komboglyze-xr-5mg1000mg
Hỗn dịch nhỏ mắt Flumetholon 0.1% trị viêm bờ mi, viêm kết mạc, viêm giác mạc (chai 5ml);32500;Fluorometholon 1%w/w;Santen;Hộp;https://www.pharmacity.vn/product/thuoc-nho-mat-dieu-tri-viem-giac-mac-viem-ket-mac-flumetholon-01-5ml
Thuốc nhỏ mắt Mydrin-P Eye 0,5% giãn đồng tử, liệt cơ thể mi cho chẩn đoán, điều trị (chai 10ml);70000;Tropicamide 5mg, Phenylephrine 5mg;Santen;Hộp;https://www.pharmacity.vn/product/thuoc-dieu-tri-mat-tai-mui-hong-mydrin-p-eye-drop-10ml
Hỗn dịch uống Konimag làm giảm buồn nôn, khó tiêu do dư acid, khó chịu dạ dày (30 gói x 7ml);2100;Aluminum 300mg, Simethicon 25mg, Magnesium 300mg;Konimex;Gói;https://www.pharmacity.vn/product/thuoc-dieu-tri-viem-loet-duong-tieu-hoa-giam-buon-non-konimag-30-goi-x-7ml-hop
Dung dịch nhỏ mắt Acular 0.5% giảm tạm thời ngứa mắt do viêm kết mạc dị ứng theo mùa (chai 5ml);73000;Ketorolac tromethamine 0.5%w/w;Allergan;Hộp;https://www.pharmacity.vn/product/acular-5ml
Hỗn dịch tiêm Mixtard 30 Flexpen 100IU/ml insulin trị đái tháo đường 0;850000;Insulin human, rDNA;Novo Nordisk A/S;Hộp;https://www.pharmacity.vn/product/thuoc-dieu-tri-benh-dai-thao-duong-mixtard-30-flexpen-100iuml-hop-5-ong
Viên nang Acnotin 20mg điều trị các dạng mụn trứng cá nặng (3 vỉ x 10 viên);450000;Isotretinoin 20mg;Mega Lifesciences;Hộp;https://www.pharmacity.vn/product/acnotin-20-hop-3-vi-x-10-vien
Thuốc dùng ngoài Differin 0.1% điều trị mụn trứng cá (tuýp 30g);172000;Adapalene 0.1%w/w;Galderma;Tuýp;https://www.pharmacity.vn/product/differin-cream-01-30g
Viên nén Drosperin 3mg/0,02mg thuốc tránh thai hàng ngày (1 vỉ x 28 viên);170000;Drospirenon 3mg, Ethinyl Estradiol 0.02mg;Abbott;Hộp;https://www.pharmacity.vn/product/thuoc-tranh-thai-drosperin-20-28-vien-hop
Viên nén Cozaar XQ 5mg/50mg điều trị tăng huyết áp (3 vỉ x 10 viên);345000;Amlodipin 5mg, Losartan 50mg;Merck Sharp & Dohme;Hộp;https://www.pharmacity.vn/product/cozaar-xq-5mg50mg-30-vienhop
Viên nén Claminat 1g điều trị nhiễm khuẩn (2 vỉ x 7 viên);185200;Amoxicilin 875mg, Acid Clavulanic 125mg;Imexpharm;Hộp;https://www.pharmacity.vn/product/thuoc-dieu-tri-nhiem-khuan-duong-ho-hap-psm-claminat-1g
Viên nén Plavix 75mg phòng ngừa thành lập cục máu đông, huyết khối (1 vỉ x 14 viên);290000;Clopidogrel 75mg;Sanofi GEM;Hộp;https://www.pharmacity.vn/product/thuoc-dieu-tri-va-du-phong-nhoi-mau-co-tim-dot-quy-plavix-75mg
Viên nén Priligy 30mg điều trị xuất tinh sớm ở nam giới (1 vỉ x 3 viên);616000;Dapoxetin 30mg;Menarini;Hộp;https://www.pharmacity.vn/product/thuoc-dieu-tri-roi-loan-cuong-duong-priligy-30mg-3-vienhop
Viên nén MesHanon 60mg trị nhược cơ, tắc ruột do liệt ruột, bí tiểu sau phẫu thuật (3 vỉ x 10 viên);134000;Pyridostigmin bromid, Anti cholinesterase;Hasan- Demarpharm;Hộp;https://www.pharmacity.vn/product/thuoc-dieu-tri-tao-bon-nang-meshanon-60mg-hop-3vi-x-10vien
Viên nén Xarelto 10mg điều trị, phòng ngừa huyết khối tĩnh mạch (1 vỉ x 10 viên);592990;Rivaroxaban 10mg;Bayer (Others);Hộp;https://www.pharmacity.vn/product/thuoc-du-phong-dot-quy-va-thuyen-tac-mach-toan-than-chong-huyet-khoi-xarelto-10mg-1-vi-x-10-vienhop
Viên nén Prednison 5mg VNE kháng viêm, điều trị viêm thấp khớp, chống dị ứng (chai 500 viên);220500;Prednisone 5mg;Imexpharm;Chai;https://www.pharmacity.vn/product/prednison-5mg-vne-2-lop-chai-500vien-imexpharm
Viên nang Prednison 5mg  Imexpharm Chai 200 viên kháng viêm, chống dị ứng, ức chế miễn dịch;160000;Prednisone 5mg;Imexpharm;Chai;https://www.pharmacity.vn/product/prednison-5mg-vna-chai-200vien-imexpharm
Viên nén Roxithromycin 150mg điều trị nhiễm khuẩn đường hô hấp (2 vỉ x 10 viên);32000;Roxithromycin 150mg;Imexpharm;Hộp;https://www.pharmacity.vn/product/thuoc-dieu-tri-nhiem-trung-pms-roxithromycin-150mg-2vi-x10vien
Bột pha tiêm Solu-Medrol 40mg trị viêm thấp khớp, hen suyễn, lupus ban đỏ hệ thống (1 lọ x 1ml);59500;Methylprednisolone 40mg;Pfizer PBG;Hộp;https://www.pharmacity.vn/product/thuoc-dieu-tri-viem-khop-dang-thap-bat-thuong-chuc-nang-vo-thuong-than-solu-medrol-inj-40mg
Viên nén Loratadin Imexpharm 10mg trị viêm mũi dị ứng, mày đay, ngứa (2 vỉ x10 viên);8400;Loratadin 10mg;Imexpharm;Vỉ;https://www.pharmacity.vn/product/thuoc-dieu-tri-viem-mui-di-ung-ngua-va-may-day-loratadin-10mg-2-vi-x-10-vien-hop
Viên nén Mibetel 40mg điều trị tăng huyết áp (3 vỉ x 10 viên);84000;Telmisartan 40mg;Hasan- Demarpharm;Hộp;https://www.pharmacity.vn/product/thuoc-dieu-tri-cao-huyet-ap-mibetel-40mg-3-vi-x-10-vienhop
Stadgentri Cream 10g;10000;Betamethasone dipropionate 6.4mg, Clotrimazole 100mg, Gentamycin Sulfate 10mg;STADA;Hộp;https://www.pharmacity.vn/product/stadgentri-cream-10g
Viên nang Doncef 500mg kháng sinh điều trị nhiễm khuẩn (3 vỉ x 10 viên);61000;Cefradin 500mg;Pymepharco;Hộp;https://www.pharmacity.vn/product/thuoc-dieu-tri-cac-benh-nhiem-khuan-da-doncef-500mg
Viên nang Berberin 100mg Domesco trị lỵ trực khuẩn, lỵ amip, viêm ruột, tiêu chảy (chai 100 viên);115000;Berberin 100mg;Domesco;Chai;https://www.pharmacity.vn/product/thuoc-tri-cac-chung-nhiem-khuan-duong-ruot-tieu-chay-va-kiet-ly-berberin-100mg-100-vienchai
Acemuc 200mg (Hộp/30 viên) – Tiêu nhầy, thông thoáng đường thở;27000;Acetylcystein 200mg;Sanofi CHC Local;Vỉ;https://www.pharmacity.vn/product/thuoc-dieu-tri-cac-roi-loan-tiet-dich-duong-ho-hap-acemuc-200mg-3-vi-x-10-vien-hop
Viên nén Cordarone 200mg phòng ngừa và điều trị một số dạng rối loạn nhịp tim (2 vỉ x 15 viên);220400;;Sanofi GEM;Hộp;https://www.pharmacity.vn/product/thuoc-dieu-tri-va-phong-ngua-tai-phat-nhip-nhanh-that-cordarone-200mg-2-vi-x-15-vienhop
Viên nang Piropharm 20mg kháng viêm, giảm đau xương khớp, viêm khớp dạng thấp (10 vỉ x 10 viên);50000;"Piroxicam 
 20mg";Imexpharm;Hộp;https://www.pharmacity.vn/product/thuoc-khang-viem-khong-steroid-pms-piropharm-20mg-10-vi-x-10-vienhop
Viên nén Viagra 50mg điều trị các tình trạng rối loạn cương dương (1 vỉ x 1 viên);126500;Sildenafil 50mg;Viatris (Pfizer UpJohn);Hộp;https://www.pharmacity.vn/product/viagra-50mg-1-vi-x-1-vienhop
Gel uống Kremil làm giảm các triệu chứng đau dạ dày (30 gói x 20ml);4500;Aluminum hydroxide, magnesium Carbonate, Simethicone;United Pharma;Gói;https://www.pharmacity.vn/product/thuoc-lam-diu-cac-trieu-chung-dau-da-day-kremil-gel-30-goihop
Viên nén Re-Zoom 20mg điều trị rối loạn cương dương (2 vỉ x 2 viên);70000;Tadalafil 20mg;OPV;Hộp;https://www.pharmacity.vn/product/thuoc-dieu-tri-roi-loan-cuong-re-zoom-20mg-hop-4-vien
Dầu xoa Tiger Balm Oil 28ml đau đầu, đau nhức toàn thân, bong gân (chai 28ml);63000;Camphor 15%, Methyl Salicylat 38%, Menthol 8%, Eucalyptus Oil 6%/28ml;Tiger balm;Chai;https://www.pharmacity.vn/product/tiger-balm-oil-28ml
Dầu xoa Tiger Balm Oil 57ml đau đầu, đau nhức toàn thân, bong gân (chai 57ml);92000;Camphor 15%, Methyl Salicylat 38%, Menthol 8%, Eucalyptus Oil 6%/57ml;Tiger balm;Chai;https://www.pharmacity.vn/product/tiger-balm-oil-57ml
Viên nhai Singulair Chewable 4mg điều trị hen phế quản mạn tính, viêm mũi dị ứng (2 vỉ x 14 viên);380000;Montelukast 4mg;Singulair;Hộp;https://www.pharmacity.vn/product/singulair-chewable-4mg-hop-2-vi-x-14-vien
Dung dịch uống Sterogyl 2000.000UI phòng và điều trị tình trạng thiếu vitamin D (chai 20ml);105000;Ergocalciferol 2000000UI;Domesco;Chai;https://www.pharmacity.vn/product/sterogyl-2000000ui100ml-hop-1-lo-20ml
Thuốc dùng ngoài da Salonpas Liniment giảm đau vai, đau cơ, đau khớp, bầm tím (chai 50ml);34000;Bạc hà 50mg, Methyl Salicylat, 2640mg, Vitamin E 50mg, Menthol 200mg, DL-Camphor 1500mg, Thymol 250mg, Nonoyl Vanillylamid 6mg/50ml;Salonpas;Chai;https://www.pharmacity.vn/product/dau-giam-dau-khang-viem-salonpas-liniment-50ml
Viên nén bao đường Buscopan 10mg điều trị co thắt tiêu hóa, sinh dục tiết niệu (5 vỉ x 20 viên);24980;Hyoscine N Butylbromid 10mg;Sanofi CHC import;Vỉ;https://www.pharmacity.vn/product/thuoc-chong-co-that-buscopan-10mg
Dung dịch nhỏ mắt Travatan 40mcg/ml làm giảm nhãn áp (chai 2.5ml);261000;Travoprost 0.004%/2.5ml;Alcon Pharmaceuticals;Chai;https://www.pharmacity.vn/product/dung-dich-nho-mat-lam-ha-nhan-ap-o-nhung-benh-nhan-glaucoma-goc-mo-travatan-25ml
Yaz Tabs (1 vỉ x 28 viên) – Tránh thai, trị mụn, giảm PMS hiệu quả;201000;Drospirenon 3mg, Ethinyl Estradiol 0.02mg;Bayer WHC;Hộp;https://www.pharmacity.vn/product/thuoc-tranh-thai-yaz-1-vi-x-28-vienhop
Peritol ( Hộp 10 vỉ x 10 viên);125000;Cyproheptadine 4mg;Egis Pharma;Hộp;https://www.pharmacity.vn/product/thuoc-dieu-tri-di-ung-peritol
Viên nang cứng Entero-caps 200 mg điều trị tiêu chảy cấp tính (3 vỉ x 10 viên);34000;Nifuroxazide 200mg;Domesco;Hộp;https://www.pharmacity.vn/product/entero-caps-200mg-hop-3-vi-x-10-vien
Viên nén Griseofulvin 500mg Vidipha điều trị các bệnh nấm da, lông, tóc, móng (2 vỉ x 10 viên);30000;Griseofulvin 500mg;Vidipha;Hộp;https://www.pharmacity.vn/product/griseofulvin-500mg-hop-2-vi-x-10-vien
Thuốc dùng ngoài Klenzit điều trị tại chỗ mụn trứng cá (tuýp 15g);81000;Adapalen, Clindamycin;Glenmark;Tuýp;https://www.pharmacity.vn/product/thuoc-dieu-tri-benh-trung-ca-klenzit-ms-tuyp-15g
Viên nén Pizar 6 điều trị giun (1 vỉ x 4 viên);210000;Ivermectin 6mg;Davipharm;Hộp;https://www.pharmacity.vn/product/thuoc-dieu-tri-benh-giun-chi-pizar-6-hop-4vien
Viên nén nhai OHNO hỗ trợ cai nghiện thuốc lá (hộp 12 viên);36000;Nicotine 2mg;Viet Phuc;Lọ;https://www.pharmacity.vn/product/thuoc-ho-tro-cai-nghien-thuoc-la-ohno-12-vienhop
Viên nang Berberin 100mg Mekophar trị lỵ trực khuẩn, lỵ amip, viêm ruột, tiêu chảy (chai 100 viên);71100;Berberin 100mg;Mekophar;Hộp;https://www.pharmacity.vn/product/berberin-100mg
Viên nang Tam That OPC hỗ trợ xuất huyết do rong kinh, chấn thương, chảy máu cam (2 vỉ x 10 viên);143000;Tam Thất (Radix Notoginseng) 750mg;OPC;Hộp;https://www.pharmacity.vn/product/tam-that-opc-2vi-x-10vien
Viên phóng thích kéo dài Xatral XL 10mg điều trị phì đại lành tính tuyến tiền liệt (1 vỉ x 30 viên);482000;Alfuzosin Hydrochlorid 10mg;Sanofi GEM;Hộp;https://www.pharmacity.vn/product/thuoc-dieu-tri-phi-dai-tuyen-tien-liet-xatral-xl-10mg
Viên nén Ketosan 1mg trị dị ứng, phòng ngừa hen (3 vỉ x 10 viên);23000;ketotifen 1mg;Hasan- Demarpharm;Hộp;https://www.pharmacity.vn/product/ketosan-3vi-x-10vien
Viên nén Stablon 12.5mg điều trị trạng thái trầm cảm(2 vỉ x 15 viên);120000;Tianeptin 12.5mg;Servier International;Hộp;https://www.pharmacity.vn/product/thuoc-dieu-tri-tram-cam-stablon-2vi-x-15vien
Emzinc (H/100vien);289000;Zinc acetate 20mg;Emcure;Hộp;https://www.pharmacity.vn/product/emzinc-h100vien
Viên nang mềm đặt âm đạo Lomexin bệnh vi nấm candida sinh dục (1 vỉ x 6 viên);131000;Fenticonazole nitrate 200mg;Recordati;Hộp;https://www.pharmacity.vn/product/lomexin-hop-1-vi-x-6-vien
Dung dịch uống Betasiphon hỗ trợ các bệnh lý về gan mật, tiêu hóa, giải độc gan (hộp 18 ống);4578;Cao lỏng Râu Mèo 0.5ml, Cao lỏng Actisô 1.2ml, Sorbitol 1g;Nadyphar;Ống;https://www.pharmacity.vn/product/thuoc-dieu-tri-cac-benh-gan-mat-than-roi-loan-tieu-hoa-betasiphon-18-ong-x-5mlhop
Viên nang Amlodipin 5mg điều trị tăng huyết áp, đau thắt ngực (3 vỉ x 10 viên);17800;Amlodipin 5mg;Domesco;Hộp;https://www.pharmacity.vn/product/amlodipin-5mg-hop-3-vi-x-10-vien
Viên nén Misoprostol Stella 200 mcg điều trị loét tá tràng, dạ dày lành tính (3 vỉ x 10 viên);135000;Misoprostol 200mcg;STELLA;Hộp;https://www.pharmacity.vn/product/misoprostol-stella-200-mcg-hop-3-vi-x-10-vien
Viên nén bao phim Rosuvastatin STELLA 10mg điều trị tăng cholesterol máu (3 vỉ x 10 viên);91000;Rosuvastatin 10mg;STELLA;Hộp;https://www.pharmacity.vn/product/thuoc-dieu-tri-tang-cholesterol-apolipoprotein-b-triglycerid-trong-mau-rosuvastatin-stada-10mg-3-vi-x-10-vienhop
Thuốc dùng ngoài Xamiol trị bệnh vảy nến thông thường (tuýp 15g);284500;Calcipotriol 50mcg/g, Betamethason 0.5mg/g;Leo Pharma;Tuýp;https://www.pharmacity.vn/product/xamiol-gel-15g
Viên nén Arcoxia 90mg điều trị viêm và giảm các cơn đau cơ xương khớp (3 vỉ x 10 viên);495000;Etoricoxib 90mg;Arcoxia;Hộp;https://www.pharmacity.vn/product/thuoc-dieu-tri-cac-dau-hieu-va-trieu-chung-thoai-hoa-khop-cap-man-tinh-arcoxia-90mg-3-vi-x-10-vienhop
Viên nén Coveram 10mg/10mg điều trị tăng huyết áp (hộp 30 viên);392000;Amlodipin 10mg, Atenolol 10mg;Servier International;Chai;https://www.pharmacity.vn/product/thuoc-dieu-tri-tang-huyet-ap-va-benh-dong-mach-vanh-on-dinh-coveram-10mg10mg-30-vienhop
Viên nén bao phim Lacipil Tab 2mg GSK điều trị tăng huyết áp (4 vỉ x 7 viên);124500;Lacidipine 2mg;GSK ETC;Hộp;https://www.pharmacity.vn/product/thuoc-dieu-tri-huye-ap-lacipil-tab-2mg-gsk
Viên nén Serenata-100 trị trầm cảm, rối loạn xung lực ám ảnh cưỡng chế (10 vỉ x 10 viên);413000;Sertraline 100mg;Torrent Pharm;Hộp;https://www.pharmacity.vn/product/serenata-100mg-hop-10-vi-x-10-vien
Viên nén Postinor 1  (Hộp 1 viên) - Ngừa thai khẩn cấp;40000;Levonorgestrel 1.5mg;Gedeon Richter;Hộp;https://www.pharmacity.vn/product/vien-nen-postinor-1-hop-1-vien---ngua-thai-khan-cap
Viên nén Cavinton Forte 10mg Gedeon điều trị rối loạn tuần hoàn não, giảm thính lực (2 vỉ x 15 viên);163000;Vinpocetin 10mg;Gedeon Richter;Hộp;https://www.pharmacity.vn/product/cavinton-forte30vien
Gel dùng đường trực tràng Bibonlax Baby điều trị táo bón (10 tuýp x 5g);118000;Sorbitol 2,5g, Natri citrate 0,36g;Duoc pham Ha Noi;Hộp;https://www.pharmacity.vn/product/thuoc-dang-gel-dieu-tri-tao-bon-cho-tre-em-bibonlax-baby-10-tuyp-x-5g-hop
Terpincodein - F (10 vỉ x 10 viên/hộp);8900;Terpin Hydrat 200mg, Codein Phosphat 5mg;TVPharma;Vỉ;https://www.pharmacity.vn/product/thoc-tri-ho-long-dom-viem-phe-quan-terpincodein-f-10-vi-x-10-vienhop
Candid B Cream 15g;25800;Clotrimazole 1%w/w,  Beclometasone  0.025%w/w;Glenmark;Tuýp;https://www.pharmacity.vn/product/candid-b-cream-15g
Viên nén Lamictal 25mg điều trị động kinh, rối loạn lưỡng cực (3 vỉ x 10 viên);147990;Lamotrigine 25mg;GSK ETC;Hộp;https://www.pharmacity.vn/product/lamictal-25mg-3vi-x-10vien
Panadol Cold & Flu (Hộp/180 viên) – Giảm nhanh các triệu chứng cảm cúm;14400;Paracetamol 500mg, Caffein 25mg, Phenylephrin 5mg;GSK OTC;Vỉ;https://www.pharmacity.vn/product/panadol-cold--flu-hop180-vien--giam-nhanh-cac-trieu-chung-cam-cum
Viên nén Obimin bổ sung vitamin và khoáng chất cho phụ nữ có thai và cho con bú (10 vỉ x 10 viên);25000;Vitamin A, B, B, B1, B2, B6, B12, Niacinamid, Calcium Pantothenat, Acid Folic, Ferrous Fumarat, Calcium Lactat pentahydrat, Đồng sulfat, Potassium Iodid;Obimin;Vỉ;https://www.pharmacity.vn/product/obimin-tab-h100v-10vi-x-10vien
Bột pha uống ACC 200mg tiêu nhầy trong các bệnh phế quản - phổi (hộp 50 gói);2200;Acetylcysteine 200mg;Novartis;Gói;https://www.pharmacity.vn/product/acc-200mg-hop-50-goi
Viên nang Clindamycin EG 300mg điều trị nhiễm khuẩn (10 vỉ x10 viên);211000;Clindamycin 300mg;Pymepharco;Hộp;https://www.pharmacity.vn/product/pyclin-300-hop-10-vi-x-10-vien
Viên nang Cerecaps - Huyết Dưỡng Não hỗ trợ điều trị suy nhược thần kinh chức năng (3 vỉ x 10 viên);88000;Hồng hoa 45mg, Xích thược 60mg, Đương quy 110mg, Xuyên khung 110mg, Sinh địa 60mg, Chỉ xác 45mg, Sài hồ 45mg, Ngưu tất 60mg, Cam thảo 60mg, Bạch quả 15mg;Mediplantex;Hộp;https://www.pharmacity.vn/product/cerecaps-huyet-duong-nao-h30vien
Viên nén Menison 16mg kháng viêm, điều trị viêm thấp khớp, chống dị ứng (3 vỉ x 10 viên);70000;Methylprednisolone 16mg;Pymepharco;Hộp;https://www.pharmacity.vn/product/menison-16mg-h30vien
Thuốc dùng ngoài Calcrem 1% chống vi nấm phổ rộng (tuýp 15g);22000;"Clotrimazol 
 0";Satyam;Tuýp;https://www.pharmacity.vn/product/kem-boi-da-chong-vi-nam-pho-rong-calcrem-15g
Dung dịch uống Tothema bổ sung sắt, bổ máu (2 vỉ x 10 ống);6000;Sắt 50mg, Đồng 1.33mg, Mangan 0.7mg;InnotheraChouzy;Ống;https://www.pharmacity.vn/product/dung-dich-uong-dieu-tri-thieu-mau-do-thiet-sat-tothema-2-vi-x-10-onghop
Viên nén Daygra 100mg điều trị rối loạn cương dương ở nam giới (1 vỉ x 4 viên);192000;Sildenafil 100mg;GLOMED-ABBOTT;Hộp;https://www.pharmacity.vn/product/daygra-100mg-hop-4vien
Viên nén Atasart 8mg điều trị tăng huyết áp, suy tim (2 vỉ x 7 viên);44800;Candesartan Cilexitil 8mg;Getz Pharm;Hộp;https://www.pharmacity.vn/product/thuoc-dieu-tri-tang-huyet-ap-atasart-8mg
Viên nén Clopalvix 75mg phòng ngừa biến cố huyết khối do xơ vữa, nghẽn mạch (5 vỉ x 14 viên);385000;Clopidogrel 75mg;Boston;Hộp;https://www.pharmacity.vn/product/clopalvix-5vi-x-14vien
Thuốc dùng ngoài Klenzit - C điều trị tại chỗ mụn trứng cá (tuýp 15g);114000;Clindamycin, Adapalene;Glenmark;Tuýp;https://www.pharmacity.vn/product/thuoc-dieu-tri-benh-trung-ca-klenzit-c-tuyp-15g
Viên nén Lorastad Stella 10mg trị viêm mũi dị ứng, mày đay, ngứa (10 vỉ x 10 viên);8000;Loratadin 10mg;STELLA;Vỉ;https://www.pharmacity.vn/product/thuoc-dieu-tri-lam-giam-trieu-chung-viem-mui-di-ung-chung-noi-may-day-man-tinh-lorastad-10mg-10-vi-x-10-vienhop
Viên nang Orlistat Stada 120mg hỗ trợ giảm calo trong điều trị béo phì, thừa cân (2 vỉ x 21 viên);173450;Orlistat 120mg;STADA;Vỉ;https://www.pharmacity.vn/product/thuoc-dieu-tri-beo-phi-va-ngan-ngua-tang-can-orlistat-stada-120mg
Viên nén Panangin 140/158mg điều trị suy tim, sau nhồi máu cơ tim, loạn nhịp tim (hộp 50 viên);141000;Potassium aspartate, Magnesium aspartate;Gedeon Richter;Lọ;https://www.pharmacity.vn/product/thuoc-phong-ngua-dieu-tri-cac-tinh-trang-thieu-mg-tang-nhu-cau-k-mg-panangin-lo50vien
Biseptol 80ml;114900;Sulfamethoxazole 200mg, Trimethoprim 40mg/5ml;Medana Pharma - Ba Lan;Chai;https://www.pharmacity.vn/product/biseptol-80ml
Viên nén Marvelon 0,15mg/0,03mg thuốc tránh thai hàng ngày (3 vỉ x 21 viên);243000;Desogestrel 0.15mg, Ethinyl Estradiol 0.03mg;Organon;Hộp;https://www.pharmacity.vn/product/marvelon-h3vi
Viên nén NICOMEN 5MG điều trị đau thắt ngực (10 vỉ x 10 viên);360000;Nicorandil 5mg;Standard Chem;Hộp;https://www.pharmacity.vn/product/thuoc-dieu-tri-benh-mach-vanh-nicomen-5mg-10-x10
Bột pha tiêm Nexium 40mg điều trị viêm loét dạ dày (hộp 1 chai);161000;Esomeprazole sodium 40mg;Nexium;Hộp;https://www.pharmacity.vn/product/nexium-inj-40mg
Thuốc tiêm Lovenox 40mg/0.4ml điều trị dự phòng bệnh thuyên tắc huyết khối tĩnh mạch (hộp 2 ống);203900;Enoxaparin sodium 40mg/0,4ml;Sanofi GEM;Hộp;https://www.pharmacity.vn/product/lovenox-40mg04ml
Viên nén Distocide 600mg điều trị các loại sán gây bệnh ở người (1 vỉ x 4 viên);34000;"Praziquantel
 600mg";Shin Poong Daewoo VN;Hộp;https://www.pharmacity.vn/product/distocide-600mg-hop-1-vi-x-4-vien
Viên nén Uruso 300mg điều trị sỏi mật, cải thiện chức năng gan (3 vỉ x 10 viên);389990;Acid Ursodeoxycholic 300mg;Daewoong Pharm;Hộp;https://www.pharmacity.vn/product/thuoc-dieu-tri-benh-gan-mat-man-tinh-uruso-300mg-3-vi-x-10-vienhop
Viên nén Ivabradine 5mg - SaVi điều trị đau thắt ngực ổn định (5 vỉ x 10 viên);177000;Ivabradine 5mg;Savi;Hộp;https://www.pharmacity.vn/product/ivabradine-5mg-savi
Dung dịch uống Gamalate B6 hỗ trợ trong điều trị suy nhược thần kinh chức năng (Chai 100ml);205000;Magnesium glutamate Hbr 100mg, GABA 100mg, GABOB 50mg, Pyridoxine 50mg;Ferrer Internacional S.A.;Chai;https://www.pharmacity.vn/product/gamalate-b6-hop-1-chai-80ml
Thuốc dùng ngoài Progestogel 1% điều trị các bệnh vú lành tính (tuýp 80g);173000;Progesterone 1%w/w;Besins International;Tuýp;https://www.pharmacity.vn/product/thuoc-dieu-tri-cac-benh-vu-lanh-tinh-progestogel-1-crem-80g
Viên nén Savi Tenofovir 300mg trị và dự phòng nhiễm HIV, viêm gan B mạn tính (3 vỉ x 10 viên);99000;Tenofovir 300mg;Savi;Hộp;https://www.pharmacity.vn/product/thuoc-dieu-tri-dieu-tri-nhiem-hiv-tuyp-1-savi-tenofovir-300mg
Viên nang PM Kiddiecal bổ sung calci và D3 (chai 30 viên);275000;Calcium Hydrogen Phosphate Anhydrous 678mg, Cholecalciferol 200IU, Phytomenadione 30mcg;Other;Chai;https://www.pharmacity.vn/product/pm-kiddiecal30vien
Viên nén Regulon 0,03mg/0,15mg thuốc tránh thai hàng ngày (1 vỉ x 21 viên);70000;Desogestrel 0.15mg, Ethinyl Estradiol 0.03mg;Gedeon Richter;Hộp;https://www.pharmacity.vn/product/regulon-hop-1-vi-x-21-vien
Viên nén Hasanbest 500mg/5mg điều trị đái tháo đường type 2 (2 vỉ x 15 viên);43500;Metformin 500mg,  Glibenclamide 5mg;Hasan- Demarpharm;Hộp;https://www.pharmacity.vn/product/hasanbest-5005-2vi-x-15vien
Prednisolone 5mg TVPharma (Chai/500 viên) – Kháng viêm, điều trị dị ứng;140000;Prednisolon 5mg;TVPharma;Chai;https://www.pharmacity.vn/product/thuoc-chong-viem-va-uc-che-mien-dich-prednisolone-5mg-chai-500-vien
Viên nén Zopistad 7.5mg điều trị ngắn hạn chứng mất ngủ (1 vỉ x 10 viên);24000;Zopiclon 7.5mg;STELLA;Hộp;https://www.pharmacity.vn/product/zopistad-75mg-hop-1-vi-x-10-vien
Kem bôi ngoài da Jasunny điều trị nấm ngoài da (tuýp 10g);23700;Etoconazole, Clobetasol propionate;Other;Tuýp;https://www.pharmacity.vn/product/kem-boi-da-jasunny-10g
Viên nén Tydol Plus chỉ định giảm đau nhẹ, hạ sốt (10 vỉ x 10 viên);12000;Paracetamol 500mg, Caffein 65mg;OPV;Vỉ;https://www.pharmacity.vn/product/thuoc-giam-dau-ha-sot-tydol-plus-hop-10-vi-x-10-vien
Viên nén Hapacol 650mg điều trị các triệu chứng đau đầu và sốt (chai 100 viên);58000;Paracetamol 650mg;DHG Pharma;Chai;https://www.pharmacity.vn/product/thuoc-giam-dau-ha-sot-hapacol-650mg-chai-100-vien
Viên nang Sentipec 50mg trị lo âu ở người lớn và rối loạn hành vi nặng ở trẻ em (5 vỉ x 10 viên);40200;Sulpirid 50mg;Boston;Hộp;https://www.pharmacity.vn/product/thuoc-dieu-tri-tam-than-phan-liet-cap-va-man-tinh-sentipec-50mg-5-vi-x-10-vienhop
Viên nang Sáng mắt Traphaco điều trị nhức mắt, mỏi mắt (10 vỉ x 10 viên);8500;Thục địa 800mg, Hoài sơn  800mg, Trạch tả 800mg, Cúc hoa 800mg, Hà thủ ô đỏ 800mg, Thảo quyết minh 800mg, Đương quy 800mg, Hạ khô thảo 500mg;Traphaco;Vỉ;https://www.pharmacity.vn/product/thuoc-sang-mat-traphaco-10-vi-x-10-vien-hop
Viên nang Terpin Cophan 100mg trị ho, tiêu đờm (10 vỉ x 10 viên);43700;Terpin Hydrat 100mg, Dextromethorphan 10mg;Mekophar;Hộp;https://www.pharmacity.vn/product/thuoc-giam-ho-long-dam-terpin-cophan-10-vi-x-10-vienhop
Viên nang Tetracyclin 500mg điều trị nhiễm khuẩn (10 vỉ x 10 viên);92000;Tetracycline hydrocloride 500mg 500mg;Mekophar;Hộp;https://www.pharmacity.vn/product/thuoc-dieu-tri-cac-nhiem-khuan-do-chlamydia-rickettsia-lau-cau-xoan-khuan-ta-tetracyclin-500mg-10-vi-x-10-vien
Viên nang Cidetuss 100mg trị ho do kích thích, long đờm, cảm cúm, viêm mũi dị ứng (10 vỉ x 10 viên);100000;Guaifenesin 100mg, Cetirizin Dihydrochlorid 5mg, Dextromethorphan Hydrobromid 15mg;Imexpharm;Hộp;https://www.pharmacity.vn/product/thuoc-dieu-tri-ho-cidetuss-100mg-10-vi-x-10-vienhop
Viên nang Medi Eucalyptol Oval điều trị các chứng ho, đau họng, sổ mũi, cảm cúm (10 vỉ x 10 viên);9500;Eucalyptol 100mg, Menthol 0.5mg, Tinh dầu gừng 0.18mg, Tinh dầu tần 0.5mg;Mediplantex;Vỉ;https://www.pharmacity.vn/product/thuoc-dieu-tri-ho-dau-hong-va-cam-cum-medi-eucalyptol-10-vi-x-10-vien-hop
Viên nang mềm Ticonet 30mg hỗ trợ duy trì sức khỏe tim mạch (10 vỉ x 10 viên);45790;Ubidecarenon 30mg;Phil Inter Pharma;Vỉ;https://www.pharmacity.vn/product/thuoc-dieu-tri-roi-loan-tim-mach-ticonet-30mg-10-vi-x-10-vien-hop
Viên nén Magrax - F 120mg điều trị cơn gout cấp (3 vỉ x 10 viên);102800;Etoricoxib 120mg;Davipharm;Hộp;https://www.pharmacity.vn/product/thuoc-dieu-tri-viem-khop-magrax-f-120mg-3-vi-x-10-vienhop
Viên nén Digoxin Qualy 0.25mg điều trị suy tim sung huyết và rung nhĩ (1 vỉ x 30 viên);20000;Digoxin 0.25mg;Duoc pham 3/2;Hộp;https://www.pharmacity.vn/product/thuoc-dieu-tri-roi-loan-nhip-tren-that-ddigoxin-qualy-025mg-1-vi-x-30-vien
Viên nén Twynsta 40mg/5mg điều trị tăng huyết áp (14 vỉ x 7 viên);1473724;"Telmisartan 40mg, Amlodipin
 5mg";Boehringer Ingelheim;Hộp;https://www.pharmacity.vn/product/twynsta-40mg5mg-tablets-hop-14-vi-x-7-vien
Thuốc nhỏ mắt, tai Mepoly điều trị viêm kết mạc, viêm mũi dị ứng, viêm tai ngoài (chai 10ml);42000;Neomycin, Polymycin B Sulfat, Dexamethason;Merap Group;Chai;https://www.pharmacity.vn/product/mepoly-hop-1-lo-x-10ml
Viên hoàn cứng Sáng mắt 5g điều trị ác bệnh về mắt do can thận âm hư, huyết hư (hộp 10 gói);2900;Thục địa 800mg, Hoài sơn  800mg, Trạch tả 800mg, Cúc hoa 800mg, Hà thủ ô đỏ 800mg, Thảo quyết minh 800mg, Đương quy 800mg, Hạ khô thảo 500mg;Traphaco;Gói;https://www.pharmacity.vn/product/vien-sang-mat-traphaco-hop-10-goi-x-5g
Thuốc bột Sorbitol 5g DHG điều trị táo bón, rối loạn tiêu hóa, khó tiêu (20 gói x 5g);20800;Sorbitol 5g;DHG Pharma;Hộp;https://www.pharmacity.vn/product/thuoc-dieu-tri-tao-bon-roi-loan-tieu-hoa-kho-tieu-sorbitol-5g-hop-20-goi
Viên nén Metronidazol 250mg DHG điều triị nhiễm khuẩn (10 vỉ X 10 viên);30000;Metronidazol 250 mg;DHG Pharma;Hộp;https://www.pharmacity.vn/product/metronidazol-250-hop-10-vi-x-10-vien
Viên nang Hagizin 5mg điều trị phòng ngừa cơn đau nữa đầu (10 vỉ X 10 viên);104800;Flunarizil 5mg;DHG Pharma;Hộp;https://www.pharmacity.vn/product/hagizin-hop-10-vi-x-10-vien
Viên nén Glotadol Cold trị các triệu chứng ho cảm thông thường (10 vỉ x 10 viên);120000;Paracetamol 500mg, Dextromethorphan 15mg, Loratadin 5mg;GLOMED-ABBOTT;Hộp;https://www.pharmacity.vn/product/thuoc-giam-dau-ha-sot-tri-ho-khang-di-ung-glotadol-cold-hop-10-vi-x-10-vien
Thuốc dùng ngoài Erythromycin & Nghệ Medipharco trị mụn, viêm tấy, mau lành vết thương (tuýp 10g);18000;Erythromycin 0..4g, Nghệ 2g;Medipharco- Tenamyd;Tuýp;https://www.pharmacity.vn/product/kem-boi-da-dieu-tri-benh-da-lieu-lam-mau-lanh-vet-thuong-lien-seo-erythromycin-nghe-tuyp-10g
Thuốc mỡ tra mắt Mediclovir 3% điều trị viêm giác mạc do virus Herpes simplex (tuýp 5g);40000;Acyclovir 3% 0;Medipharco- Tenamyd;Tuýp;https://www.pharmacity.vn/product/thuoc-mo-tra-mat-mediclovir-3-5g
Gel bôi nha khoa Metrogyl Denta 1% điều trị các bệnh nha chu mãn tính (tuýp 20g);44000;Metronidazol 160mg;Unique Pharmaceutical Labs ;Tuýp;https://www.pharmacity.vn/product/thuoc-dieu-tri-viem-nha-chu-man-tinh-sau-rang-viem-nuou-rang-metrogyl-denta-tuyp-20g
Viên nén bao đường Levomepromazin 25mg điều trị bệnh tâm thần phân liệt (chai 100 viên);99000;Levomepromazin 25mg;Danapha;Chai;https://www.pharmacity.vn/product/thuoc-dieu-tri-cac-chung-loan-than-kinh-va-roi-loan-tam-than-thuc-the-levomepromazin-25mg-100-vienchai
Viên nang Hà Thủ Ô trị thiếu máu, chóng mặt, ù tai, đau lưng, râu tóc bạc sớm (3 vỉ x 10 viên);16000;Cao Hà Thủ Ô 154mg;Domesco;Vỉ;https://www.pharmacity.vn/product/thuoc-dieu-tri-than-suy-bo-than-bo-huyet-ha-thu-o-hop-3-vi-x-10-vien
Viên nén Comiaryl 2mg/500mg điều trị đái tháo đường type 2 (3 vỉ x 10 viên);84000;Glimepirid 2mg, Metformin 500mg;Hasan- Demarpharm;Hộp;https://www.pharmacity.vn/product/thuoc-dieu-tri-dai-thao-duong-comiaryl-2-500-mg-3-vi-x-10-vien
Viên giải phóng có kiểm soát Imidu 60mg điều trị dự phòng đau thắt ngực (3 vỉ x 10 viên);74000;Isosorbid 60mg;Hasan- Demarpharm;Hộp;https://www.pharmacity.vn/product/imidu-60mg-3-vi-x-10-vienhop
Viên nén Rotinvast 20mg điều trị tăng cholesterol máu, giảm mỡ máu (3 vỉ x 10 viên);50000;Rosuvastatin 20mg;AGIPHARM;Hộp;https://www.pharmacity.vn/product/rotinvast-20mg-3-vi-x-10-vienhop
Thuốc nhỏ mắt Metobra 0,3% điều trị tại chỗ nhiễm trùng ở mắt (chai 5ml);19800;Tobramycin 0.3%/5ml;Merap Group;Chai;https://www.pharmacity.vn/product/metobra-hop-1-chai-5ml
Viên nang Prazopro 20mg trị loét dạ dày tá tràng, viêm thực quản trào ngược (2 vỉ x 7 viên);19800;Esomeprazol 20mg;TVPharma;Hộp;https://www.pharmacity.vn/product/prazopro-20mg-2-vi-x-7-vienhop
Viên nén Agimfast 60mg điều trị triệu chứng viêm mũi dị ứng (1 vỉ x 10 viên);19900;Fexofenadin 60mg;Agi;Hộp;https://www.pharmacity.vn/product/thuoc-dieu-tri-viem-mui-di-ung-agimfast-60-1-vi-x-10-vien-hop
Viên nang Rowachol điều trị làm tan sỏi mật (10 vỉ x 10 viên);33650;Pinen 17mg, Camphen 5mg, Cineol 2mg, Menthon 3mg, Menthol 32mg, Borneol 5mg;Rowa;Vỉ;https://www.pharmacity.vn/product/rowachol-10-vi-x-10-vien
Viên nang Terpin Benzoat điều trị ho, làm long đàm (10 vỉ x 10 viên);1960;Benzoic Acid 100mg, Terpin Hydrate 50mg;Thephaco;Vỉ;https://www.pharmacity.vn/product/terpin-benzoat-10-vi-x-10-vien
Thuốc cốm pha hỗn dịch uống Aticef 250mg điều trị nhiễm khuẩn (24 gói x 1.5g);51000;Cefadroxil 250mg;DHG Pharma;Hộp;https://www.pharmacity.vn/product/aticef-250-hop-24-goi
Viên nén Fosmicin 500mg điều trị viêm tai ngoài, viêm tai giữa (2 vỉ x 10 viên);460000;Fosfomycin 500mg;Meiji Seika;Hộp;https://www.pharmacity.vn/product/fosmicin-500mg-2-vi-x-10-vienhop
Neo-Corclion F (2 Vi x 10 Vien);81000;Codeine camphosulfonat 25mg, Sulfoguaiacol 100mg, Cao mem Grindelia 20mg;TVPharma;Hộp;https://www.pharmacity.vn/product/neo-corclion-f-2-vi-x-10-vien
Viên nang Aticef 500mg điều trị nhiễm khuẩn (2 vỉ x 7 viên);30600;Cefadroxil 500mg;DHG Pharma;Hộp;https://www.pharmacity.vn/product/aticef-500-caps-hop-2-vi-x-7-vien
Viên nén Duoplavin 75mg/100mg đề phòng sự hình thành các cục máu đông (3 vỉ x 10 viên);705000;Clopidogrel, acetylsalicylic acid;Sanofi GEM;Hộp;https://www.pharmacity.vn/product/duoplavin-75mg100mg-3-vi-x-10-vienhop
Viên nén Hexinvon 8mg tiêu nhầy, loãng đàm, giảm ho (10 vỉ x 10 viên);4900;Bromhexin 8mg;GLOMED-ABBOTT;Vỉ;https://www.pharmacity.vn/product/thuoc-dieu-tri-benh-ho-hap-hexinvon-8mg-10-vi-x-10-vienhop
Viên nén Reinal 10mg điều trị phòng ngừa cơn đau nữa đầu (6 vỉ x 10 viên);59900;Flunarizil 10mg;Davipharm;Hộp;https://www.pharmacity.vn/product/thuoc-dieu-tri-du-phong-con-dau-nua-dau-reinal-10mg-6-vi-x-10-vien-hop
Viên nén Dorobay 50mg điều trị đái tháo đường không phụ thuộc insulin (type 2) (3 vỉ x 10 viên);69000;Acarbos 50mg;Domesco;Hộp;https://www.pharmacity.vn/product/dorobay-50mg-3-vi-x-10-vienhop
Viên giải phóng có kiểm soát Dorocron MR 30mg điều trị đái tháo đường type 2 (2 vỉ x 30 viên);90000;Gliclazid 30mg;Domesco;Hộp;https://www.pharmacity.vn/product/dorocron-30mg-2-vi-x-30-vienhop
Forlen 600mg (Hộp 2 vỉ x 10 viên);350000;Linezolid 600mg;Davipharm;Hộp;https://www.pharmacity.vn/product/thuoc-dieu-tri-nhiem-khuan-forlen-600mg-2-vi-x-10-vien-hop
Viên nang Allergex 8mg trị dị ứng, mày đay (5 vỉ x 10 viên);559000;Acrivastin 8mg;OPV;Hộp;https://www.pharmacity.vn/product/allergex-8mg-5-vi-x-10-vienhop
Viên nén Camoas 200mg giảm triệu chứng khó tiểu, tiểu gấp, tiểu đêm (3 vỉ x 10 viên);165000;Flavoxat Hydrochlorid 200mg;Medisun;Hộp;https://www.pharmacity.vn/product/camoas-200mg-3-vi-x-10-vienhop
Cafunten 1% (Hộp 1 tuýp x 10g);11000;"Clotrimazol 
 0";Medipharco- Tenamyd;Tuýp;https://www.pharmacity.vn/product/cafunten-tuyp-10g
Viên nén Cefprozil 250mg-US kháng sinh điều trị nhiễm khuẩn (1 vỉ x 10 viên);129000;Cefprozil 250mg;US Pharma;Hộp;https://www.pharmacity.vn/product/cefprozil-250-us-1-vi-x-10-vienhop
Viên nén Bamifen 10mg điều trị các chứng co cứng cơ vân (6 vỉ x 10 viên);162000;Baclofen 10mg;Remedica;Hộp;https://www.pharmacity.vn/product/bamifen-10mg-6-vi-x-10-vienhop
Viên nén Agicetam 800mg các bệnh tổn thương não, chóng mặt (10 vỉ x 10 viên);54000;Piracetam 800mg;AGIPHARM;Hộp;https://www.pharmacity.vn/product/thuoc-dieu-tri-chung-chong-mat-roi-loan-than-kinh-trung-uong-agicetam-800mg-10-vi-x-10-vien-hop
Hỗn dịch uống Sucrahasan trị viêm loét dạ dày, tá tràng trào ngược dạ dày thực quản (30 gói x 5ml);3300;Sucralfat 1g;Hasan- Demarpharm;Gói;https://www.pharmacity.vn/product/thuoc-dieu-tri-loet-da-day-ta-trang-sucrahasan-gel-30-goi-x-5mlhop
Hỗn dịch uống Lahm làm giảm các triệu chứng do tăng acid dạ dày (20 gói x 15g);3500;Nhom Hydroxyd 611,76mg, Magnesi Hydroxyd 800mg, Simethicon 80mg;Davipharm;Gói;https://www.pharmacity.vn/product/thuoc-khang-acid-chong-day-hoi-lahm-hop-20-goi
Broncho-Vaxom Children 3,5mg (1 vỉ x 10 viên/hộp);150000;Bacterial lysates of Haemophilus influenzae, Diplococcus pneumoniae, Klebsialla pneumoniea and azaenae, 3,5mg;OMPharma;Hộp;https://www.pharmacity.vn/product/broncho-vaxom-children-35mg-1-vi-x-10-vienhop
Viên nén Agi-Neurin điều trị rối loạn do thiếu vitamin B1, B6, B12 (10 vỉ x 10 viên);100000;Vitamin B1 125mg, Vitamin B6 125mg, Vitamin B12 125mg;AGIPHARM;Hộp;https://www.pharmacity.vn/product/thuoc-dieu-tri-benh-thieu-hut-vitamin-b1-b6-b12-agi-neurin-10-vi-x-10-vien-hop
Viên nén Vashasan MR 35mg điều trị đau thắt ngực ổn định (3 vỉ x 30 viên);104000;Trimetazidin 35mg;Hasan- Demarpharm;Hộp;https://www.pharmacity.vn/product/vashasan-mr-35mg-3-vi-x-30-vienhop
Viên nén Cebastin 20mg trị viêm mũi dị ứng, mày đay (3 vỉ x 10 viên);264000;Ebastin 20mg 20mg;Duoc pham 3/2;Hộp;https://www.pharmacity.vn/product/thuoc-dieu-tri-cac-benh-di-ung-cebastin-20mg-3-vi-x-10-vienhop
Viên nén Silygamma 150mg điều trị viêm gan, xơ gan (4 vỉ x 25 viên);142500;Silymarin 150mg 150mg;Dragenopharm Apotheker  Puschi GmbH;Vỉ;https://www.pharmacity.vn/product/thuoc-dieu-tri-viem-gan-man-tinh-xo-gan-silygamma-150mg-4-vi-x-25-vienhop
Viên nang Maxdotyl 50mg điều trị chứng lo âu ở người lớn, các rối loạn hành vi (2 vỉ x15 viên);16500;Sulpiride 50mg 50mg;Domesco;Hộp;https://www.pharmacity.vn/product/maxdotyl-50mg-hop-2-vi-x-15-vien
Viên nén Valsartan Stella 80mg điều trị tăng huyết áp, suy tim (3 vỉ x 10 viên);126000;Valsartan 80mg;STELLA;Hộp;https://www.pharmacity.vn/product/osarstad-80-hop-3-vi-x-10-vien
Thuốc nhỏ mắt Posod điều trị đục hoặc xuất huyết pha lê thể do tuổi tác, cận thị (chai 10ml);35000;Kali iod 30mg, Natri iodid 30mg;Hanlim Pharm;Chai;https://www.pharmacity.vn/product/posod-chai-10ml
Viên giải phóng có kiểm soát Janumet XR 100mg/1000mg điều trị đái tháo đường type 2 (chai 28 viên);630000;Sitagliptin 100mg, Metformin XR 1000mcg;Merck Sharp & Dohme;Hộp;https://www.pharmacity.vn/product/janumet-xr-100mg1000mg-chai-28-vien
Viên ngậm Cufo Lozenges trị đau họng (2 vỉ x 12 viên);19800;2,4-dichlorobenzyl alcohol 1.2mg, Amylmetacresol 0.6mg;Unique Pharmaceutical Labs ;Vỉ;https://www.pharmacity.vn/product/thuoc-ho-tro-dieu-tri-nhiem-khuan-hau-hong-mieng-va-dau-rat-hong-cufo-lozenges-2-vi-x-12-vienhop
Viên nang Odistad 120mg hỗ trợ giảm nhẹ calo trong điều trị béo phì, thừa cân (2 vỉ x 21 viên);207480;Orlistat 120mg 120mg;STELLA;Vỉ;https://www.pharmacity.vn/product/thuoc-giam-can-odistad-120mg-2-vi-x-21-vienhop
Viên nang AMLODIPINE EG 5mg điều trị tăng huyết áp, đau thắt ngực (3 vỉ x 10 viên);22100;Amlodipin 5mg;Pymepharco;Hộp;https://www.pharmacity.vn/product/amlodipine-eg-5mg-cap-3-vi-x-10-vienhop
Viên nén Davibest 50mg giảm triệu chứng trầm cảm và lo âu (3 vỉ x 10 viên);249000;Trazodon HCL 50mg;Davipharm;Hộp;https://www.pharmacity.vn/product/davibest-3vi-x-10vien
Enterobella 1g ( 25 Gói );5200; Bacillus clausii 1g;Mekophar;Gói;https://www.pharmacity.vn/product/enterobella-1g-25-goi
Viên nang Haisamin 200mg tăng cường sinh lực (6 vỉ x 5 viên);20000;Holothuria vagabunda 200mg;Duoc VTYT Hai Duong;Vỉ;https://www.pharmacity.vn/product/vien-nang-mem-hai-sam-tang-cuong-sinh-luc-haisamin-200mg-hop-6-vi-x-5-vien
Dầu gội Snow Clear điều trị gàu, ngứa da đầu (50 gói x 5ml);7960;Ketoconazole 15mg, Clobetasol propionate 0.25mg 15/0.25mg;Merap Group;Gói;https://www.pharmacity.vn/product/thuoc-dieu-tri-gau-ngua-da-dau-diet-nam-snow-clear-50-goi-x-5ml-hop
Dung dịch xịt mũi Aladka (Lọ 15ml);20000;Dexamethasone Naphosphate 15mg;ALADKA;Chai;https://www.pharmacity.vn/product/dung-dich-xit-mui-aladka-lo-15ml-
Viên nén Vocfor 4mg kháng viêm, giảm đau trong viêm xương khớp, viêm khớp dạng thấp (3 vỉ x 10 viên);204000;Lornoxicam 4mg;Medbolide;Hộp;https://www.pharmacity.vn/product/vocfor-4mg-3-vi-x-10-vienhop
Viên nang Bidacin 50mg điều trị triệu chứng thoái hóa khớp (3 vỉ x 10 viên);78000;Diacerein 50mg;BIDIPHAR;Hộp;https://www.pharmacity.vn/product/bidacin-50mg-hop-3-vi-x-10-vien
Viên nén Mycotrova 1000mg hỗ trợ điều trị đau co thắt cơ bắp liên quan đến xương (10 vỉ x 10 viên);242000;Methocarbamol 1000mg;Medisun;Hộp;https://www.pharmacity.vn/product/mycotrova-1000-10-vi-x-10-vienhop
Viên nén Lisonorm 5mg/10mg Gedeon điều trị tăng huyết áp (3 vỉ x 10 viên);198000;Amlodipine 5mg,  Lisinopril 10mg;Gedeon Richter;Hộp;https://www.pharmacity.vn/product/thuoc-dieu-tri-tang-huyet-ap-lisonorm-510mg-gedeon-10-vien-x-3-vihop
Viên nén bao tan trong ruột SaVi Esomeprazole 40mg điều trị viêm loét dạ dày (2 vỉ x 7 viên);49000;Esomeprazol 40mg;Minh Dan;Hộp;https://www.pharmacity.vn/product/thuoc-dieu-tri-viem-da-day-thuc-quan-esomeprazole-40-savi-7-vien-x-2-vihop
Viên nén Piracetam - Egis 1200mg điều trị triệu chứng của hội chứng tâm thần thực thể (chai 20 viên);84000;Piracetam 1200mg;Egis Pharma;Chai;https://www.pharmacity.vn/product/thuoc-dieu-tri-ton-thuong-nao-chung-chong-mat-suy-giam-tri-nho-piracetam-egis-1200mg-lo-20-vien
Viên ngậm Star cough relief OPV giảm triệu chứng ho do kích thích họng và phế quản (2 vỉ x 12 viên);52800;Dextromethorphan HBr 5mg, Benzocain 7.5mg;OPV;Hộp;https://www.pharmacity.vn/product/thuoc-dieu-tri-ho-star-cough-relief-opv-12-vien-x-2-vihop
Viên nén Medskin Clovir 200mg DHG trị nhiễm virus thủy đậu và zona, herpes simplex (5 vỉ x 10 viên);62500;Acyclovir 200mg;DHG Pharma;Hộp;https://www.pharmacity.vn/product/vien-nen-medskin-clovir-200mg-dhg-tri-nhiem-virus-thuy-dau-va-zona-herpes-simplex-5-vi-x-10-vien
Viên giải phóng có kiểm soát Perglim M - 2 2mg/500mg điều trị đái tháo đường type 2 (5 vỉ x 20 viên);310000;Glimepirid 2mg,  Metformin 500mg;Mega Lifesciences;Hộp;https://www.pharmacity.vn/product/thuoc-dieu-tri-dai-thao-duong-perglim-m-2-2mg-500mg-megawecare-20-vien-x-5-vi-hop
Viên nén Hemol 750mg trị giảm triệu chứng của các bệnh lý cơ xương cấp tính (10 vỉ x 10 viên);330800;Methocarbamol 750mg;Phương Đông;Hộp;https://www.pharmacity.vn/product/thuoc-giam-dau-trong-co-that-co-xuong-khop-hemol-750mg-phuong-dong-10-vien-x-10-vihop
Viên nén Etova 400mg BV Pharma điều trị thoái hóa khớp, viêm khớp dạng thấp (1 vỉ x 10 viên);85000;Etodolac 400mg;BV Pharma;Hộp;https://www.pharmacity.vn/product/etova-400-hop-1-vi-x-10-vien
Thuốc dùng ngoài Neutasol trị vảy nến, viêm da, chàm, dị ứng, ngứa (tuýp 30g);28000;Clobetasol Propionat 0.05%w/w;Medipharco- Tenamyd;Tuýp;https://www.pharmacity.vn/product/thuoc-boi-dieu-tri-nguama-do-neutasol-15mg-30g-medipharco-30grtuyp
Zinco 15mg (1 chai 100ml);119000;Kẽm sulfate heptahydrat 10mg;Berko;Chai;https://www.pharmacity.vn/product/zinco-100ml-berko-1chai
Bột pha uống Pricefil 250/5ml Vianex S.A kháng sinh điều trị nhiễm khuẩn (chai 30ml);185990;Cefprozil 250mg/5m;Vianex S.A;Hộp;https://www.pharmacity.vn/product/pricefil-2505ml-chai-30ml
Viên nén bao phim Mirzaten 30mg điều trị trầm cảm (3 vỉ x 10 viên);445000;Mirtazapin 30mg;Novo Mesto- Xlo Ven Ni A;Hộp;https://www.pharmacity.vn/product/mirzaten-30-novo-mesto-30vien
Viên nén Amgifer 100mg Drogsan Ilaclari trị viêm thấp khớp, đau lưng, đau bụng kinh (1 vỉ x 15 viên);155600;Flurbiprofen 100mg;Drogsan Ilaclari ;Hộp;https://www.pharmacity.vn/product/amgifer-1-vi-x-15-vienhop
Viên nén Esseil-10mg Davipharm điều trị tăng huyết áp (10 vỉ x 10 viên);653000;Cilnidipin 10mg;Davipharm;Hộp;https://www.pharmacity.vn/product/esseil-10-10-vi-x-10-vienhop
Viên nén Gourcuff-5mg Davipharm điều trị phì đại u tuyến tiền liệt (10 vỉ x 10 viên);594000;Alfuzosin HCl 5mg;Davipharm;Hộp;https://www.pharmacity.vn/product/gourcuff-5-davipharm-10vi-x-10vien
Sadapron 300mg (3 vỉ x 10 viên/hộp);110000;Allopurinol 300mg;Remedica;Hộp;https://www.pharmacity.vn/product/sadapron-300mg-3-vi-x-10-vienhop
Bột pha uống Oresol new 4,22g Bidiphar phòng và điều trị mất nước, chất điện giải (hộp 20 gói);1450;Natri clorid,  kali clorid,  Trinatri citrat khan;Công ty cổ phần Dược phẩm Quảng Bình;Gói;https://www.pharmacity.vn/product/oresol-new-hop-20-goi
Viên nén Pinclos 75mg Incepta phòng ngừa thành lập cục máu đông, huyết khối (3 vỉ x 10 viên);310000;Clopidogrel 75mg;INCEPTA PHARMACEUTICALS LTD;Hộp;https://www.pharmacity.vn/product/pinclos-75mg-3-vi-x-10-vienhop
Hỗn dịch uống Novafex 100mg/5ml Mekophar kháng sinh điều trị nhiễm khuẩn (chai 37,5ml);70000;;Mekophar;Chai;https://www.pharmacity.vn/product/thuoc-khang-viem-novafex-hop-1-chai-375-ml
Viên nang Ramcamin Medisun hỗ trợ điều trị suy tuần hoàn não, giảm trí nhớ (6 vỉ x 10 viên);222000;Vincamin 20mg, Rutin 40mg;Medisun;Hộp;https://www.pharmacity.vn/product/ramcamin-hop-6-vi-x-10-vien
Viên nén Sparenil 60mg Imexpharm giảm đau do co thắt cơ trơn ở đường tiêu hoá (3 vỉ x 10 viên);36100;Alverin citrat 60mg;Imexpharm;Hộp;https://www.pharmacity.vn/product/thuoc-dieu-tri-dau-do-co-that-co-duong-tieu-hoa-dieu-tri-thong-kinh-nguyen-phat-sparenil-60mg-3-vi-x-10-vienhop
Thuốc dùng ngoài Calamine Leopard trị dị ứng, côn trùng đốt, làm dịu mát da, trị rôm sảy (chai 60ml);42400;Calamine 15%, Kẽm oxid 5%;Leopard Medical Brand;Chai;https://www.pharmacity.vn/product/calamine-60ml-leopard-1chai
Viên nang cứng Độc Hoạt Tang Kí Sinh giảm đau lưng mỏi lưng đau vai đau gáy (10 vỉ x 10 viên);20000;Cao khô dược liệu tương đương Tang ký sinh 240mg, Địa hoàng 184mg, Bạch thược 180mg, Đỗ trọng 148mg, Đảng sâm 120mg, Phục linh 120mg, Ngưu tất 114,7mg, Tần giao 104mg, Quế nhục 92mg, Phòng phong 92mg, Xuyên khung 92mg, Độc hoạt 88mg;FitoPharma;Vỉ;https://www.pharmacity.vn/product/thuoc-dieu-tri-phong-thap-dau-dau-goi-that-lung-doc-hoat-tang-ky-sinh-10-vi-x-10-vienhop
Viên nén Vitamin B2 Traphaco phòng và điều trị thiếu vitamin B2 (6 vỉ x 30 viên);3900;Vitamin B2 2mg;Traphaco;Vỉ;https://www.pharmacity.vn/product/vitamin-b2-traphaco-6vi-x-30vien
Hỗn dịch tiêm Humalog Mix 50/50 Kwikpen 100IU/ml/100E/ml insulin trị đái tháo đường 0;1248000;Insulin Lispro (Contains Insulin Lispro Solution And Insulin Lispro Protamin Suspension) 3ml;Eli Lilly;Hộp;https://www.pharmacity.vn/product/humalog-mix-5050-kwikpen-100iuml-5but-x-3ml-inj
Viên nén Pyzacar 25mg điều trị tăng huyết áp (2 vỉ x 15 viên);53800;Losartan potassium 25mg;Pymepharco;Hộp;https://www.pharmacity.vn/product/thuoc-dieu-tri-tang-huyet-ap-pyzacar-25mg-2-vi-x-15-vien-hop
Viên nén PymeAZI 500mg điều trị nhiễm khuẩn đường hô hấp (1 vỉ x 3 viên);18000;Azithromycin 500mg;Pymepharco;Hộp;https://www.pharmacity.vn/product/pymeazi-500-hop-1-vi-x-3-vien
Viên nang Cefatam 750mg điều trị nhiễm khuẩn (10 vỉ x 10 viên);229800;Cefalexin 750mg;Pymepharco;Hộp;https://www.pharmacity.vn/product/cefatam-750mg-10-vi-x-10-vienhop
Dung dịch khí dung Zensalbu Nebules 5mg kiểm soát thường xuyên co thắt phế quản mạn (2 vỉ x 5 ống);101000;Salbutamol sulfat 5mg;Công ty cổ phần Dược phẩm CPC1 Hà Nội;Hộp;https://www.pharmacity.vn/product/zensalbu-nebules-5mg-2-vi-x-5-onghop
Thuốc bột Fabamox 250mg điều trị nhiễm khuẩn (hộp 12 gói);47000;Amoxicillin 250mg;Pharbaco (TW1);Hộp;https://www.pharmacity.vn/product/thuoc-dieu-tri-nhiem-khuan-fabamox-250mg-12-goi-x-1-4g-hop
Dung dịch uống Anticlor 2mg trị dị ứng (30 ống x 5ml);106900;Dexchlorpheniramin maleat 2mg;An Thien;Hộp;https://www.pharmacity.vn/product/anticlor-2mg-30-ong
Viên nang mềm Calcitriol 0.25mcg điều trị cường cận giáp thứ phát (3 vỉ x 30 viên);46400;Calcitriol 0,25mcg;Ha Tay;Hộp;https://www.pharmacity.vn/product/calcitriol-025mcg-3-vi-x-30-vienhop
Bột pha uống Mezapulgit điều trị viêm loét dạ dày tá tràng (hộp 30 gói);1834;Attapulgite hoạt tính, Nhôm Hydroxyd ,  Magnesi carbonat;Ha Tay;Gói;https://www.pharmacity.vn/product/mezapulgit-30-goi-x-33ghop
Viên nén Cancetil 8mg điều trị tăng huyết áp, suy tim (3 vỉ x 10 viên);66000;Candesartant cilexetil 8mg;Shin Poong Daewoo VN;Hộp;https://www.pharmacity.vn/product/cancetil-8mg-3-vi-x-10-vienhop
Hỗn dịch uống A.T Ibuprofen An Thiên giảm đau, hạ sốt, chống viêm (chai 60ml);20000;Ibuprofen 100mg/5ml/60ml;An Thien;Hộp;https://www.pharmacity.vn/product/thuoc-giam-dau-ha-sot-cho-tre-em-at-ibuprofen-syrup-chai-60mlhop
Viên nén Ivermectin 3 A.T điều trị giun (1 vỉ x 4 viên);27900;Ivermectin 3mg;An Thien;Hộp;https://www.pharmacity.vn/product/ivermectin-3-at-hop-1-vi-x-4-vien
Viên nén GliritDHG 500mg/2,5mg điều trị đái tháo đường type 2 (3 vỉ x 10 viên);60000;Metformin HCl 500mg,  Glibenclamid  2.5mg;DHG Pharma;Hộp;https://www.pharmacity.vn/product/gliritdhg-500mg25mg-hop-3-vi-x-10-vien
Viên nén Dalekine 500mg điều trị động kinh (4 vỉ x 10 viên);126000;Natri valproat 500mg;Danapha;Hộp;https://www.pharmacity.vn/product/dalekine-500mg-4-vi-x-10-vienhop
Viên nang Bofit F bổ sung sắt, bổ máu (3 vỉ x 10 viên);9000;Sắt Fumarat 162mg, Acid Folic 0,75mg, Vitamin B12 7,5mg;DHG Pharma;Vỉ;https://www.pharmacity.vn/product/bofit-f-hop-3-vi-x-10-vien
Viên nén Dacolfort 450mg/50mg điều trị suy tĩnh mạch, trĩ cấp tính (3 vỉ x 10 viên);26000;Diosmin + Hesperidin;Danapha;Vỉ;https://www.pharmacity.vn/product/dacolfort-45050mg-3-vi-x-10vienhop
Viên nén Olanxol 10mg điều trị bệnh tâm thần phân liệt (10 vỉ x 10 viên);219000;Olanzapine 10mg;Danapha;Hộp;https://www.pharmacity.vn/product/olanxol-10mg-10-vi-x-10-vienhop
Viên bao tan ở ruột Rabeto 40mg trị trào ngược dạ dày thực quản (10 vỉ x 10 viên);880000;Rabeprazol 40mg;Flamingo Pharmaceuticals Ltd. Ấn Độ;Hộp;https://www.pharmacity.vn/product/rabeto-40mg-10-vi-x-10-vienhop
Viên nén Nisten - F 7.5mg điều trị đau thắt ngực ổn định (4 vỉ x 7 viên);153800;Ivabradin (tương đương ivabradin HCl 8,1mg) 7.5mg;Davipharm;Hộp;https://www.pharmacity.vn/product/nisten-f-75mg-4-vi-x-7-vienhop
Lopigim 600mg (3vi x 10vien);120000;Gemfibrozil 600mg;AGIPHARM;Hộp;https://www.pharmacity.vn/product/lopigim-600mg-3vi-x-10vien
Viên nén Dopagan 500mg giảm đau từ nhẹ đến vừa và hạ sốt (10 vỉ x 10 viên);8490;Paracetamol 500mg;Domesco;Vỉ;https://www.pharmacity.vn/product/thuoc-giam-dau-ha-sot-dopagan-500mg-10-vi-x-10-vien-hop
Viên nén SaVi Sertraline 50mg trị trầm cảm, rối loạn hoảng sợ và ám ảnh cưỡng chế (3 vỉ x 10 viên);135000;Sertralin 50mg;Savi;Hộp;https://www.pharmacity.vn/product/thuoc-dieu-tri-benh-tram-cam-roi-loan-cuong-buc-am-anh-savi-sertraline-50mg-3-vi-x-10-vienhop
Viên nén Savi Etoricoxib 30mg điều trị viêm và giảm các cơn đau cơ xương khớp (3 vỉ x 10 viên);133900;Etoricoxib 30mg;Savi;Hộp;https://www.pharmacity.vn/product/thuoc-chong-viem-giam-dau-savi-etoricoxib-30mg-3-vi-x-10-vienhop
Hỗn dịch uống Progermila điều trị và phòng ngừa rối loạn vi khuẩn đường ruột (4 vỉ x 5 ống);7495;Bacillus Clausii 2x10^9 CFU/5ml;Công ty cổ phần Dược phẩm CPC1 Hà Nội;Ống;https://www.pharmacity.vn/product/progermila-4vi-x-5ong
Thuốc xịt mũi Mucome trị sung huyết mũi, nghẹt mũi, sổ mũi, hắt hơi (chai 10ml);46400;Xylometazolin Hydroclorid 1mg/ml;Công ty cổ phần Dược phẩm CPC1 Hà Nội;Lọ;https://www.pharmacity.vn/product/mucome-spray-10ml-lo-10ml
Dầu thuốc Trancumin trị bỏng, giúp vết thương mau lành (chai 25ml);25000;Mỡ trăn 13.675 g,  tinh dầu tràm  4.500 g,  nghệ  0.125 g,  tá dược( dầu Parafin)  4.500 g;OPC;Chai;https://www.pharmacity.vn/product/trancumin-25ml
Thuốc nhỏ mắt Biracin-E 5ml điều trị các bệnh nhiễm khuẩn mắt (chai 5ml);11990;Tobramycin 0.3%/5ml;BIDIPHAR;Chai;https://www.pharmacity.vn/product/thuoc-mattaimui-biracin-e-5ml
Viên nén Negacef 500mg kháng sinh điều trị nhiễm khuẩn (2 vỉ x 5 viên);79990;Cefuroxim 500mg;Pymepharco;Hộp;https://www.pharmacity.vn/product/thuoc-khang-sinh-negacef-500mg-2-vi-x-5-vien
Zlatko 50mg (Hộp 3 vỉ x 10 viên);180000; Sitagliptin phosphat monohydrat 50mg;Davipharm;Hộp;https://www.pharmacity.vn/product/zlatko-50mg-3vi-x-10vien
Viên giải phóng có kiểm soát Clazic SR 30mg điều trị đái tháo đường type 2 (10 vỉ x 10 viên);109000;Gliclazide 30mg;United Pharma;Hộp;https://www.pharmacity.vn/product/clazic-sr-hop-10-vi-x-10-vien
Viên nén Nimotop 30mg điều trị thiếu máu cục bộ (3 vỉ x 10 viên);538000;NIMODIPINE 30mg;Bayer (Others);Hộp;https://www.pharmacity.vn/product/thuoc-phong-va-dieu-tri-thieu-mau-cuc-bo-suy-giam-chuc-nang-nao-nimotop-30mg-3-vi-x-10-vienhop
Dầu gội Jasunny trị gàu và ngứa da đầu (tuýp 50g);59990;Ketoconazole 15mg,  Clobetasol propionate 0.25mg  0.25mg;Gia Nguyen;Tuýp;https://www.pharmacity.vn/product/thuoc-dieu-tri-gau-va-ngua-da-dau-jasunny-tuyp-50g
SOSCough (3 vỉ x 10 viên) – Giảm ho khan nhanh chóng;45000;Cetirizin 5mg,  Dextromethorphan  15mg,  Guaphenesin  100mg;Ampharco U.S.A;Hộp;https://www.pharmacity.vn/product/thuoc-cam-lanh-ho-soscough-3-vi-x-10-vien
Viên nang cứng Aginfolix 5mg điểu trị và phòng tình trạng thiếu acid folic (10 vỉ x 10 viên);46000;Acid folic 5mg;AGIPHARM;Hộp;https://www.pharmacity.vn/product/thuoc-phong-va-tri-thieu-acid-folic-aginfolix-500mg-10-vi-x-10-vienhop
Viên nén Cozaar 100mg điều trị tăng huyết áp (3 vỉ x 10 viên);330000;Losartan 100mg;Merck Sharp & Dohme;Hộp;https://www.pharmacity.vn/product/thuoc-dieu-tri-tang-huyet-ap-cozaar-100mg-3-vi-x-10-vienhop
Viên nang Antivic 75mg điều trị động kinh,rối loạn lo âu (10 vỉ x 10 viên);129000;Pregabalin 75mg;An Thien;Hộp;https://www.pharmacity.vn/product/thuoc-dieu-tri-dau-than-kinh-dieu-tri-bo-tro-dong-kinh-cuc-bo-antivic-75mg-10-vi-x-10-vienhop
Cetraxal 2mg/ml (15 ống x 0,25ml/hộp);134700;Ciprofloxacin 0,2%/0,25ml;Hyphens Pharma;Hộp;https://www.pharmacity.vn/product/thuoc-khang-sinh-cetraxal-15-ong-x-025mlhop
Thuốc cốm pha hỗn dịch uống Bactamox 375mg điều trị nhiễm khuẩn (hộp 12 gói);96000;Amoxicillin 250mg,  Sulbactam  125mg;Imexpharm;Hộp;https://www.pharmacity.vn/product/thuoc-khang-viem-bactamox-375mg-12-goi-imexpharm
Estor 40mg (4vi x 7vien);484100;Esomeprazol 40mg;Salutas Pharma;Hộp;https://www.pharmacity.vn/product/estor-40mg-4vi-x-7vien
Dung dịch Dentanalgi điều trị đau răng, viêm nướu răng, nha chu (chai 7ml);20800;Camphor 420mg,  Methol  280mg, Tinh dầu Hương nhu  439mg,  Procain hydroclrid  35mg,  Sao đen  700mg,  Tạo giác  140mg,  Thông bạch  140mg;OPC;Chai;https://www.pharmacity.vn/product/thuoc-tri-dau-rang-dentanalgi-7ml
Viên nén Tormeg-20mg điều trị tăng cholesterol máu, giảm mỡ máu (3 vỉ x 10 viên);150000;Atorvastatin 20mg;Pharmathen S.A;Hộp;https://www.pharmacity.vn/product/thuoc-tim-mach-huyet-ap-oos-can-hsd-tormeg-20-3-vi-x-10-vien
Viên nén Tydol PM trị các triệu chứng ho cảm thông thường (10 vỉ x 10 viên);9900;Acetaminophen 500mg, Diphenhydramin HCl 25mg;OPV;Vỉ;https://www.pharmacity.vn/product/tydol-pm-10vi-x-10vien
Viên nén bao phim Savi Losartan 50mg điều trị tăng huyết áp (3 vỉ x 10 viên);41500;Losartan Potassium 50mg;Savi;Hộp;https://www.pharmacity.vn/product/thuoc-tim-mach-huyet-ap-savi-losartan-50mg-3-vi-x-10-vien
Viên nén Savi Prolol 2,5mg điều trị tăng huyết áp, đau thắt ngực, suy tim mạn tính (3 vỉ x 10 viên);25000;Bisoprolol Fumarat 2.5mg;Savi;Hộp;https://www.pharmacity.vn/product/thuoc-tim-mach-huyet-ap-savi-prolol-25mg-3-vi-x-10-vien
Thuốc nhỏ mắt Diquas Ophthalmic Solution 3% trị khô mắt (chai 5ml);135000; Natri diquafosol 30mg;Santen;Lọ;https://www.pharmacity.vn/product/thuoc-nho-mat-diquas-5ml
Viên nén Misenbo 62,5mg điều trị tăng áp động mạch phổi (PAH) (3 vỉ x 10 viên);1380000;Bosentan 62,5mg;Hasan- Demarpharm;Hộp;https://www.pharmacity.vn/product/misenbo-625mg-hop-3-vi-x-10-vien
SaVi Dimin (Hộp 4 vỉ x 15 viên);150000;Diosmin 450mg, Hesperidin 50mg;Savi;Hộp;https://www.pharmacity.vn/product/thuoc-tim-mach-huyet-ap-savi-dimin-4-vi-x-15-vien
Viên nén bao phim giải phóng có biến đổi Vastec 35mg MR điều trị đau thắt ngực ổn định (5 vỉ x 10 viên);63000;Trimetazidin dihydroclorid 35mg;DHG Pharma;Hộp;https://www.pharmacity.vn/product/vastec-35-mr-hop-5-vi-x-10-vien
Viên nén bao phim Epclusa 400mg/100mg điều trị viêm gan C mạn tính (chai 28 viên);8120000;Velpatasvir 100mg, Sofosbuvir 400mg;Công ty CPDP Thành Phát;Hộp;https://www.pharmacity.vn/product/epclusa-100400mg-hop-28vien
Aceffex (Hộp 10 vỉ x 10 viên);480000;Các Vitamin A, B1, B2, PP, B6, B12, D3,  Sắt sulfat,  Lysine HCl,  Calci glycerophosphat,  Magnesi gluconat;Nam Ha;Hộp;https://www.pharmacity.vn/product/thuoc-bo-sung-vitamin-khoang-chat-aceffex-10-vi-x-10-vien-hop
Viên nén Ridlor 75mg ngăn ngừa tai biến đông máu (3 vỉ x 10 viên);131900;Clopidogrel 75mg;MSN;Hộp;https://www.pharmacity.vn/product/ridlor-75mg-3vi-x-10vien
Viên nén Redbama 40mg Atlantic viêm thực quản trào ngược (6 vỉ x 10 viên);597000;Pantoprazole (dưới dạng Pantoprazole sodium sesquihydrate) 40mg;Atlantic Pharma- Producoes Farmaceuticas S.A (Fab. Abrunheir;Hộp;https://www.pharmacity.vn/product/thuoc-dieu-tri-trao-nguoc-da-day-redbama-40mg-atlantic-10-vien-x-6-vihop
Viên nang PMS-Pregabalin 150mg điều trị động kinh,rối loạn lo âu (4 vỉ x 15 viên);1425000;Pregabalin 75mg;Pharmascience;Hộp;https://www.pharmacity.vn/product/pms-pregabalin-150mg-4vi-x-15vien
Viên nén Warfarin 5mg SPM điều trị và phòng huyết khối tĩnh mạch và nghẽn mạch phổi (3 vỉ x 10 viên);201000;Warfarin Natri 5mg;SPM;Hộp;https://www.pharmacity.vn/product/thuoc-chong-dong-mau-warfarin-5mg-10-vien-x-3-vihop
Viên nén Bluecezin Bluepharma 10mg điều trị triệu chứng viêm mũi dị ứng, mày đay (10 vỉ x 10 viên);33000;Cetirizin dihydrochlorid 10mg;S.C.Arena Group S.A.;Vỉ;https://www.pharmacity.vn/product/thuoc-dieu-tri-di-ung-bluecezine-10mg-10-vi-x-10-vienhop
Cốm pha uống Mecefix-B.E 50mg Merap kháng sinh điều trị nhiễm khuẩn (hộp 20 gói);100000;Cefixim 50mg;Merap Group;Hộp;https://www.pharmacity.vn/product/thuoc-tri-viem-nhiem-do-ki-sinh-trung-mecefix-be-50mg-merap-20-goi-x-1grhop
Viên nén HCQ 200mg điều trị sốt rét cấp tính, lupus ban đỏ và viêm khớp dạng thấp (10 vỉ x 10 viên);450000;Hydroxychloroquine Sulfate 200mg;Cadila Healthcare- India;Hộp;https://www.pharmacity.vn/product/hcq-10vi-x-10vien
Jafumin (Hộp 2 túi nhôm x 10 gói x 2,5g);329500;L-leucin 320,3mg, L-isoleucin 203,9mg, L-Lysin HCl 291 mg, L-Phenylalanin 320,3mg, L-threonin 145,7mg, L-valin 233mg, L-tryptophan 72,9mg, L-Histidin hydroclorid monohydrat 216,2mg, L-Methionin 320,3mg;Gia Nguyen;Hộp;https://www.pharmacity.vn/product/jafumin-20-goi-x-25ghop
Viên nén cứng Ferricure 150mg điều trị thiếu máu do thiếu sắt (2 vỉ x 14 viên);195000;Polysaccharide Iron complex (sắt III) 150mg;Trenker - Belgium;Vỉ;https://www.pharmacity.vn/product/thuoc-dieu-tri-thieu-hut-sat-thieu-mau-do-thieu-sat-ferricure-150mg-2-vi-x-14-vienhop
Thuốc dùng ngoài Asbesone trị viêm da, giảm ngứa (tuýp 30g);68000;Betamethasone dipropionat 0,5mg/1g;Replek Farm Ltd. Skopje;Tuýp;https://www.pharmacity.vn/product/kem-boi-dieu-tri-benh-eczema-va-viem-da-asbesone-tuyp-30g
Viên nang Lipagim 300mg Agimexpharm điều trị tăng cholesterol máu, giảm mỡ máu (3 vỉ x 10 viên);90000;Fenofibrat 300mg;Agimexpharm;Hộp;https://www.pharmacity.vn/product/lipagim-300-agimexpharm-3vi-x-10vien
Viên nang Imanok CPC1 10mg điều trị các dạng mụn trứng cá nặng (2 vỉ x 15 viên);92900;Isotretinoin 10mg;DP Trung uong CPC1;Hộp;https://www.pharmacity.vn/product/imanok-10mg-2-vi-x-15-vienhop
Novolinda 10mg-8mg (Chai 30ml);84500;Clindamycin hydrochlorid 10mg/1ml, Metronidazol 8mg/1ml;DP Trung uong CPC1;Hộp;https://www.pharmacity.vn/product/novolinda-chai-30ml
Siro Halixol 15mg/5ml Egis Pharma điều trị ho giúp tiêu nhầy, loãng đờm (chai 100ml);83000;Ambroxol hydrochlorid 15mg/5ml;Egis Pharma;Chai;https://www.pharmacity.vn/product/halixol-chai-100ml
Viên nén đặt âm đạo Chimitol 500mg điều trị viêm âm đạo do nấm hoặc trùng roi (1 vỉ x 2 viên);115000;Clotrimazol 500mg;Aprogen;Hộp;https://www.pharmacity.vn/product/chimitol-vaginal-tablet-1-vi-x-2-vienhop
Viên nang Stacytine 200mg Stella tiêu nhầy, loãng đàm, giảm ho (10 vỉ x 10 viên);7500;Acetylcystein 200mg;STELLA;Vỉ;https://www.pharmacity.vn/product/stacytine-200-stella-10vi-x-10vien
Viên nén Acemol 500 Nadyphar hạ sốt, giảm đau (10 vỉ x 10 viên);5400;Paracetamol 500mg;Nadyphar;Vỉ;https://www.pharmacity.vn/product/acemol-500-nadyphar-10vi-x-10vien
Viên nén PP 500mg Nadyphar điều trị bệnh pellagra (10 vỉ x 10 viên);76500;Vitamin PP 500mg;Nadyphar;Hộp;https://www.pharmacity.vn/product/pp-500-nadyphar-10vi-x-10vien
Viên nén Citalopram Danapha 20mg điều trị trầm cảm (3 vỉ x 10 viên);125000;Citalopram 20mg;Danapha;Hộp;https://www.pharmacity.vn/product/citalopram-20-3-vi-x-10-vienhop
Viên đặt âm đạo Neo-Penotran Forte L điều trị bệnh nấm candida âm đạo và viêm âm đạo (1 vỉ x 7 viên);239000;Lidocain, Metronidazole, Miconazole 100mg,750mg,200mg;Exeltis;Hộp;https://www.pharmacity.vn/product/neo-penotran-forte-l-hop-1-vi-x-7-vien
Concor COR Tab 2.5mg (3 vỉ x 10 viên) – Điều trị suy tim mạn tính;109500;Bisoprolol 2.5mg;Concor;Hộp;https://www.pharmacity.vn/product/concor-cor-25mg-hop-3-vi-x-10-vien
Viên nén Alpha chymotrypsine điều trị phù nề sau chấn thương, phẫu thuật, bỏng (2 vỉ x 10 viên);40300;Alphachymotrypsin 4200UI;Excl. Enlie;Hộp;https://www.pharmacity.vn/product/alphachymotrypsine-hop-2-vi-x-10-vien
Nirdicin 500mg (Hộp 1 vỉ x 10 viên);275000;Levofloxacin 500mg;Pharmathen S.A;Hộp;https://www.pharmacity.vn/product/nirdicin-500mg-hop-1-vi-x-10-vien
Viên nang Dicenin 400mg điều trị và phục hồi chức năng sau đột quỵ, chấn thương (3 vỉ x 10 viên);126000;Cholin alfoscerat 400mg;Mediplantex;Vỉ;https://www.pharmacity.vn/product/dicenin-softcap-400mg-3vi-x-10vien
Thuốc dùng ngoài Maxxacne-AC điều trị tại chỗ mụn trứng cá (tuýp 15g);70000;Adapalene, Clindamycin 0.1%,1%;Ampharco U.S.A;Hộp;https://www.pharmacity.vn/product/maxxacne-ac-gel-15g-1
Thuốc dùng ngoài Maxxacne-C 1% điều trị mụn trứng cá (tuýp 15g);52993;Clindamycin 150mg;Ampharco U.S.A;Hộp;https://www.pharmacity.vn/product/maxxacne-c-gel-1-15g-1
Tacropic 0,1% (Hộp 1 tuýp x 10g);115000;Tacrolimus 0.1%w/w;Davipharm;Hộp;https://www.pharmacity.vn/product/tacropic-oint-10g
Viên nén Mynarac 150mg điều trị các chứng co cứng cơ sau đột quỵ ở người lớn (6 vỉ x 10 viên );130000;Tolperison 150mg;DHG Pharma;Hộp;https://www.pharmacity.vn/product/mynarac-150mg-6vi-x-10vien
Gel bôi da Androgel Gel 50mg hỗ trợ điều trị thiểu năng tuyến sinh dục nam giới (30 gói x 5g);2175000;Testosteron 50mg;Besins International;Hộp;https://www.pharmacity.vn/product/androgel-gel-50mg-30goi
Candid Ear Drops (Lọ 15ml);46500;Clotrimazole 1% kl/kl;Glenmark;Hộp;https://www.pharmacity.vn/product/candid-ear-drops-15ml-1lo
Viên nén Kipel 10mg dự phòng và điều trị hen phế quản mạn tính (4 vỉ x 7 viên);322000;Montelukast 10mg;Mega Lifesciences;Hộp;https://www.pharmacity.vn/product/kipel-10mg-chewble-4vi-x-7vien
Viên nén Egudin 5mg điều trị tiểu không tự chủ (3 vỉ x 10 viên);467800;Solifenacin succinate 5mg;Medisun;Hộp;https://www.pharmacity.vn/product/egudin-tab-fc-5mg-3vi-x-10vien
Viên nén Casilas 20mg điều trị rối loạn cương dương (2 vỉ x 2 viên);89600;Tadalafil 20mg;Davipharm;Hộp;https://www.pharmacity.vn/product/casilas-tab-20mg-2vi-x-2-vien
Thuốc dùng ngoài Gentriboston trị nhiễm khuẩn, nhiễm nấm, viêm da (tuýp 10g);13000;Betamethason 0.64mg, Gentamicin 1mg, Clotrimazol 10mg;Boston;Tuýp;https://www.pharmacity.vn/product/gentriboston
Viên nén Cardilopin 5mg điều trị tăng huyết áp, đau thắt ngực (3 vỉ x 10 viên);33000;Amlodipine 5mg;Egis Pharma;Hộp;https://www.pharmacity.vn/product/cardilopin-5mg-hop-3-vi-x-10-vien
Viên giải phóng có kiểm soát Lazibet MR 60mg Bidiphar trị đái tháo đường type 2 (2 vỉ x 15 viên);74000;Gliclazide 60mg;BIDIPHAR;Hộp;https://www.pharmacity.vn/product/lazibet-mr-60-hop-2-vi-x-15-vien
Viên nén Glocip 500 mg điều trị và dự phòng nhiễm khuẩn (3 vỉ x 10 viên);99200;Ciprofloxacin 500mg;GLOMED-ABBOTT;Hộp;https://www.pharmacity.vn/product/glocip-500-hop-3-vi-x-10-vien
Viên nén Atzeti Gon Sa 10mg/10mg trị tăng cholesterol máu, phòng ngừa bệnh tim mạch (3 vỉ x 10 viên);174000;Atorvastatin, Ezetimibe 10mg,10mg;Davipharm;Hộp;https://www.pharmacity.vn/product/atzeti-gon-sa-3vi-x-10vien
Viên giải phóng có kiểm soát Glucophage XR 500mg điều trị đái tháo đường type 2 (4 vỉ x 15 viên);162500;Metformin hydrochloride 500mg;Glucophage;Hộp;https://www.pharmacity.vn/product/glucophage-xr-500mg-4vi-x-15-vien
Viên nén Belara 0,03mg/2mg thuốc tránh thai hàng ngày (1 vỉ x 21 viên);182700;Ethinylestradiol 0,03mg,  chlormadinon acetat  2mg;Gedeon Richter;Hộp;https://www.pharmacity.vn/product/belara-21-vienvi
Viên nén Vaspycar MR 35mg - Pymepharco điều trị đau thắt ngực ổn định (2 vỉ x 30 viên);81000;Trimetazidin 35mg;Pymepharco;Hộp;https://www.pharmacity.vn/product/vaspycar-mr-hop-2-vi-x-30-vien
Thuốc xịt mũi Momex Nasal điều trị viêm mũi theo mùa (chai 18ml);219990;Mometason furoat 0,5%(kl/kl);Hanlim pharmaceutical;Chai;https://www.pharmacity.vn/product/momex-nasal-spray
Pyomezol 20mg (4 vỉ x 7 viên) – Giảm tiết axit, trị loét dạ dày;76700;Omeprazol 20mg;Excl. Enlie;Hộp;https://www.pharmacity.vn/product/pyomezol-20mg-4vi-x-7vien
Viêm nang mềm PhilUnimeton 400mg giảm đau, hạ sốt, chống viêm (10 vỉ x 10 viên);27000;Ibuprofen 400mg;Excl - Dai Nam;Vỉ;https://www.pharmacity.vn/product/philunimeton-400mg-softcap-10vi-x-10vien
Viên bao tan ở ruột Ferrola 114mg/0,8mg bổ sung sắt, bổ máu (5 vỉ x 10 viên);324500;Sắt (II) sulfat, Acid Folic;Yen Bai;Hộp;https://www.pharmacity.vn/product/ferrola-11408mg-50vien
Thuốc nhỏ mắt Telodrop điều trị khô mắt do thiếu mucin hoặc thiếu nước mắt (chai 15ml);88000;Hydroxypropylmethylcellulose 2910 3mg, Dextran 70 1mg;Hanlim pharmaceutical;Chai;https://www.pharmacity.vn/product/telodrop-eye-drops-15ml
Viên nang mềm Drimy bổ sung vitamin và khoáng chất (10 vỉ x 10 viên);330000;Vitamin A 1000IU,  vitamin D3  400 IU,  vitamin B1  2mg,  vitamin B2  3mg,  vitamin B6  1mg,  sắt(ferrous fumarat)  1,65mg,  magie (magnesi oxide)  6mg,  calci (calci glycerophosphat)  21,42 mg;US Pharma;Hộp;https://www.pharmacity.vn/product/drimy-10vi-x-10vien
Viên nén Bifril 30mg Menarini điều trị tăng huyết áp, nhồi máu cơ tim cấp (2 vỉ x 14 viên);286000;Zofenopril calci 30mg;Menarini;Hộp;https://www.pharmacity.vn/product/bifril-30mg-tablet-menarini-2x14
Thuốc nhỏ mắt Sanlein Mini 0.1 % điều trị rối loạn biểu mô kết - giác mạc (30 ống x 0.4ml);120000;Natri hyaluronat 0.4mg;Santen;Hộp;https://www.pharmacity.vn/product/sanlein-mini-01
Viên nén Bihasal 5mg điều trị tăng huyết áp, đau thắt ngực, suy tim (3 vỉ x 10 viên);75000;Bisoprolol 5mg;Hasan- Demarpharm;Hộp;https://www.pharmacity.vn/product/bihasal-5mg-5vix10vien
Viên nén Clopidolut 75mg phòng ngừa thành lập cục máu đông, huyết khối (3 vỉ x 14 viên);215000;Clopidogrel 75mg;Hasan- Demarpharm;Hộp;https://www.pharmacity.vn/product/clopidolut-75mg-hop-3-vi-x-14-vien-hasan
Viên nén Atocib 120mg điều trị viêm và giảm các cơn đau khớp, đau cấp và mãn tính (3 vỉ x 10 viên);168000;Etoricoxib 120mg 120mg;DHG Pharma;Hộp;https://www.pharmacity.vn/product/atocib-tab-fc-120mg-hop-30-vien
Viên nang Celosti 100mg điều trị viêm và giảm các cơn đau cơ xương khớp (2 vỉ x 10 viên);40400;Celecoxib 100mg 100mg;DHG Pharma;Hộp;https://www.pharmacity.vn/product/celosti-caps-100mg-hop-20-vien
Viên tan trong ruột Diclofenac 50mg DHG Pharma trị viêm, thoái hoá khớp, thấp khớp (10 vỉ x10 viên);22500;Diclofenac natri 50mg 50mg;DHG Pharma;Hộp;https://www.pharmacity.vn/product/diclofenac-tab-ec-50mg-hop-100-vien
Viên nang cứng Berberin 100mg Bidiphar điều trị tiêu chảy (20 vỉ x 10 viên);170000;Berberin clorid 100 mg 100mg;BIDIPHAR;Hộp;https://www.pharmacity.vn/product/berberin-100mg-h200-100mg
Viên nén Bevichymo 8400 IU phù nề sau chấn thương, phẫu thuật, bỏng (1 vỉ x12 viên);24000;Alphachymotripsin 8,4mG 8,4mg;Mediplantex;Hộp;https://www.pharmacity.vn/product/bevichymo-h1-vix12-vien
Viên nang Tuzamin điều trị phong thấp, đau lưng, thần kinh tọa, khớp, cột sống (3 vỉ x 10 viên);88000;Tục đoạn, phònG phonG, Hy thiêm, Độc hoạt, Tần Giao, Bạch thược, đươnG quy, xuyên khunG, thiên niên kiện, nGưu tất, hoànG kỳ, đỗ trọnG;Mediplantex;Hộp;https://www.pharmacity.vn/product/tuzamin-h3vx10v
Viên nang cứng A.C Mexcold điều trị các triệu chứng cảm cúm (chai 200 viên);84000;"Paracetamol                              
Chlorpheniramin maleat";Imexpharm;Chai;https://www.pharmacity.vn/product/ac-mexcold-chai-200-vien
Viên nén Methylprednisolone Stada 16 mg trị viêm thấp khớp, hen suyễn, lupus ban đỏ (3 vỉ x 10 viên);85000;Methylprednisolone 16mg;STADA;Hộp;https://www.pharmacity.vn/product/methylprednisolone-stada-16-mg-3vi-x-10vien
Viên bao phim Nootryl 800 FCT hỗ trợ trong điều trị rung giật cơ, thiếu máu não (10 vỉ x 10 viên);179000;Piracetam 800 mg 800mg;GLOMED-ABBOTT;Hộp;https://www.pharmacity.vn/product/nootryl-800-fct-box-10-x-10s
Viên nang TETRACYCLIN 500mg Domesco điều trị nhiễm khuẩn (20 vỉ x 10 viên);172300;Tetracyclin hydrochlorid 500mg;Domesco;Hộp;https://www.pharmacity.vn/product/tetracyclin-caps-500mg-box-200
Viên nang TETRACYCLIN 500mg Thephaco điều trị nhiễm khuẩn (10 vỉ x 10 viên);75000;Tetracyclin HCl  500mg;Thephaco;Hộp;https://www.pharmacity.vn/product/tetracyclin-caps-500mg-box-100
Viên nang SOS Dol Fort 50mg trị viêm, đau khớp, đau do chấn thương, đau bụng kinh (3 vỉ x 10 viên);71000;Diclofenac kali 50mg;Hasan- Demarpharm;Hộp;https://www.pharmacity.vn/product/sos-dol-softcap-50mg-fortbox-30
Viên nang Celecoxib 200mg điều trị viêm và giảm các cơn đau cơ xương khớp (3 vỉ x 10 viên);72100;Celecoxib 200mg;Traphaco;Hộp;https://www.pharmacity.vn/product/celecoxib-caps-200mg-box-30
Dung dịch uống Inflagic trị dị ứng (20 ống x 5ml);49900;Betamethason,  Dexchlorpheniramin maleat;Công ty cổ phần Dược phẩm CPC1 Hà Nội;Hộp;https://www.pharmacity.vn/product/inflagic-vial-orl-5ml-10
Thuốc dùng ngoài Tratrison trị nhiễm khuẩn, nhiễm nấm, viêm da (tuýp 10g);18600;Clotrimazol,  Betamethason dipropionat,  Gentamicin;Traphaco;Tuýp;https://www.pharmacity.vn/product/tratrison-crm-10g-1
Viên nang Ceralon 120mg cải thiện giảm trị nhớ, rối loạn khả năng tập trung (10 vỉ x 10 viên);726000;Ginko Biloba 120mg 120mg;Phil Inter Pharma;Hộp;https://www.pharmacity.vn/product/ceralon-120mg-hop100-vien
Viên nén Caduet 5mg/20mg điều trị tăng cholesterol máu, phòng ngừa bệnh tim mạch (3 vỉ x 10 viên);590000;Amlodipine, Atovastatin 5mg, 20mg;Viatris (Pfizer UpJohn);Hộp;https://www.pharmacity.vn/product/caduet-5mg20mg-tab-3-vi-x-10-vien
Dung dịch uống Calcium Stella Vitamin C, PP bổ sung calci, ngừa loãng xương (3 vỉ x 8 ống);86400;Calcium glucoheptonate, Vitamin C, Vitamin PP 1.1g, 0.1g, 0.05g;STELLA;Hộp;https://www.pharmacity.vn/product/calcium-stella-vitamin-c-pp-hop-24-ong-x-10ml
Viên nén Trajenta Duo 2.5mg/850mg điều trị đái tháo đường type 2 (chai 14 viên);154000;Linagliptin,Metformin   2.5mg,850mg;Boehringer Ingelheim;Chai;https://www.pharmacity.vn/product/trajenta-duo25850mg-chai-14vien
Viên nén Trajenta duo 2.5mg/1000mg điều trị đái tháo đường type 2 (chai 14 viên);154000;Linagliptin,Metformin   1000mg, 2.5mg;Boehringer Ingelheim;Chai;https://www.pharmacity.vn/product/trajenta-duo-251000mg-chai-14vien
Viên nén bao phim Cefpodoxim-HV điều trị nhiễm khuẩn (3 vỉ x 10 viên);105000;Cefpodoxim 200mg;Cagipharm;Hộp;https://www.pharmacity.vn/product/cefpodoxim-hv-tab-fc-200mg-box-30
Viên nén Fycompa 4mg điều trị bổ trợ cơn động kinh (2 vỉ x 14 viên);922000;Perampanel 4mg 4mg;Eisai Ltd;Hộp;https://www.pharmacity.vn/product/fycompa-4mg-eisai-2-vi-x-14-vien
Viên nén Bterol 150mg Atlantic điều trị tăng huyết áp (2 vỉ x 14 viên);300000;Irbesartan 150mg 150mg;Atlantic Pharma- Producoes Farmaceuticas S.A (Fab. Abrunheir;Hộp;https://www.pharmacity.vn/product/bterol-hop-2vi-x-14-vien
Viên nén Xarelto 2.5mg điều trị, phòng ngừa huyết khối tĩnh mạch (1 vỉ x 14 viên);454900;Rivaroxaban 2.5mg;Bayer (Others);Hộp;https://www.pharmacity.vn/product/xarelto-tab-25mg-hop-14vien
Viên nén Disys điều trị tăng huyết áp, suy tim (5 vỉ x 6 viên);228000;Valsartan 80mg;Disys;Hộp;https://www.pharmacity.vn/product/disys-5-vi-x-6-vienhop
Viên nén Jardiance Duo 5mg/1000mg điều trị đái tháo đường type 2 (3 vỉ x 10 viên);380000;Empagliflozin, Metformin 5mg, 1000mg;Boehringer Ingelheim;Hộp;https://www.pharmacity.vn/product/jardiance-duo-5mg1000mg-3-vi-x-10-vien
Thuốc nhỏ mắt Hyaluron 0.1% hỗ trợ điều trị bệnh tổn thương giác mạc - kết mạc (hộp 30 ống);384000;Hyaluronat natri 0,88mg;Hyaluron;Hộp;https://www.pharmacity.vn/product/hyaluron-hop-30-ong
Tiger Balm Plaster-RD 7x10cm – Cao dán giảm đau nhức cơ khớp (12 túi x 3 miếng);46000;"Camphor 1%,  Menthol 0,3%,  Dementholised Mint Oil 0,6%,  Eucalyptus oil 0,5%,  Capsicum Extract 0,2%g 
";Tiger balm;Túi;https://www.pharmacity.vn/product/cao-dan-giam-dau-tiger-balm-plaster-rd-7x10cm-tui-3-mieng
Hỗn dịch uống Motilium Suspension 100ml điều trị các triệu chứng nôn và buồn nôn (chai 60ml);94000;Domperidon 1mg/ml 1mg/ml;Janssen;Chai;https://www.pharmacity.vn/product/motilium-suspension-100ml
Viên nén Đại tràng Nhất Nhất trị đại tràng mạn tính, tiêu chảy, đầy hơi, không tiêu (2 vỉ x 10 viên);124000;Bạch thược, Bạch truật, Cam thảo, Hậu phác, Hoàng liên, Mộc hương, Ngũ bội tử, Xa tiền tử 450mg, 450mg, 225mg, 300mg, 675mg, 600g, 450mg, 225mg;Nhat Nhat;Hộp;https://www.pharmacity.vn/product/dai-trang-nhat-nhath20viennew
Thuốc dùng ngoài Canesten 1% điều trị nấm ngoài da, viêm bộ phận sinh dục do nấm (tuýp 5g);22000;Clotrimazol 100mg 0;Bayer HealthCare;Tuýp;https://www.pharmacity.vn/product/canesten-cream-5g
Viên nén Misenbo 125mg điều trị tăng huyết áp động mạch phổi (3 vỉ x 10 viên);2847000;Bosentan 125mg;Hasan- Demarpharm;Hộp;https://www.pharmacity.vn/product/misenbo-125mg-3vi-x-10vien
Viên nén bao phim Keppra 250mg điều trị động kinh (3 vỉ x 10 viên);255000;Levetiracetam 250mg;GSK ETC;Hộp;https://www.pharmacity.vn/product/keppra-tab-250mg-3vi-x-10vien
Viên nén Bivitanpo 100mg điều trị tăng huyết áp (3 vỉ x 10 viên);190000;Losartan kali  100mg;BIVITANPO 100;Hộp;https://www.pharmacity.vn/product/bivitanpo-100
Viên nén bao phim Sterolow 20 điều trị hạ lipid máu (3 vỉ x 10 viên);226600;Rosuvastatin calcium 20mg;Savi;Hộp;https://www.pharmacity.vn/product/sterolow-20-hop-3-vi-x-10-vien
Viên nén Xelostad 10mg điều trị, phòng ngừa huyết khối tĩnh mạch (3 vỉ x 10 viên);610000;Rivaroxaban 10mg;STELLA;Hộp;https://www.pharmacity.vn/product/xelostad-10mg-3-vi-x10-vien
Viên nén bao phim Rivaxored 10mg phòng ngừa thuyên tắc huyết khối tĩnh mạch (1 vỉ x 10 viên);368000;Rivaroxaban 10mg;Reddy;Hộp;https://www.pharmacity.vn/product/rivaxored-10mg-1vi-x-10vien
Viên nén Rivaxored 20mg điều trị, phòng ngừa huyết khối tĩnh mạch (1 vỉ x 14 viên);379500;Rivaroxaban 20mg;Reddy;Hộp;https://www.pharmacity.vn/product/rivaxored-20mg-1vi-x-14vien
Viên nang Xuyên Tâm Liên - Fito Pharma trị các triệu chứng ho cảm thông thường (10 vỉ x 10 viên);133900;Cao Khô Dược Liệu, Bột Mịn Dược Liệu Xuyên Tâm Liên 122mg, 282mg;FitoPharma;Hộp;https://www.pharmacity.vn/product/xuyen-tam-lien-hop-10-vi-x-10-vien
Viên nang Haginir 300 mg kháng sinh điều trị nhiễm khuẩn (2 vỉ x 10 viên);201600;Cefdinir 300 mg;HAGINIR;Hộp;https://www.pharmacity.vn/product/haginir-300-2vix10vien
Viên nén Pharcavir 25mg trị viêm gan B mạn tính (3 vỉ x 10 viên);572000;Tenofovir alafenamide 25mg;PHARCAVIR;Hộp;https://www.pharmacity.vn/product/pharcavir-25mg
Viên nang Cellcept 250mg ức chế miễn dịch (10 vỉ x 10 viên);2533000;Mycophenolate mofetil 250mg;Roche;Hộp;https://www.pharmacity.vn/product/cellcept-250-hop-10x10
Dung dịch truyền tĩnh mạch Reamberin chống giảm oxy máu và giải độc (chai 400ml);175000;Natri clorid, Kali clorid, Magnesi clorid(khan),… 2.4g, 0.12g, 0.048g,…;Polysan;Chai;https://www.pharmacity.vn/product/reamberin-400ml
Viên phân tán trong miệng Opesinkast 4mg dự phòng và điều trị hen phế quản (3 vỉ x 10 viên);120000;Montelukast 4mg;OPV;Hộp;https://www.pharmacity.vn/product/opesinkast-4mg-3vi-x-10vien-da-chuyen-tu-p05958-sang-p22186
Viên nén Agiparofen 325mg/200mg điều trị đau đầu, đau răng, sốt, nhức mỏi cơ (5 vỉ x 10 viên);10000;Paracetamol, Ibuprofen;Excl. Agimexpharm;Vỉ;https://www.pharmacity.vn/product/agiparofen-hop-5-vi-x-10-vien
Effer-Paralmax 500mg Orange – Viên sủi hạ sốt, giảm đau vị cam (5 vỉ x 4 viên);13440;Paracetamol 500mg;Excl. Boston;Vỉ;https://www.pharmacity.vn/product/effer-paralmax-500-hop-5-vi-x-4-vien-sui
Viên nén Descallerg 5mg điều trị triệu chứng viêm mũi dị ứng (1 vỉ x 10 viên);57700;Desloratadine 5mg;Excl. Enlie;Hộp;https://www.pharmacity.vn/product/descallerg-hop-1-vi-x-10-vien
Viên nén Becacold-S trị các triệu chứng ho cảm thông thường (5 vỉ x 20 viên);20000;Acetaminophen, Clorpheniramin maleat, Phenylephrin HCl 500mg, 10mg, 2mg;Excl. Enlie;Vỉ;https://www.pharmacity.vn/product/becacold-s-hop-5-vi-x-20-vien
Viên nén sủi bọt Ladyformine vệ sinh vùng kín sau sinh, hành kinh, khí hư, viêm ngứa (4 vỉ x 4 viên);170000;Đong sulfat khan 40mg,  Natri fluorid  40mg;US Pharma;Hộp;https://www.pharmacity.vn/product/ladyformine-16vien
Viên nén Beatil 4mg/5mg điều trị tăng huyết áp vô căn và bệnh mạch vành ổn định (3 vỉ x 10 viên);178800;Perindopril tert- butylamin,Amlodipin  4mg,5mg;Gedeon Richter;Hộp;https://www.pharmacity.vn/product/beatil-4mg5mg-hop-3-vi-x-10-vien
Viên đặt âm đạo Lacves điều trị viêm âm đạo (2 vỉ x 5 viên);286000;Metronidazole ,  Clotrimazole ,  Neomycin sulfate;FARMAPRIM;Hộp;https://www.pharmacity.vn/product/lacves-hop-2-vi-x-5-vien
Dung dịch uống Calciumboston Ascorbic điều trị thiếu calci, vitamin C và vitamin PP (4 vỉ x 5 ống);8950;Calci glucoheptonat 1100mg,Vitamin C 100mg,Vitamin PP 50mg 1100mg;Boston;Ống;https://www.pharmacity.vn/product/calciumboston-ascorbic-4-vi-x-5-ong
Viên bao tan trong ruột Aspirin 100mg Traphaco dự phòng nhồi máu cơ tim và đột quỵ (3 vỉ x 10 viên);17000;Acetyl salixylic 100mg;Traphaco;Hộp;https://www.pharmacity.vn/product/aspirin-100mg-3-vi-x-10-vien
Viên nén Rotalzon 50mg điều trị tăng huyết áp (6 vỉ x 10 viên);399000;Losartan Potassium  50 mg;Atlantic Pharma- Producoes Farmaceuticas S.A (Fab. Abrunheir;Hộp;https://www.pharmacity.vn/product/rotalzon-50mg-6-vi-x-10-vien
Stasamin 1200mg/ 6ml (6 vỉ x 5 ống 6ml);261000;Piracetam 1200mg;Hataphar;Hộp;https://www.pharmacity.vn/product/stasamin-vial-orl-1200mg-6ml-6vi-x-5ong
Silyhepatis (Hộp 20 ống x 5ml);16875;L-Arginine Hydrochloride 1g/5ml;Cho-A pharm;Ống;https://www.pharmacity.vn/product/silyhepatis-hop-20-ong-x-5ml
Viên nén Meyersiliptin 50mg điều trị đái tháo đường type 2 (3 vỉ x 10 viên);128900;Sitagliptin 50mg;Meyer-BPC;Hộp;https://www.pharmacity.vn/product/meyersiliptin-50-hop-3-vi-x-10-vien
Viên nang Duodart 0,5mg/0,4mg hỗ trợ điều trị phì đại lành tính tiền liệt tuyến (chai 30 viên);750000;Dutasteride 0.5mg,  Tamsulosin HCl  0.4mg;GSK ETC;Hộp;https://www.pharmacity.vn/product/duodart-caps-mg-05bttl-1lo-x-30vien
Viên nang Myspa 10mg điều trị các dạng mụn trứng cá nặng (3 vỉ X 10 viên);110000;Isotretinion 10mg;Medisun;Hộp;https://www.pharmacity.vn/product/myspa-hop-3-vi-x-10-vien
Viên nén Uperio 100mg điều trị suy tim (2 vỉ X 14 viên);573900;Sacubitril  48.6mg,  Valsartan   51.4mg;Novartis;Hộp;https://www.pharmacity.vn/product/uperio-capl-fc-100mg-2vi-x-14vien
Viên nang mềm Cardioton điều trị thiểu năng tuần hoàn, tăng huyết áp. (3 vỉ x 10 viên);229400;Ubidercarenone, Vitamin E 30mg,6.71mg;Lipa Pharmaceuticals;Hộp;https://www.pharmacity.vn/product/cardioton-hop-3vi-x-10vien
Viên nén Jardiance Duo 12.5mg/850mg điều trị đái tháo đường type 2 (3 vỉ x 10 viên);510000; Metformin, Empagliflozin 850mg, 12.5mg;Boehringer Ingelheim;Hộp;https://www.pharmacity.vn/product/jardiance-duo-125mg850mg-3-vi-x-10-vien
Viên nén Keamine phòng và điều trị rối loạn hoặc suy giảm cơ chế chuyển hóa protein (6 vỉ x 10 viên);630000;;STELLA;Hộp;https://www.pharmacity.vn/product/keamine-capl-htro-roi-loan-protein-hop-60vien
Dung dịch tiêm Ryzodeg 100mg Flextouch 100 IU/ml insulin trị đái tháo đường 0;2075000;Insulin 100mg;Novo Nordisk A/S;Hộp;https://www.pharmacity.vn/product/ryzodeg-flextouch-hop-5-but-x-3ml
Dung dịch tiêm Toujeo Solostar điều trị đái tháo đường (5 bút tiêm nạp sẵn thuốc x 1.5ml);2550000;Insulin 300U/ml;Sanofi Others;Hộp;https://www.pharmacity.vn/product/toujeo-solostar-hop-5-cay-x-15-ml
Thuốc nhỏ mắt Taptiqom điều trị bệnh Glaucoma, tăng nhãn áp (30 ống x 0,3ml);405000;Tafluprost, Timolol,… 0,015mg/ml, 5mg/ml;Santen;Hộp;https://www.pharmacity.vn/product/thuoc-nho-mat-taptiqom-03ml-hop-30-ong
Thuốc nhỏ mắt EYETAMIN cung cấp độ ẩm và dưỡng chất cho mắt, phòng ngừa các bệnh về mắt (chai 10ml);20000;Thiamin HCl 5mg,  Riboflavin natri phosphat 0.5mg,  Nicotinamid 40mg;BIDIPHAR;Hộp;https://www.pharmacity.vn/product/eyetamin-drops-eye-10ml-1tuyp
Siro SAFERON SYR 50MG /5ML bổ sung sắt, bổ máu (chai 100ml);94990;Sắt nguyên tố 50mg/100ml;Glenmark;Hộp;https://www.pharmacity.vn/product/saferon-syr-50mg-5ml100ml-1chhai
Dung dịch dùng ngoài Gysudo 0.225g trị viêm ngứa phụ khoa, sát trùng ngoài da (chai 90ml);7400;Đồng Sulfat 0,225g/90ml;Agimexpharm;Chai;https://www.pharmacity.vn/product/gysudo-90ml
Viên nang ShineTadeno 50mg hỗ trợ điều trị phì đại lành tính tiền liệt tuyến (3 vỉ x 10 viên);237000;Pygeum africanum extract 50mg;Shine tadeno;Hộp;https://www.pharmacity.vn/product/shine-tadeno-50mg
Dung dịch uống A.T Bromhexine hỗ trợ tan đờm trong hô hấp cấp và mạn tính (30 ống x 5 ml);1980;Bromhexin 4mg/5ml 4mg;An Thien;Ống;https://www.pharmacity.vn/product/at-bromhexine-hop-30-ong-x5-ml
Viên nén bao phim Lercatop 10mg điều trị tăng huyết áp (2 vỉ x 14 viên);279000;Lercanidipin hydroclorid 10mg,..;Balkan;Hộp;https://www.pharmacity.vn/product/lercatop-10mg-hop-2-vi-x-14-vien
Viên nén Medi-Loratadin 10mg trị viêm mũi dị ứng, mày đay, ngứa (10 vỉ x 10 viên);75000;LORATADINE 10mg;Medisun;Hộp;https://www.pharmacity.vn/product/medi-loratadin-tab-10mg-hop-10-vi-x-10-vien
Viên nén Zolgyl phòng ngừa và điều trị nhiễm trùng răng miệng (2 vỉ x 10 viên);44300;Spiramycin  Spiramycin 750.000 I.U,  Metronidazol  Metronidazol 125mg;BIDIPHAR;Hộp;https://www.pharmacity.vn/product/zolgyl-tab-2vi-x-10vien
Viên nang Ibisaol 100mg điều trị các bệnh nhiễm nấm (1 vỉ x 10 viên);92700;Itraconazol 100mg/viên 100mg;;Hộp;https://www.pharmacity.vn/product/ibisaol-caps-pllt-100mg-box-10-hop-10-vien
Hỗn dịch uống Bostogel làm giảm các triệu chứng khó tiêu, ợ nóng, đầy hơi (30 gói x 15g);4000;"Nhôm hydroxyd gel 20% 1759,5mg
Magnesi hydroxyd paste 31% 1290,32mg
Simethicon emulsion 30% 166,66mg";Boston;Gói;https://www.pharmacity.vn/product/bostogel-hop-30-goi
Viên nén Hasalfast 60mg trị viêm mũi dị ứng, mày đay (10 vỉ x 10 viên);105000;FEXOFENADINE 60mg;Hasan- Demarpharm;Hộp;https://www.pharmacity.vn/product/hasalfast-capl-fc-60mg-hop-10-vi-x-10-vien
Thuốc nhỏ mũi Xylozin 0.1% trị sung huyết mũi, nghẹt mũi, sổ mũi, hắt hơi (chai 10ml);18600;Xylometazolin HCl 10 mg/10ml 10mg;Danapha;Chai;https://www.pharmacity.vn/product/xylozin-01-drop-chai-10ml
Viên nén Augxicine 500mg/125mg điều trị nhiễm khuẩn (6 vỉ x 10 viên);314300;Amoxicillin, Acid clavulanic 625mg;Vidipha;Hộp;https://www.pharmacity.vn/product/augxicine-capl-fc-500mg-125-hop-6vi-x-10-vien
Dung dịch tiêm Cerebrolysin 5ml Ever Pharma sa sút trí tuệ, đột quỵ, rối loạn trí nhớ (5 ống x 5ml);326000;Peptid Cerebrolysin concentrate, Sodium hydroxide, Tinh Chất Peptide 5ml;DP Trung uong CPC1;Hộp;https://www.pharmacity.vn/product/cerebrolysin-5ml-ever-pharma-5-ong-x-5ml
Viên bao tan ở ruột Panto-Denk 40mg DENK PHARMA viêm thực quản trào ngược (2 vỉ x 14 viên);308000;Pantoprazol 40mg;Denk Pharma GmbH & Co.KG;Hộp;https://www.pharmacity.vn/product/panto-denk-40mg-denk-pharma-hop-2x14-vien
Viên giải phóng có kiểm soát Plendil Plus 5mg/47.5mg điều trị tăng huyết áp (hộp 30 viên);227900;Felodipin 5mg,Metoprolol 47.5mg;AstraZeneca;Hộp;https://www.pharmacity.vn/product/plendil-plus-tab-5475lo-30vien
Viên bao phim Henex 500mg điều trị suy giãn tĩnh mạch, trĩ cấp và trĩ mạn (10 vỉ x 10 viên);239800;"Diosmin
Hesperidin 500mg";GLOMED-ABBOTT;Hộp;https://www.pharmacity.vn/product/henex-500mg-hop-10vi-x-10-vien
Bột hít Ultibro Breezhaler 110/50mcg trị bệnh phổi tắc nghẽn mạn tính (3 vỉ x 10 viên kèm dụng cụ);719500;Indacaterol, Glycopyrronium 110mcg, 50mcg;Novartis;Hộp;https://www.pharmacity.vn/product/ultibro-breezhaler-11050mcg-hop-3-vi-x-10-vien-kem-1-dung-cu-hit
Viên nén Pacemin điều trị triệu chứng cảm sốt nhức đầu (50 vỉ x 10 viên);130000;Paracetamol 325mg, Clopheniramin 2mg 325mg,2mg;Ha Tay;Hộp;https://www.pharmacity.vn/product/pacemin-50vi-x-10vien
Viên nén Trimeseptol 480mg điều trị nhiễm khuẩn (25 vỉ x 20 viên);150000;Sulfamethoxazol,Trimethoprim 400mg,80mg;Ha Tay;Hộp;https://www.pharmacity.vn/product/trimeseptol-480mg-25-vi-x-20-vien
DOGMAKERN 50MG Kern Pharma (Hộp 02 Vỉ x 15 Viên);120000;Sulpiride 50mg;Kern Pharma S.L.;Hộp;https://www.pharmacity.vn/product/dogmakern-50mg-kern-pharma-hop-02-vi-x-15-vien
Viên nén Glyxambi 25mg/5mg điều trị đái tháo đường type 2 (3 vỉ x 10 viên);1290000;Empaglilozin/Linagliptin 25mg+5mg;Boehringer Ingelheim;Hộp;https://www.pharmacity.vn/product/glyxambi-255mg-hop-30-vien
Viên nén Nifin 200mg DHG kháng sinh điều trị nhiễm khuẩn (2 vỉ x 10 viên);159400;CEFPODOXIME PROXETIL 200mg;DHG Pharma;Hộp;https://www.pharmacity.vn/product/nifin-tab-fc-200mg-box-20dhg-pharma
TOREXVIS-D DROPS EYE 5ML 1;23000;TOBRAMYCIN 0,3%,  DEXAMETHASON  0,1%;Gia Nguyen;Chai;https://www.pharmacity.vn/product/torexvis-d-drops-eye-5ml-1
Sevelamer 800mg DR. REDDY’S (Chai 270 viên);2835000;Sevelamer carbonate 800mg;Reddy;Chai;https://www.pharmacity.vn/product/sevelamer-800mg-dr-reddys-chai-270-vien
Thuốc ho Astemix An Thiên hỗ trợ điều trị ho, viêm họng, viêm phế quản, suyễn (Chai 120ml);71100;Húng chanh, núc nác, cineol 500 mg, 125 mg, 0,883 mg;An Thien;Chai;https://www.pharmacity.vn/product/thuoc-astemix-an-thien-ho-tro-dieu-tri-ho-120ml
Viên nén Terpincold trị ho, tiêu đờm, viêm họng, viêm phế quản (6 vỉ x 15 viên);122600;"Terpin hydrat
Codein 100mg, 15mg";Hataphar;Hộp;https://www.pharmacity.vn/product/terpincold-6-vi-x-15-vien
Cốm pha uống Efodyl Sac 125mg điều trị nhiễm khuẩn (20 gói x 1.5g);150000;Cefuroxim 150mg 150;Xisat;Hộp;https://www.pharmacity.vn/product/efodyl-sac-150mg-20goix15g
Soredon NN 5 (Hộp 3 vỉ x 10 viên);137500;Prednisolon 5mg;Meyer-BPC;Hộp;https://www.pharmacity.vn/product/soredon-nn-5-hop-3-vi-x-10-vien
Thuốc nhỏ mắt Letdion 0.5% điều trị tại chỗ cho những nhiễm trùng ở mắt (chai 5ml);150000;LEVOFLOXACIN 5ml;;Hộp;https://www.pharmacity.vn/product/letdion-eye-drops-05-5ml
Viên nén Nady-Dapag 10 điều trị đái tháo đường type 2 (3 vỉ x 10 viên);449000;Dapagliflozin (dưới dạng Dapagliflozin propanediol monohydrat) 10mg;Nadyphar;Hộp;https://www.pharmacity.vn/product/nady-dapag-10-hop-3-vi-x-10-vien
Viên nén Meyerflu trị các triệu chứng ho cảm thông thường (10 vỉ x 10 viên);108000;Paracetamol  500mg,  Loratadin  5mg,  Dextromethorphan HBr  15mg;Meyer-BPC;Hộp;https://www.pharmacity.vn/product/meyerflu-cap-10-vi-x-10-vien
Viên nén Levoleo 500mg điều trị nhiễm khuẩn (1 vỉ x 5 viên);25000;Levofloxacin 500mg;BV Pharma;Hộp;https://www.pharmacity.vn/product/levoleo-500mg-1-vi-x-10vien
Viên nang HAPACOL 500mg /200mg làm giảm đau các cơn đau, hạ sốt (10 vỉ x 10 viên);62000;IBUPROFEN + PARACETAMOL 500mg;DHG Pharma;Hộp;https://www.pharmacity.vn/product/hapacol-pain-500mg-hop-10-vi-x-10-vien
Viên nén Tunadimet 75mg dự phòng làm giảm nguy cơ tai biến tim mạch (10 vỉ x 10 viên);89000;Clopidogrel bisulfat 75mg;Khanh Hoa;Hộp;https://www.pharmacity.vn/product/tunadimet-75mg-khapharco-hop-10vi-x-10vien
Thực phẩm bảo vệ sức khỏe Zecuf Kẹo ngậm hỗ trợ giảm triệu chứng ho (Hộp 20 viên);41200;;Zecuf;Hộp;https://www.pharmacity.vn/product/zecuf-herbal-keo-ngam-giam-ho-5vi-x-4vien
Viên nén Tocimat 120mg trị viêm mũi dị ứng, mày đay (5 vỉ x 10 viên);126000;Fexofenadin hydroclorid 120mg;BIDIPHAR;Hộp;https://www.pharmacity.vn/product/tocimat-120mg-hop-5-vi-x-10-vien
Viên nén Paralmax Pain 200mg/325mg làm giảm đau các cơn đau, hạ sốt (15 vỉ x 12 viên);270000;Paracetamol, Ibuprofen 325mg, 200mg;Boston;Hộp;https://www.pharmacity.vn/product/paralmax-pain-200mg325mg-15-vi-x-12-vien
Viên nang Eumintan hỗ trợ sát trùng đường hô hấp (10 vỉ x 10 viên);72100;Eucalyptol, Menthol, Tinh dầu tần, Tinh dầu gừng 100mg;Pymepharco;Hộp;https://www.pharmacity.vn/product/eumintan-100-mg-hop-10-vi-x-10-vien
Viên nang Omeprazol 20mg TVP điều trị loét dạ dày, tá tràng, viêm thực quản (3 vỉ x 10 viên);19500;OMEPRAZOLE 20mg;TVPharma;Hộp;https://www.pharmacity.vn/product/omeprazol-tvp-caps-pllt-ec-20mg-box-30
Viên nang Esomeprazol US 20mg trị loét dạ dày tá tràng, viêm thực quản trào ngược (3 vỉ x 10 viên);58800;Esomeprazole 20mg 20mg;US Pharma;Hộp;https://www.pharmacity.vn/product/esomeprazol-us-20mg-hop-30-vien
Thuốc bột Fugentin 875mg/125mg Elpen điều trị nhiễm khuẩn (hộp 12 gói);333000;Amoxicilin+ Acid clavulanic 875mg, 125mg;Elpen Pharmaceutical Co. Inc.;Hộp;https://www.pharmacity.vn/product/fugentin-875mg125mg-elpen-hop-12-goi
Viên nang Omeprazole USP 20mg điều trị loét dạ dày, tá tràng, viêm thực quản (10 vỉ x 10 viên);36000;"
Omeprazole 200mg";Brawn;Hộp;https://www.pharmacity.vn/product/omeprazole-delayed-release-usp-20mg-10-vi-x-10-vien
Viên nang APHARNAX 500MG điều trị viêm gan, xơ gan (10 vỉ x 10 viên);510000;ORNITHINE 500mg;Armephaco;Hộp;https://www.pharmacity.vn/product/apharnax-caps-500mg-10vi-x-10vien
Viên nén A.T Metpredni 16mg kháng viêm, điều trị viêm thấp khớp, chống dị ứng (10 vỉ x 10 viên);230000;METHYLPREDNISOLONE 16mg;An Thien;Hộp;https://www.pharmacity.vn/product/at-metpredni-caps-16mg-10vi-x-10vien
Viên bao tan ở ruột Esapbe 40mg điều trị loét dạ dày, tá tràng (3 vỉ x 10 viên);359000;Esomeprazole 40mg;Sterling;Hộp;https://www.pharmacity.vn/product/esapbe-40mg-sterling-healthcare-hop-3-vi-x-10-vien
Bột pha uống Para-api 325mg Apimed giảm đau từ nhẹ đến vừa và hạ sốt (30 gói x 2g);5200;Paracetamol  325mg;Apimed;Gói;https://www.pharmacity.vn/product/para-api-325mg-apimed-hop-30-goi-x-2g
Bipp zinc powder 70mg DHG (Hộp 24 gói x 1.5g);2200;Kẽm Gluconat 70mg;DHG Pharma;Gói;https://www.pharmacity.vn/product/bipp-zinc-powder-70mg-dhg-hop-24-goi-x-15g
Kremil Gel United Pharma ( Hộp/ 20 Gói);92700;Aluminum hydroxide, Magnesium hydroxide, Simethicone;United Pharma;Hộp;https://www.pharmacity.vn/product/kremil-gel-united-pharma-hop-20-goi
Tiêu độc TW3 Foripharm (chai 60 viên);70000; Cao đặc hỗn hợp dược liệu (tương đương: Bồ công anh 360mg,  Kim ngân 320mg,  Liên kiều 240mg,  Kinh giới 200mg,  Đương quy 160mg,  Cam thảo 120mg) 180mg;Foripharm (TW3);Chai;https://www.pharmacity.vn/product/tieu-doc-tw3-foripharm-chai-60-vien
Alfokid Syrup (Hộp 20 túi);250000;Dịch chiết lá Thường xuân 0,1g 0,1g;GENUONE SCIENCES INC;Hộp;https://www.pharmacity.vn/product/alfokid-syrup-hop-20-tui
UPSA C VITAMIN C 500MG HỘP 10 GÓI;104000;natri ascorbat 250mg,  vitamin C 250mg;UPSA SAS;Hộp;https://www.pharmacity.vn/product/upsa-c-vitamin-c-500mg-hop-10-goi
Thực phẩm bảo vệ sức khỏe Enterogermina Baby Comfort chứa dòng lợi khuẩn Bifidobacterium BB-12 (Lọ 8ml);489300;Mỗi liều (6 giọt tương đương 0.25g) chứa: Bifidobacterium animalis subsp. Lactis đông khô 12,75mg (tương ứng Bifidobacterium animalis subsp. Lactis BB-12® >= 10^9 CFU) Bifidobacterium animalis subsp. Lactis đông khô 12,75mg;Opella VMS;Lọ;https://www.pharmacity.vn/product/thuc-pham-bao-ve-suc-khoe-enterogermina-baby-comfort-bifidobacterium-bb12-lo-8ml
Safoli Avisure 50/0.35 CPC1HN (Hộp 2 vỉ x 15 viên);169800;Sắt nguyên tố 50mg, Acid folic 0.35mg Sắt nguyên tố 50mg, Acid folic 0.35mg;Công ty cổ phần Dược phẩm CPC1 Hà Nội;Hộp;https://www.pharmacity.vn/product/safoli-avisure-50-0-35-cpc1hn-hop-2-vi-15-vien
Viên nén Flazacort 6mg Stella kháng viêm, điều trị viêm thấp khớp, chống dị ứng (2 vỉ X10 viên);150000;Deflazacort  6mg;STELLA;Hộp;https://www.pharmacity.vn/product/flazacort-6mg-stella-hop-2-vi-x10-vien
Viên nén kháng dịch dạ dày NOLPAZA 20MG viêm thực quản trào ngược (2 vỉ x 14 viên);170800;PANTOPRAZOLE 20mg;KRKA,D,D;Hộp;https://www.pharmacity.vn/product/nolpaza-tab-20mg-hop-28-vien
Viên bao tan ở ruột Aspirin 81mg STELLA phòng ngừa nhồi máu cơ tim, đột quỵ (2 vỉ x 28 viên);20000;aspirin 81mg 81mg;STELLA;Hộp;https://www.pharmacity.vn/product/aspirin-stella-tab-fc-81mg-box-56-stella
Cốm pha uống Meyer Vita DC điều trị, phòng ngừa thiếu D3 và calci (20 gói x 5g);15750;Tricalci Phosphat , Vitamin D3;Meyer-BPC;Gói;https://www.pharmacity.vn/product/meyer-vita-dc-hop-20-goi-5g
Viên nén Atmecin 40mg điều trị suy tĩnh mạch, trĩ, phù nề sau phẫu thuật (3 vỉ x 10 viên);407000;Escin 40mg;Propylthiouracil;Hộp;https://www.pharmacity.vn/product/atmecin-40mg-hop-60-vien
Viên nén FexoBoston 180mg trị viêm mũi dị ứng, mày đay (3 vỉ x 10 viên);95000;FEXOFENADINE 180mg;Boston;Hộp;https://www.pharmacity.vn/product/fexoboston-180mg-3vi-x-10vien
HASPAN siro 0.7% 80ml;67000;HEDERA HELIX 80ml;VIANPHARMA;Chai;https://www.pharmacity.vn/product/haspan-siro-07-80ml
Eska FOlVit (15 Vỉ x 6 Viên);598000;Sắt, Vitamin B1, Vitamin b6,Vitamin C;;Hộp;https://www.pharmacity.vn/product/eska-folvit-15vi-x-6-vien
Hỗn dịch nhỏ mắt Metodex điều trị viêm kết mạc mí mắt, nhãn cầu, viêm giác mạc (chai 5ml);39000;DEXAMETHASONE + TOBRAMYCIN;Merap Group;Chai;https://www.pharmacity.vn/product/metodex-sps-drops-e-susp-7ml-1
CREDERM LOTION 0.5MG/20MG 40ML;137000;Betamethasone,  Salicylic Acid;Medisun;Hộp;https://www.pharmacity.vn/product/crederm-lotion-05mg20mg
Valgesic 10 CT Pharma (6 vỉ x 10 viên);300000;Hydrocortison 10mg 10mg;Medisun;Hộp;https://www.pharmacity.vn/product/valgesic-10-ct-pharma-6-vi-x-10-vien
Abgalic Fort (Hộp 60 Viên);6667;Silymarin 140mg 140mg;US Pharma;Viên;https://www.pharmacity.vn/product/abgalic-fort-hop-60-vien
Denk-air Junior 4mg (2 Vỉ x 14 Viên);10854;Montelukast 4mg;Denk Pharma GmbH & Co.KG;Viên;https://www.pharmacity.vn/product/denk-air-junior-4mg-2-vi-x-14-vien
Viên Sủi Panadol giảm đau, hạ sốt (Hộp 6 vỉ x 4 viên);84000;Paracetamol 500mg;GSK OTC;Hộp;https://www.pharmacity.vn/product/panadol-vien-sui
AgiroVastin 10;101800;RosuVastatin 10mg;AGIPHARM;Hộp;https://www.pharmacity.vn/product/agirovastin-10
Kem bôi da Crotamiton STELLA 10% điều trị ghẻ, triệu chứng ngứa (Tuýp 20g);25000;Crotamiton 2g;STELLA;Tuýp;https://www.pharmacity.vn/product/crotamiton-stella-10
Hỗn dịch uống Hantacid 10ml CPC1HN điều trị rối loạn tiêu hóa, trào ngược dạ dày - thực quản ( Hộp 20 gói x10ml);154500;Magnesi hydroxyd 195mg, Nhôm hydroxyd 220mg, Simethicone 25mg 195mg,220mg,25mg;DP Trung uong CPC1;Hộp;https://www.pharmacity.vn/product/hantacid-hop-20-goi-x10ml-cpc1
Thuốc Immutes Capsule 80mg Austin hỗ trợ tăng cường hệ miễn dịch (6 vỉ x 10 viên);240000;Thymomodulin 80mg;AUSTIN PHARM CO.,LTD, KOREA;Hộp;https://www.pharmacity.vn/product/immutes-capsule-80mg-austin-6-vi-x-10-vien
LIDOCAIN KABI AMP INJ 40MG /2ML 100 ống;850;Lidocain;Fresenius Kabi;Ống;https://www.pharmacity.vn/product/lidocain-kabi-amp-inj-40mg-2ml-100-ong
OPECALCIUM (Hộp 20 ống x 10ml);235000;Calci glucoheptonat 550mg, Acid ascorbic 50mg, Nicotinamid 25mg 1100mg, 100mg, 50mg;OPV;Hộp;https://www.pharmacity.vn/product/opecalcium-hop-20-ong-x-10ml
Thuốc Diacerein 50 - HV USP điều trị các bệnh thoái hóa khớp (10 vỉ x 10 viên);1500;Diacerein 50mg 50mg;US Pharma;Viên;https://www.pharmacity.vn/product/diacerein-hv-caps-50mg-box-100
LIDOCAIN HCL AMP INJ 40MG /2ML2ML 100;740;Lidocain hydroclorid 40mg  40mg;Vinphaco;Ống;https://www.pharmacity.vn/product/lidocain-hcl-amp-inj-40mg-2ml
Viên nén Stella Sezstad 10mg điều trị tăng cholesterol máu, giảm mỡ máu (6 Vỉ x 10 Viên);176000;Ezetimib 10mg;STELLA;Hộp;https://www.pharmacity.vn/product/sezstad-10mg-6-vi-x-10-vien-stella
Flexilor 4mg Glenmark (Hộp 10 vỉ x 10 viên);470000;Lornoxicam 4mg;Glenmark;Hộp;https://www.pharmacity.vn/product/flexilor-4mg-glenmark-hop-10-vi-x-10-vien
Bột pha uống Bostolox 100mg kháng sinh điều trị nhiễm khuẩn (hộp 24 gói);180000;Cefpodoxime 100mg;Boston;Hộp;https://www.pharmacity.vn/product/bostolox-100mg-hop-24-goi
Viên nén Pitator 4mg điều trị tăng cholesterol máu, giảm mỡ máu (4 vỉ x 7 viên);560000;Pitavastatin 4mg;Molped;Hộp;https://www.pharmacity.vn/product/pitator-tablets-4mg-hop-4-vi-x-7-vien
Viên nén Rosutrox 10mg điều trị tăng cholesterol máu, giảm mỡ máu (4 vỉ x 7 viên);264000;Rosuvastatin 10mg;BIOFARM;Hộp;https://www.pharmacity.vn/product/rosutrox-tab-fc-10mg-4vi-x-7vien
Viên nén Becalim 100mg điều trị tăng cholesterol máu, giảm mỡ máu (3 vỉ x 10 viên);270000;Ciprofibrate 100mg;Excl. Enlie;Hộp;https://www.pharmacity.vn/product/becalim-tab-fc-100mg-3vi-x-10vien
ANTIKANS CAPS 80MG BOX 30 120 ARMEPHACO;159000;THYMOMODULIN  80mg;Armephaco;Hộp;https://www.pharmacity.vn/product/antikans-caps-80mg-box-30-120-armephaco
Viên nén Ketovital phòng và điều trị rối loạn, suy giảm cơ chế chuyển hóa protein (10 vỉ x 10 viên);988000;a Ketoisoleucin calci ,  a Ketoleucin calci,  a Ketophenylalanin calci ,  a Ketovalin calci ,  a Hydroxymethionin calci L-Lysin acetat ,  L-Threonin ,  L-Histidin (dưới dạng L-histidin hydroclorid monohydrat) ,  L-Tyrosin ,  L-tryptophan;Gia Nguyen;Hộp;https://www.pharmacity.vn/product/ketovital-capl-fc-10vi-x-10-vien
Ciprofloxacin 250mg US Pharma (Hộp 10 gói);125000; Ciprofloxacin 250mg 250mg;US Pharma;Hộp;https://www.pharmacity.vn/product/ciprofloxacin-250mg-us-pharma-hop-10-goi
NAUSAZY VIAL ORL 4MG (4 Vi x 5 Ong);384900;ONDANSETRON 4mg 4mg;Công ty cổ phần Dược phẩm CPC1 Hà Nội;Hộp;https://www.pharmacity.vn/product/nausazy-vial-orl-4mg-4-vi-x-5-ong
GOLISTIN-ENEMA LỌ 66ML CPC1 Hà Nội;48000;Monobasic natri phosphat, Dibasic natri phosphat 10,63g, 3,92g;Công ty cổ phần Dược phẩm CPC1 Hà Nội;Lọ;https://www.pharmacity.vn/product/golistin-enema-lo-66ml-cpc1-ha-noi
Daylette (Hộp 28 Viên);165000;Drospirenone,Ethinylestradiol 3mg, 0,02mg;Gedeon Richter;Hộp;https://www.pharmacity.vn/product/daylette-hop-28-vien
Thuốc Cốm pha hỗn dịch uống Miboga Minh An 5g;35000;L-Arginin L-Aspartat 5g;Minh An;Gói;https://www.pharmacity.vn/product/thuoc-com-pha-hon-dich-uong-miboga-minh-an-5g
Brusonex Spray (140 lieu xit);410000;Mometasone furoate 50mcg/liều xịt;Brushchettini S.r.l Genoa, Italy;Hộp;https://www.pharmacity.vn/product/brusonex-spray-140-lieu-xit
Dung dịch vệ sinh phụ nữ Mygyno (Chai 120ml);117700;Khong HC Khong HC;Nature Vietnam;Chai;https://www.pharmacity.vn/product/mygyno-ddvs-phu-nu-120ml
Viên uống Abbott Heptral 400 hỗ trợ chức năng gan (Hộp 30 viên);1148000;;Abbott;Hộp;https://www.pharmacity.vn/product/abbott-heptral-400-ho-tro-tang-cuong-chuc-nang-gan
Dung dịch truyền tĩnh mạch Morihepamin Ajinomoto Hỗ trợ điều trị trong hội chứng não gan cho bệnh nhân suy gan mạn (Túi 500ml);205000;L-Isoleucin,  L-Leucin,  L-Lysin acetat,  L-Methionin,  L-Phenylalanin,  L-Threonin,  L-Tryptophan,  L-Valin,  L-Alanin,  L-Arginin,  L-Aspartic acid,  L-Histidin,  L-Prolin,  L-Serin,  L-Tyrosin,  Glycin;Ajinomoto;Túi;https://www.pharmacity.vn/product/morihepamin-ajinomoto-tui-500ml
Flexbumin 20% Inj (Tui 50ml);990000;Albumin human 10g/50ml;SHIRE;Túi;https://www.pharmacity.vn/product/flexbumin-20-inj-tui-50ml
Lepro Tab 60mg (10 vỉ x 10 viên);737000;Levodropropizin 60mg;KMS Pharm;Hộp;https://www.pharmacity.vn/product/lepro-tab-60mg-10-vi-x-10-vien
Gastsus (30 goi x 10ml);222000;Oxetacain (Oxethazain) 20 mg,  Nhôm hydroxyd (dưới dạng Nhôm hydroxyd gel khô)  582 mg,  Magnesi hydroxid  196 mg;BV Pharma;Hộp;https://www.pharmacity.vn/product/gastsus-30-goi-x-10ml
Fosmitic 30mg Ear Drops (Chai 10ml);105000;Fosfomycin natri 30mg/ml;Công ty cổ phần Dược phẩm CPC1 Hà Nội;Hộp;https://www.pharmacity.vn/product/Fosmitic-30mg-Ear-Drops-Chai-10ml
Dầu khuynh diệp Trường Sơn (24ml);62300;Eucalyptol, Tinh dầu tràm, Long não, Tinh dầu đinh hương, Parafin;Dau Phat Linh;Chai;https://www.pharmacity.vn/product/dau-khuynh-diep-ts-24ml-truong-son
Axcel Fusidic Acid Cream (Hộp x 15g);64900;Fucidic acid 2% w/w,  Betamethason 17-valarate 0,1% w/w;Kotra Pharma;Tuýp;https://www.pharmacity.vn/product/axcel-fusidic-acid-cream-hop-x-15g
Lanam SC 200mg/28,5mg Imexpharm (Hộp 12 gói x 0,8g);7000;Amoxicilin, ACID CLAVULANIC Amoxicilin 200mg , ACID CLAVULANIC 28.5 mg;Imexpharm;Gói;https://www.pharmacity.vn/product/lanam-sc-200mg285mg-imexpharm-hop-12-goi-x-08g
Thuốc Ozempic Novo Nordisk trị tiểu đường 1mg;4745000;Semaglutide: 1mg 1mg;Novo Nordisk A/S;But;https://www.pharmacity.vn/product/ozempic-novo-nordisk-1mg-hop-1-but-3ml
Mucome Baby SPR 0.05 (Hộp 1 chai 10ml);48500;Xylometazolin hydroclorid 0,05% 0,05%;Công ty cổ phần Dược phẩm CPC1 Hà Nội;Chai;https://www.pharmacity.vn/product/mucome-baby-spr-005-hop-1-chai-10ml
Thuốc Pusadin plus 5g;30900;Acid fusidic 100mg 100mg,  Betamethason valerat 5mg  5mg;Medipharco- Tenamyd;Tuýp;https://www.pharmacity.vn/product/thuoc-pusadin-plus-5g-
NUPIGIN VIAL ORL 1200MG 10ML 20;8500;Piracetam 1200mg/10ml;Công ty cổ phần Dược phẩm CPC1 Hà Nội;Ống;https://www.pharmacity.vn/product/nupigin-vial-orl-1200mg-10ml-20
Xelostad 15 Stella (14 viên);35000;Rivaroxaban 15mg;STELLA;Viên;https://www.pharmacity.vn/product/xelostad-15-stella-14-vien-
SYSTANE ULTRA UD 30x0.7ml;13300;Polyethylene glycol 400 0.4%+ Propylen glycol 0.3% 0.7ml/ống;Alcon Pharmaceuticals;Ống;https://www.pharmacity.vn/product/systane-ultra-ud-30x07ml
Siro Butagan syrup 7.5mg/5ml Anfarm làm dịu các triệu chứng ho (hộp 200ml);119000; Butamirat citrat 7,5mg/5ml 7,5mg/5ml;ANFARM HELLAS;Chai;https://www.pharmacity.vn/product/siro-butagan-syrup-75mg5ml-anfarm-lam-diu-cac-trieu-chung-ho-hop-200ml
Aritero 10mg Hetero (3 vỉ x 10 viên);11000;Aripiprazole 10mg 10mg;Hetero Drugs- India;Viên;https://www.pharmacity.vn/product/aritero-10mg-hetero-3-vi-x-10-vien
Bominity (H/ 20 ong);6130; Vitamin C (dưới dạng ascorbat natri) 100mg 100mg, 56000iu, 500mg;Công ty cổ phần Dược phẩm CPC1 Hà Nội;Ống;https://www.pharmacity.vn/product/bominity-h-20-ong
Domuvar Hộp 8 vỉ x 5 ống 5ml;6250;Bào tử Bacillus subtilis 2x 10 mũ 9 CFU/5ml Bào tử Bacillus subtilis 2x 10 mũ 9 CFU/5ml;Công ty cổ phần Dược phẩm CPC1 Hà Nội;Ống;https://www.pharmacity.vn/product/domuvar-hop-40-ong-
GRAXOSTAT TAB F.C 40MG BOX 30;509900;Febuxostat 40mg;Gracure Pharmaceuticals, India;Hộp;https://www.pharmacity.vn/product/graxostat-tab-fc-40mg-box-30
Salymet Gel (30g);25000;Methyl salicylat 2,7g 2,7g,  Menthol 1,2g  1,2g,  Camphor 1g  1g;Pharmedic;Tuýp;https://www.pharmacity.vn/product/salymet-gel-30g
Simethicon Stella giảm đầy hơi, khó chịu ở bụng (15ml);22000;Simethicone 1g 1g;STELLA;Chai;https://www.pharmacity.vn/product/simethicon-stella-giam-day-hoi-kho-chiu-o-bung-15ml
Viên nang Lansoprazol STELLA 30mg trị viêm loét dạ dày tá tràng (Hộp 100 Viên);150000;Lansoprazole 30mg 30mg;STELLA;Hộp;https://www.pharmacity.vn/product/lansoprazole-stella-30mg-hop-100-vien
Viên nén Enalapril Stella 10mg điều trị tăng huyết áp, suy tim (Hộp 100 viên);93000;Enalapril 10mg 10mg;STELLA;Hộp;https://www.pharmacity.vn/product/enalapril-stella-10mg-hop-100vien
VNP-MOCTOC SPR EXT (Hộp 60ml);191600;Minoxidil 20 mg 20 mg;Công ty cổ phần Dược phẩm CPC1 Hà Nội;Hộp;https://www.pharmacity.vn/product/vnp-moctoc-spr-ext-hop-60ml
Kem bôi da Trangala QM 8g Mediphar điều trị chàm, vết côn trùng cắn, viêm da tiếp xúc;9000;Acid Salicylic, Betamethason 240mg, 4mg;QM.Mediphar;Lọ;https://www.pharmacity.vn/product/trangala-qm-hop-1-lo-x-8g1loc10lo
MONITHIN SOL EXT 10MG /ML30ML 1;97900;Clindamycin (dưới dạng clindamycin phosphat 11,88mg) 10mg 30ml;Công ty cổ phần Dược phẩm CPC1 Hà Nội;Chai;https://www.pharmacity.vn/product/monithin-sol-ext-10mg-ml30ml-1
Thuốc Ho Bổ Phế Bảo Thanh NS 125ml;80000;Xuyên bối mẫu, tỳ bà diệp 125ml;Bao Thanh;Chai;https://www.pharmacity.vn/product/thuoc-ho-bo-phe-bao-thanh-ns-125ml
GUMITIC SOFTCAP 200MG BOX 60;8715;Acid alpha lipoic 200mg;Mediplantex;Viên;https://www.pharmacity.vn/product/gumitic-softcap-200mg-box-60
Viên nén Micardis 80mg Boehringer điều trị tăng huyết áp vô căn (3 vỉ x 10 viên);515790;Telmisartan 80mg;Boehringer Ingelheim;Hộp;https://www.pharmacity.vn/product/micardis-80mg-tabs-b30-greece
Viên nén Lipistad 10mg Stella điều trị tăng cholesterol máu, giảm mỡ máu (5 vỉ x 10 viên);49000;Atorvastatin 10mg 10mg;STELLA;Hộp;https://www.pharmacity.vn/product/lipistad-10mg-5vix10vien-stella
Viên uống Imodium 2mg Portugal điều trị triệu chứng của tiêu chảy cấp tính (Hộp 10 vỉ x 10 viên);2800;Loperamide 2mg 2mg;Johnson & Johnson;Viên;https://www.pharmacity.vn/product/imodium-2mg-portugal-hop-100-vien
Dobenzic Domesco 3mg hỗ trợ kích thích tổng hợp protein (3 vỉ x 10 viên);4167;Dibencozid 3mg;Domesco;Viên;https://www.pharmacity.vn/product/dobenzic-3mg-3vi-x-10-vien
Viên nang Clindamycin 150mg Stella điều trị nhiễm khuẩn (Hộp 100 viên);110000;Clindamycin  150mg;STELLA;Hộp;https://www.pharmacity.vn/product/clindastad-150mg-stella-hop-100v
Viên uống Sitomet 50/1000mg Boston trị đái tháo đường (Hộp 30 Viên);8000;Metformin hydroclorid 1000mg, Sitagliptin 50mg;Boston;Viên;https://www.pharmacity.vn/product/sitomet-501000mg-boston-hop-30-vien
Eszopiclone 2mg;6900;Eszopiclon 2mg;;Viên;https://www.pharmacity.vn/product/eszopiclone-2mg-
FOZVIR;20990;Tenofovir alafenamid 25mg;SUN RISE;Viên;https://www.pharmacity.vn/product/fozvir
Enaplus HCT 10/12.5 (Hộp 3 Vỉ x 10 Viên);3300;Enaplus HCT;STELLA;Viên;https://www.pharmacity.vn/product/enaplus-hct-10125-hop-3-vi-x-10-vien
Glyxambi 10mg/5mg (3 vỉ x 10 viên);38500;Empagliflozin Empagliflozin 10mg,  Linagliptin  Linagliptin 5mg;Boehringer Ingelheim;Viên;https://www.pharmacity.vn/product/glyxambi-10mg5mg-3-vi-x-10-vien
Liverplant Medisun H60V;3500;Cao Carduus Marianus (tương đương 100 mg silymarin trong đó có 50 mg silybin) 200 mg Cao Carduus Marianus 200 mg,  Vitamin B1 8 mg  Vitamin B1 8 mg,  Vitamin B2 8 mg  Vitamin B2 8 mg,  Vitamin B5 16 mg  Vitamin B5 16 mg,  Vitamin B6 8 mg  Vitamin B6 8 mg,  Vitamin PP 24 mg  Vi;Medisun;Viên;https://www.pharmacity.vn/product/liverplant-medisun-h60v-
Pentovas S.P.M ( Hộp 3 vỉ x 10 viên);25500;Tenofovir alafenamide 25mg;SPM;Viên;https://www.pharmacity.vn/product/pentovas-spm-hop-3-vi-x-10-vien
DEXIBUFEN SOFTCAP 400MG BOX 30;6500;Dexibuprofen 400mg;Công ty cổ phần Dược phẩm CPC1 Hà Nội;Viên;https://www.pharmacity.vn/product/dexibufen-softcap-400mg-box-30
MOXIEYE DROPS EYE 0.5% 10ML;88000;Moxifloxacin 5mg/1ml;Công ty cổ phần Dược phẩm CPC1 Hà Nội;Lọ;https://www.pharmacity.vn/product/moxieye-drops-eye-05-10ml-
Thuốc Jadenu 360mg Novartis điều trị quá tải sắt mạn tính (3 vỉ x 10 viên);402290;Deferasirox 360mg;Novartis;Viên;https://www.pharmacity.vn/product/thuoc-jadenu-360mg-novartis-dieu-tri-qua-tai-sat-man-tinh-3-vi-x-10-vien
Alphavimin 10ml Hadiphar (Hop 20 ong);12800;Lysine 100mg, Thiamin hydroclorid 1mg, Riboflavin 1.15mg, Vitamin B6 2mg, Vitamin D3 133.35, Vitamin E 5mg 100mg, 1mg, 1.15mg, 2mg, 133.35, 5mg;Hadiphar;Ống;https://www.pharmacity.vn/product/alphavimin-10ml-hadiphar-hop-20-ong-
Hepa-Taf 25mg RELIV (Hộp x 30 Viên);28500;Tenofovir alafenamide 25mg;RELIV HEALTHCARE;Viên;https://www.pharmacity.vn/product/hepa-taf-25mg-reliv-hop-x-30-vien
Vinsalamin 500mg Vinphaco ( Hộp 30 vien);11000;Mesalamin 500mg;Công ty cổ phần dược phẩm Vĩnh Phúc;Viên;https://www.pharmacity.vn/product/
Thazolxen 0,1%/5mg Ha Tinh (Tuyp 10g);63000;Mometason furoat 5,0 mg (0,1%) 10gr;Công ty Cổ phần Dược Hà Tĩnh;Tuýp;https://www.pharmacity.vn/product/
Cancetil plus 16mg/12.5mg Shinpoong (3 Vi x 10 Vien);84000;"Candesartan cilexetil 16mg,
Hydroclorothiazid 12.5mg



";SHINPOONG;Hộp;https://www.pharmacity.vn/product/cancetil-plus-16mg125mg-shinpoong-3-vi-x-10-vien
Concor AM 5mg/5mg  (Hộp x 30 Viên);168000;"Bisoprolol fumarate 5mg
Amlodipine besylate 5mg";Egis Pharma;Hộp;https://www.pharmacity.vn/product/
Viên nén Clopistad 75mg phòng ngừa thành lập cục máu đông, huyết khối (3 vỉ x 10 viên);129000;Clopidogrel 75mg;STELLA;Hộp;https://www.pharmacity.vn/product/thuoc-phong-ngua-bien-co-do-huyet-khoi-dong-mach-benh-mach-vanh-cap-tinh-clopistad-75mg-3-vi-x-10-vienhop
Bột hít Seretide Accuhaler 50/500mcg điều trị hen, bệnh phổi tắc nghẽn mãn tính (hộp 60 liều);339000;Salmeterol 50mcg, Fluticason 500mcg;GSK ETC;Hộp;https://www.pharmacity.vn/product/thuoc-dieu-tri-hen-phe-quan-seretide-500-accuhaler-50mcg500mcg
Viên nén Mefenamic Acid Stella 500mg giảm đau đầu, đau răng, đau sau phẫu thuật (chai 100 viên);66700;Acid Mefenamic 500mg;STELLA;Chai;https://www.pharmacity.vn/product/thuoc-dieu-tri-dau-dau-dau-rang-mefenamic-acid-stada-500mg-100-vien-hop
Panadol xanh - Mới (10 Vỉ x 12 viên) - Hạ sốt, giảm đau nhanh chóng;12000;Paracetamol 500mg;GSK OTC;Vỉ;https://www.pharmacity.vn/product/thuoc-giam-dau-ha-sot-khong-gay-buon-ngu-panadol-500mg
Viên nén Estraceptin thuốc tránh thai hàng ngày (1 vỉ x 28 viên);99000;Desogestrel 0.15mg, Ethinyl Estradiol 0.02mg;Abbott;Hộp;https://www.pharmacity.vn/product/thuoc-tranh-thai-estraceptin-28-vienhop
Viên nén Pariet 20mg điều trị viêm loét dạ dày, tá tràng (1 vỉ x 14 viên);285600;Rabeprazol 20mg;Eisai Ltd;Hộp;https://www.pharmacity.vn/product/thuoc-dieu-tri-loet-da-day-ta-trang-pariet-20mg
Thuốc xịt Seretide Evohaler DC 25/50mcg điều trị hen, bệnh phổi tắc nghẽn mãn tính (hộp 120 liều);212000;Salmeterol 25mcg, Fluticason 50mcg;GSK ETC;Hộp;https://www.pharmacity.vn/product/thuoc-dieu-tri-benh-hen-seretide-evohaler-dc-2550mcg-120-lieu-xitbinh
Viên nén Tavanic 500mg điều trị nhiễm khuẩn (1 vỉ x 5 viên);220000;Levofloxacin 500mg;Sanofi GEM;Hộp;https://www.pharmacity.vn/product/thuoc-dieu-tri-viem-xoang-cap-viem-phe-quan-man-tinh-tavanic-500mg
Viên nang Barole 20mg điều trị viêm loét dạ dày, tá tràng (10 vỉ x 10 viên);285000;Rabeprazol 20mg;Mega Lifesciences;Hộp;https://www.pharmacity.vn/product/thuoc-dieu-tri-viem-loet-da-day-thuc-quan-barole-20mg
Viên nén Scanneuron stella điều trị rối loạn do thiếu vitamin B1, B6, B12 (10 vỉ x10 viên);125000;Vitamin B1 100mg, Vitamin B6 200mg, Vitamin B12 200mcg;STELLA;Hộp;https://www.pharmacity.vn/product/thuoc-dieu-tri-cac-benh-roi-loan-he-than-kinh-scanneuron-10-vi-x-10-vien-hop
Bột pha uống Bioflora 100mg trị tiêu chảy cấp ở trẻ em, người lớn (hộp 20 gói);6245;Saccharomyces Boulardii 100mg;Bioflora;Gói;https://www.pharmacity.vn/product/thuoc-bot-ngan-ngua-dieu-tri-tieu-chay-cap-o-tre-em-nguoi-lon-bioflora-100mg-20-goi-hop
Viên nang Rowatinex điều trị sỏi niệu, sỏi thận (10 vỉ X 10 viên);37100;Pinen 31mg, Camphen 15mg, Cineol mg, Fenchon 4mg, Borneol 10mg, Anethol 4mg, Olive oil 33mg;Rowa;Vỉ;https://www.pharmacity.vn/product/thuoc-dieu-tri-soi-nieu-soi-than-rowatinex-10-vi-x-10-vien-hop
Viên nén bao phim Lipitor 40mg Pfizer điều trị tăng cholesterol máu, giảm mỡ máu (3 vỉ x 10 viên);638100;Atorvastatin 40mg;Viatris (Pfizer UpJohn);Hộp;https://www.pharmacity.vn/product/thuoc-dieu-tri-tang-cholesterol-mau-lipitor-tab-40mg
Viên nang Espumisan trị đầy hơi, chướng bụng (2 vỉ x 25 viên);24500;Simethicon 40mg;Menarini;Vỉ;https://www.pharmacity.vn/product/thuoc-dieu-tri-chung-day-hoi-espumisan-2-vi-x-25-vienhop
Viên nén Vitamin B1 50mg Mekophar điều trị bệnh do thiếu vitamin B1 (chai 100 viên);18000;Vitamin B1 50mg;Mekophar;Chai;https://www.pharmacity.vn/product/thuoc-dieu-tri-benh-viem-da-day-than-kinh-te-phu-va-phong-ngua-thieu-vitamin-b1-50mg-100-vienchai
Ciloxan 0.3% (Hộp 1 chai);81400;Ciprofloxacin 0;Novartis;Hộp;https://www.pharmacity.vn/product/dung-dich-nho-mat-dieu-tri-loet-giac-mac-viem-ket-mac-nhiem-trung-ciloxan-03-5ml
Thuốc nhỏ mắt Optive giảm tình trạng khô mắt, kích ứng do tiếp xúc (chai 15ml);95000;Natri Carboxymethylcellulos 0.5%, Glycerin 0.9%;Allergan;Hộp;https://www.pharmacity.vn/product/thuoc-nho-mat-optive-15ml
Thuốc dùng ngoài Emla 5% gây tê bề măt (5 tuýp x 5g);335000;Lidocain 25mg, Prilocain 25mg/5g;AstraZeneca;Hộp;https://www.pharmacity.vn/product/thuoc-boi-keo-dai-thoi-gian-quan-he-tinh-duc-va-chong-xuat-tinh-som-emla-5-hop-5-tuyp
Viên nén Risperdal 1mg điều trị tâm thần phân liệt, hưng cảm (6 vỉ x 10 viên);660000;Risperidone 1mg;Janssen;Hộp;https://www.pharmacity.vn/product/risperdal-1mg-hop-6-vi-x-10-vien
Viên nang Amoxicillin 500mg - Domesco điều trị nhiễm khuẩn (10 vỉ x 10 viên);97800;Amoxicilin 500mg;Domesco;Hộp;https://www.pharmacity.vn/product/thuoc-dieu-tri-cac-truong-hop-nhiem-trung-do-vi-khuan-duong-ho-hap-amoxicillin-500mg
Viên giải phóng có kiểm soát Depakine Chrono 500mg điều trị động kinh (chai 30 viên);239990;Sodium Valproat 500mg;Sanofi GEM;Hộp;https://www.pharmacity.vn/product/thuoc-dieu-tri-dong-kinh-hung-cam-depakine-chrono-500mg
Viên nén Transamin 500mg điều trị chảy máu, rong kinh (10 vỉ x 10 viên);420000;Acid Tranexamic 500mg;Daiichi-Sankyo Co;Hộp;https://www.pharmacity.vn/product/thuoc-dieu-tri-cac-benh-co-trieu-chung-chay-mau-transamin-500mg
Dorithricin (2 vỉ x 10 viên) – Kháng khuẩn, giảm đau họng nhanh;30000;Tyrothricin 0,5mg, Benzalkonium chlorid 1mg, Benzocain 1,5mg;Hyphens Pharma;Vỉ;https://www.pharmacity.vn/product/viem-ngam-dieu-tri-viem-hong-dorithricin-2-vi-x-10-vien
Viên nén Enalapril Stella 10mg điều trị tăng huyết áp, suy tim (3 vỉ x 10 viên);28000;Enalapril 10mg;STELLA;Hộp;https://www.pharmacity.vn/product/thuoc-dieu-tri-tang-huyet-ap-suy-tim-sung-huyet-enalapril-stada-10mg-3-vi-x10-vienhop
Viên nang Ginkor Fort điều trị suy tĩnh mạch, trĩ cấp tính (3 vỉ x 10 viên);113000;Ginkobiloba 0.014g, Heptaminol 0.3g;Toni Pharm;Vỉ;https://www.pharmacity.vn/product/thuoc-dieu-tri-suy-tinh-mach-hach-bach-huyet-ginkor-fort-3-vi-x-10-vienhop
Thuốc dùng ngoài DEP trị ghẻ ngứa (chai 10g);7500;Diethyl Phthalat 9.5g;Mekophar;Chai;https://www.pharmacity.vn/product/thuoc-mo-boi-da-chuyen-phong-va-dieu-tri-ghe-ngua-dep-10g
Viên giải phóng có kiểm soát Klacid MR 500mg điều trị nhiễm khuẩn đường hô hấp (1 vỉ x 5 viên);215000;Clarithromycin 500mg;Abbott;Hộp;https://www.pharmacity.vn/product/thuoc-dieu-tri-nhiem-trung-duong-ho-hap-klacid-mr-500mg
Viên nén Nolvadex-D 20mg điều trị ung thư vú (3 vỉ x 10 viên);177000;Tamoxifen 20mg;AstraZeneca;Hộp;https://www.pharmacity.vn/product/nolvadex-d-tab-20mg
Viên nén Glucovance 500mg/5mg điều trị đái tháo đường type 2 (2 vỉ x 15 viên);143000;Metfomin 500mg, Glibenclamid 5mg;Merck Export GMBH;Hộp;https://www.pharmacity.vn/product/thuoc-dieu-tri-dai-thao-duong-type-ii-o-nguoi-lon-glucovance-500mg5mg
Viên nén bao đường Cyclo Progynova 2mg điều trị các chứng bệnh thiếu estrogen (hộp 21 viên);106500;Estradiol valerate 2mg, Norgestrel 0.5mg;Bayer (Others);Hộp;https://www.pharmacity.vn/product/cyclo-progynova-tab-2mg-hop-1-vi-x-21-vien
Viên nén Janumet 50mg/500mg điều trị đái tháo đường type 2 (4 vỉ x 7 viên);305000;Metfomin 500mg, Stitagliptin 50mg;Merck Sharp & Dohme;Hộp;https://www.pharmacity.vn/product/thuoc-ho-tro-che-do-an-kieng-cai-thien-kiem-soat-duong-huyet-o-benh-nhan-dai-thao-duong-typ-2-janumet-50mg500mg
Thuốc xịt mũi Nasonex 50mcg trị viêm xoang, viêm mũi dị ứng, polyp mũi (chai 60 liều);205000;Mometason 0,5%(kl/kl);Bayer HealthCare;Chai;https://www.pharmacity.vn/product/thuoc-xit-dieu-tri-viem-mui-di-ung-cho-nguoi-lon-tre-em-tren-2-tuoi-nasonex-0-05
Viên nang Crila điều trị phì đại lành tính tuyến tiền liệt, điều trị u xơ tử cung (4 chai x 40 viên);380000;Cao Trinh Nữ Hoàng Cung 250mg;Thien Duoc;Hộp;https://www.pharmacity.vn/product/thuoc-dieu-tri-u-xo-tu-cung-phi-dai-lanh-tinh-tuyen-tien-liet-crila-40-vienchai
Cốm trà Trà gừng Traphaco điều trị đau bụng do lạnh, đầy trướng, không tiêu (10 túi x 3g);14000;Gừng 1,6g;Traphaco;Hộp;https://www.pharmacity.vn/product/tra-gung-tri-dau-bung-ho-do-cam-lanh-traphaco-10-tui-x-3ghop
Cao xoa Tiger balm RED trị cảm cúm, sổ mũi, nghẹt mũi, chóng mặt, say tàu xe (hộp 19.4g);48000;Camphor 25%, Dementholised Mint Oil 16%, Cajuput Oi 13%, Menthol 8%, Clove Oil 1,5%, Hard Paraffin và Yellow Solf Paraffin vừa đủ. 21% /19.4g;Tiger balm;Hộp;https://www.pharmacity.vn/product/cao-ho-do-giam-dau-nhuc-co-tiger-balm-red-19-4g
Viên bao đường Hoạt Huyết Dưỡng Não Traphaco cải thiện trí nhớ, giảm đau đầu (5 vỉ x 20 viên);115000;Cao Đinh Lăng 150mg, Cao Bạch Quả 5mg;Hoat Huyet Duong Nao;Hộp;https://www.pharmacity.vn/product/thuoc-bo-than-kinh-phong-va-dieu-tri-cac-benh-giam-tri-nho-hoat-huyet-duong-nao-5-vi-x-20-vien-bao-duong
Viên nén L-STAFLOXIN 500 mg stella điều trị nhiễm khuẩn (2 vỉ x 7 viên);41990;Levofloxacin 500mg;STELLA;Hộp;https://www.pharmacity.vn/product/thuoc-dieu-tri-cac-nhiem-khuan-nhe-trung-binh-cac-benh-nhiem-khuan-do-vi-khuan-nhay-cam-levofloxacin-stada-500mg
Viên nang Cephalexin 250mg Vidipha điều trị các nhiễm khuẩn đường hô hấp (10 vỉ x 10 viên);70000;Cephalexin 250mg;Vidipha;Hộp;https://www.pharmacity.vn/product/thuoc-dieu-tri-cac-nhiem-khuan-duong-ho-hap-cephalexin-250mg
Viên nang Diacerein 50mg - Vidipha điều trị triệu chứng thoái hóa khớp (3 vỉ x 10 viên);46400;Diacerein 50mg;Vidipha;Hộp;https://www.pharmacity.vn/product/thuoc-dieu-tri-benh-thoai-hoa-khop-diacerein-50mg-3-vi-x-10-vien-hop
Viên nén Galvus Met 50mg/1000mg điều trị đái tháo đường type 2 (6 vỉ x 10 viên);579900;Metfomin 1000mg, Vildagliptin 50mg;Novartis;Hộp;https://www.pharmacity.vn/product/galvus-met-50mg1000mg-6-vi-x-10-vienhop
Viên nén Aerius 5mg trị viêm mũi dị ứng, mày đay, ngứa (1 vỉ x 10 viên);100000;Desloratadin 5mg;Merck Sharp & Dohme;Hộp;https://www.pharmacity.vn/product/thuoc-dieu-tri-cac-trieu-chung-viem-mui-di-ung-noi-me-day-aerius-desloratadine-10-vienhop
Viên nang Cefalexin 500mg - Domesco điều trị nhiễm khuẩn (10 vỉ x 10 viên);107500;Cefalexin 500mg;Domesco;Hộp;https://www.pharmacity.vn/product/thuoc-dieu-tri-cac-benh-nhiem-khuan-do-cac-vi-khuan-nhay-cam-cefalexin-500mg-10-vi-x-10-vienhop
Viên nén Cetirizin 10mg điều trị triệu chứng viêm mũi dị ứng, mày đay (10 vỉ x 10 viên);5700;Cetirizin 10mg;Domesco;Vỉ;https://www.pharmacity.vn/product/thuoc-dieu-tri-viem-mui-di-ung-o-nguoi-lon-va-tre-em-tren-12-tuoi-cetirizin-10mg-10-vi-x-10-vienhop
Viên nén Heptaminol 187,8mg điều trị hạ huyết áp tư thế (2 vỉ x 10 viên);24500;Heptaminol 187.8mg;Domesco;Hộp;https://www.pharmacity.vn/product/heptaminol-1878mg-2-vi-x-10-vien
Ống hít Inhaler - PMD giảm triệu chứng nghẹt mũi, sổ mũi (1 vỉ x 5 ống);5920;Menthol 620mg, Long não 655mg, Tinh dầu tràm tinh chế 170mg;Pharmedic;Ống;https://www.pharmacity.vn/product/ong-hit-tri-cam-cum-nghet-mui-inhaler-vi-5-ong
Viên nén Procoralan 7.5mg điều trị đau thắt ngực ổn định (4 vỉ x 14 viên);598900;Ivabradin 7.5mg;Servier International;Hộp;https://www.pharmacity.vn/product/procoralan-75mg-hop-4-vi-x-14-vien
Cốm Nexium 10mg AstraZeneca điều trị trào ngược dạ dày - thực quản (28 gói);637500;Esomeprazol 10mg;Nexium;Hộp;https://www.pharmacity.vn/product/thuoc-dieu-tri-benh-trao-nguoc-da-day-thuc-quan-o-tre-em-nexium-10mg
Viên nén bao đường Hà Thủ Ô trị thiếu máu, chóng mặt, đau lưng, râu tóc bạc sớm (5 vỉ x 20 viên);11000;Cao Hà Thủ Ô Đỏ 300mg;Traphaco;Vỉ;https://www.pharmacity.vn/product/thuoc-dieu-tri-thieu-mau-chong-mat-u-tai-ha-thu-o-5-vi-x-20-vien-hop
Thuốc dùng ngoài Eighteen điều trị tại chỗ mụn trứng cá (tuýp 10g);19600;Erythromycin 0.4g;Phil Inter Pharma;Tuýp;https://www.pharmacity.vn/product/gel-tri-mun-eighteen-10g
Viên uống Fovirpoxil điều trị nhiễm HIV-1 ở người lớn (30 viên);540000;Tenofovir 300mg;OPV;Hộp;https://www.pharmacity.vn/product/fovirpoxil30vien
Venosan retard (10 vỉ x 10 viên);855000;Aescin=cao kho hat de ngua (Aesculus hippocastanum ) 50mg;Venosan retard;Hộp;https://www.pharmacity.vn/product/venosan-retard-10-vi-x-10-vien
Viên nén Trymo 120mg trị viêm loét dạ dày, tá tràng (14 vỉ x 8 viên);390000;Bismuth Subcitrat 120mg;Raptakos Brett;Hộp;https://www.pharmacity.vn/product/thuoc-dieu-tri-viem-da-day-loet-ta-trang-trymo-14-vi-x-vienhop
Bột pha hỗn dịch uống Cefimbrano 100mg điều trị nhiễm khuẩn (hộp 10 gói);19000;Cefixime 100mg;Vidipha;Hộp;https://www.pharmacity.vn/product/cefimbrano-100mg-hop-10goi
Viên nén Gamalate B6 điều trị suy nhược thần kinh (2 vỉ x 10 viên);220000;Vitamin B6 37mg, Magne Glutamat Hydrobromid 75mg, Y-amino-butyric acid (GABA) 75mg, Y-amino-B-hydroxyl-butyric acid (GABOB) 37mg;Ferrer Internacional S.A.;Hộp;https://www.pharmacity.vn/product/thuoc-dieu-tri-suy-nhuoc-than-kinh-gamalate-b6-2vi-x-10vien
Thuốc nhỏ mắt Daigaku trị mỏi mắt, đỏ mắt, ngứa mắt (chai 15ml);42000;Chlorphenamin, Zinc Sulfat, Naphazolin;Santen;Hộp;https://www.pharmacity.vn/product/thuoc-nho-mat-daigaku-15ml
Maica (Hộp 1 lọ x 8ml);6900;Boric Acid 800mg, Xanh methylen 0.1mg, Glycerin 9.092g;Viet Phuc;Lọ;https://www.pharmacity.vn/product/maica-cream
Viên nén Thyrozol 10mg điều trị cường giáp (10 vỉ x 10 viên);310000;Thiamazol 10mg;Merck Export GMBH;Hộp;https://www.pharmacity.vn/product/thuoc-dieu-tri-cuong-giap-thyrozol-10mg-100-vien-hop
Viên nén Trineuron trị viêm đau dây thần kinh, viêm đa dây thần kinh, thiếu máu (5 vỉ x 10 viên);80000;Hydroxycobalamin 5mg;Pymepharco;Hộp;https://www.pharmacity.vn/product/trineuron-hop-5-vi-x-10-vien
Viên nén Irbesartan Stella 150mg điều trị tăng huyết áp (2 vỉ x 14 viên);109000;Irbesartan 150mg;STELLA;Hộp;https://www.pharmacity.vn/product/thuoc-dieu-tri-benh-tang-huyet-ap-suy-than-va-suy-gan-irbesartan-stada-150mg-2-vi-x-14-vienhop
Viên nén Hafenthyl Supra 160mg điều trị tăng cholesterol máu, giảm mỡ máu (3 vỉ x 10 viên);73900;Fenofibrate 160mg;Hasan- Demarpharm;Hộp;https://www.pharmacity.vn/product/hafenthyl-supra-160mg-h30v
Bột sủi bọt Hapacol 150mg giảm đau, hạ sốt (hộp 24 gói);1608;Paracetamol 150mg;DHG Pharma;Gói;https://www.pharmacity.vn/product/hapacol-150-hop-24-goi
Dầu gió Trường Sơn điều trị cảm, ho, sổ mũi, nhứt đầu, say nắng (chai 6ml);13600;Methol, Khuynh diệp, Long não, Tinh dầu bạc hà, Tinh dầu đinh hương;Truong Son;Chai;https://www.pharmacity.vn/product/dau-gio-truong-son
Thuốc bột Augmentin 250mg/31.25mg điều trị nhiễm khuẩn (hộp 12 gói);144000;Amoxicilin 250mg, Acid Clavulanic 31.25mg;GSK ETC;Hộp;https://www.pharmacity.vn/product/thuoc-dieu-tri-cac-benh-nhiem-khuan-duong-ho-hap-cho-tre-em-augmentin-250mg
Viên ngậm Strepsils Original trị đau họng (2 vỉ x 12 viên);18750;Dichlorobenzyl Alcohol 1.2mg, Amylmetacresol 0.6mg;Strepsils;Vỉ;https://www.pharmacity.vn/product/vien-ngam-khang-khuan-giam-ho-strepsils-original-24-vien-hop
Viên nén bao đường BAR hỗ trợ các bệnh lý về gan, chống táo bón (chai 180 viên);70000;Bột bìm bìm 75mg, Cao đặc actiso 100mg, Cao đặc rau đắng đất 75mg;Pharmedic;Chai;https://www.pharmacity.vn/product/thuoc-loi-gan-mat-bar-180-vien-lo
Viên nén bao đường BAR hỗ trợ các bệnh lý về gan, chống táo bón (chai 60 viên);27000;Bột bìm bìm 75mg, Cao đặc actiso 100mg, Cao đặc rau đắng đất 75mg;Pharmedic;Chai;https://www.pharmacity.vn/product/thuoc-loi-gan-mat-bar-60-vienlo
Siro Atussin trị ho do kích thích, cảm cúm, sổ mũi, viêm mũi dị ứng (chai 60ml);25000;Dextromethorphan 5mg, Natri citrat 133mg, Chlorphenamin maleat 1.33mg, Glycerin guaiacolat 50mg, Amino chlor 50mg/60ml;Atussin;Chai;https://www.pharmacity.vn/product/siro-ho-atussin-60ml
Thuốc cốm Acemuc 100mg tiêu chất nhầy trong bệnh nhầy nhớt (hộp 30 gói);2100;Acetylcystein 100mg;Sanofi CHC Local;Gói;https://www.pharmacity.vn/product/thuoc-com-dieu-tri-cac-roi-loan-tiet-dich-duong-ho-hap-vi-cam-acemuc-100mg
Bột sủi bọt Efferalgan 150mg điều trị triệu chứng đau từ nhẹ đến vừa và/hoặc sốt (hộp 12 gói);2800;Paracetamol 150mg;Efferalgan;Gói;https://www.pharmacity.vn/product/efferalgan-150mg-hop-12-goi
Bột sủi bọt Efferalgan 250mg trị đau đầu, đau răng, sốt, nhức mỏi cơ, đau bụng kinh (hộp 12 gói);3700;Paracetamol 250mg;Efferalgan;Gói;https://www.pharmacity.vn/product/thuoc-giam-dau-ha-sot-efferalgan-sac-250mg-hop-12-goi
Viên đặt trực tràng Efferalgan 300mg điều trị đau đầu, đau răng, sốt, nhức mỏi cơ (1 vỉ x 10 viên);15500;Paracetamol 300mg;Efferalgan;Vỉ;https://www.pharmacity.vn/product/thuoc-giam-dau-ha-sot-efferalgan-300mg
Neo-codion (2 vỉ x 10 viên) – Giảm ho khan hiệu quả cho người lớn;130000;Codein Camphosulphonat, Sulfogaiaco, Grindelia;Bouchara;Hộp;https://www.pharmacity.vn/product/thuoc-dieu-tri-trieu-chung-ho-khan-do-kich-thich-o-nguoi-lon-neo-codion-2-vi-x-10-vienhop
Viên nén Atussin 50mg trị ho do kích thích, cảm cúm, sổ mũi, viêm mũi dị ứng (25 vỉ x 4 viên);114900;Dextromethorphan 10mg, Chlorphenamin 1mg, Sodium Citrat 133mg, Ammonium 50mg, Glyceryl Guaiacolat 50mg;Atussin;Hộp;https://www.pharmacity.vn/product/thuoc-tri-ho-voi-ba-tac-dong-atussin-tablets-25-vi-x-4-vienhop
Cao lỏng Cao Ích Mẫu - OPC điều hòa kinh nguyệt, giảm triệu chứng tiền mãn kinh (chai 180ml);55000;Ích mẫu 72g, Hương phụ 22.5g, Ngải cứu 18g;OPC;Chai;https://www.pharmacity.vn/product/cao-long-dieu-tri-roi-loan-kinh-nguyet-cao-ich-mau-180ml
Dầu Khuynh Diệp OPC trị cảm cúm, sổ mũi, nghẹt mũi, chóng mặt, say tàu xe (chai 25ml);83000;Eucalytol, Camphor, Dầu Parafin, Màu xanh Chlorophy;OPC;Chai;https://www.pharmacity.vn/product/dau-gio-khuynh-diep-opc-25ml
Kentax 2% (Tuýp 5g);9000;Ketoconazole 5g;Deltapharm;Tuýp;https://www.pharmacity.vn/product/kentax
Viên nang Azicine 250mg Stella điều trị nhiễm khuẩn đường hô hấp (1 vỉ x 6 viên);21380;Azithriomycin 250mg;STELLA;Hộp;https://www.pharmacity.vn/product/azicine-hop-1-vi-x-6-vien
Thuốc dùng ngoài Flucinar trị vảy nến, mày đay, viêm da, giảm ngứa (tuýp 15g);45000;Fluocinolon 0.25%/15g;Pharmaceutical Works Jelfa S.A, Ba Lan;Tuýp;https://www.pharmacity.vn/product/thuoc-mo-dieu-tri-cac-benh-viem-da-ngua-dai-dang-va-benh-day-sung-flucinar-tube-15g
Thuốc nhỏ mũi Rhinex 0.05% trị sung huyết mũi, viêm xoang, viêm mũi dị ứng (chai 15ml);6000;Naphazolin 0.05%/15ml;TW25;Hộp;https://www.pharmacity.vn/product/thuoc-nho-mui-tri-viem-mui-cap-va-man-tinh-rhinex-005-15ml
Dung dịch xịt mũi Otilin 0.1% giảm ngạt mũi, sung huyết trong viêm mũi (chai 15ml);20000;Xylometazolin 1mg/ml;Pharbaco (TW1);Hộp;https://www.pharmacity.vn/product/thuoc-xit-mui-giam-trieu-chung-ngat-mui-sung-huyet-otilin-0-1-15ml
Thuốc nhỏ mắt Vrohto Kid Drop ngừa bệnh mắt, giảm khó chịu ở mắt (chai 13ml);55000;Vitamin B5, B6, Acid Amin;Vrohto;Chai;https://www.pharmacity.vn/product/thuoc-nho-mat-cho-tre-em-giam-do-ngua-ngan-ngua-cac-benh-ve-mat-vrohto-for-kid-13ml
Viên nén Dorogyne phòng ngừa và điều trị nhiễm trùng răng miệng (2 vỉ x 10 viên);48000;Spiramycin 750 000IU, Metronidazol 125mg;Domesco;Hộp;https://www.pharmacity.vn/product/thuoc-dieu-tri-cac-benh-nhiem-trung-rang-mieng-cap-man-tinh-dorogyne-2-vi-x-10-vienhop
Lotion Oxy 10 điều trị tại chỗ mụn trứng cá (tuýp 10g);53000;Benzoyl Peroxid 10%10g;Oxy;Hộp;https://www.pharmacity.vn/product/kem-tri-mun-boc-va-mun-sung-do-oxy-10-10g
Siro thuốc Decolgen Syrup trị các triệu chứng ho cảm thông thường (chai 60ml);21000;Acetaminophen (paracetamol) 500mg, Chlorpheniramin 10mg, Pseudoephedrin 2mg;Decolgen;Chai;https://www.pharmacity.vn/product/thuoc-dieu-tri-cac-trieu-chung-cam-cum-cho-tre-em-decolgen-60ml
Dung dịch Betadine Gargle Sol 1% trị nhiễm khuẩn răng miệng (chai 125ml);75000;Povidon Iodin 0;Betadine;Chai;https://www.pharmacity.vn/product/thuoc-suc-hong-va-suc-mieng-betadine-125ml
Viên ngậm Strepsils Original goi (mau do) trị đau họng (100 gói x 2 viên);4400;Dichlorobenzyl Alcohol 1.2mg, Amylmetacresol 0.6mg;Strepsils;Gói;https://www.pharmacity.vn/product/vien-ngam-tri-dau-hong-strepsils-original-100-goi-x-2-vienhop
Thuốc dùng ngoài Acyclovir Stella trị trường hợp nhiễm virus herpes simplex trên da (tuýp 5g);17000;Acyclovir 0.05;STELLA;Tuýp;https://www.pharmacity.vn/product/thuoc-dung-ngoai-acyclovir-stella-tri-truong-hop-nhiem-virus-herpes-simplex-tren-da-tuyp-5g
Nexium-mups Tab 40mg (2 vỉ x 7 viên) – Điều trị trào ngược, bảo vệ dạ dày;336000;Esomeprazol 40mg;Nexium;Hộp;https://www.pharmacity.vn/product/nexium-mups-40mg-hop-2-vi-x-7-vien
Hỗn dịch nhỏ mắt Kary Uni 0.005% trị đục thủy tinh thể mới phát ở người già (chai 5ml);33000;Pirenoxin 0,05mg;Santen;Chai;https://www.pharmacity.vn/product/thuoc-nho-mat-dieu-tri-duc-thuy-tinh-the-o-nguoi-lon-tuoi-kary-uni-ophthalmic-suspension-0005-5ml
Phosphalugel Susp. 20% (Hộp 26 gói) - Giảm đau rát dạ dày, trung hòa axit;4385;Coloidal Aluminium Phosphate 12.38g;Sanofi CHC import;Gói;https://www.pharmacity.vn/product/thuoc-dieu-tri-dau-da-day-giam-do-axit-cua-da-day-phosphalugel-26-goi-hop
Viên nén bao đường Vitamin B1 250mg điều trị bệnh do thiếu vitamin B1 (10 vỉ x 10 Viên);60000;Vitamin B1 250mg;Mekophar;Hộp;https://www.pharmacity.vn/product/thuoc-dieu-tri-thieu-hut-vitamin-b1-250mgx100-vienhop
Viên nén Rodogyl phòng ngừa và điều trị nhiễm trùng răng miệng (2 vỉ x 10 viên);200000;Spiramycin 750 000IU, Metronidazole 125mg;Sanofi Others;Hộp;https://www.pharmacity.vn/product/rodogyl-2-vi-x-10-vienhop
Viên nén Daflon 500mg điều trị suy tĩnh mạch, trĩ cấp tính (4 vỉ x 15 viên);67125;Diosmin Flavonoid 500mg;Servier International;Vỉ;https://www.pharmacity.vn/product/vien-nen-daflon-500mg-dieu-tri-suy-tinh-mach-tri-cap-tinh-4-vi-x-15-vien
Viên nang Ampicillin 500mg - Domesco điều trị nhiễm khuẩn (10 vỉ x 10 viên);93000;Ampicillin 500mg;Domesco;Hộp;https://www.pharmacity.vn/product/ampicillin-500mg-hop-10-vi-x-10-vien
Viên nang Dalacin C 300mg điều trị nhiễm khuẩn (2 vỉ x 8 viên);176000;Clindamycin 300mg;Pfizer PBG;Hộp;https://www.pharmacity.vn/product/thuoc-dieu-tri-cac-benh-nhiem-khuan-do-duong-ho-hap-gay-ra-dalacin-c-300mg
Viên nén Bromhexin 8mg  FT Pharma tiêu nhầy, loãng đàm, giảm ho (10 vỉ x 20 viên);1600;Bromhexin 8mg;Duoc pham 3/2;Vỉ;https://www.pharmacity.vn/product/thuoc-dieu-tri-lam-tan-dam-trong-viem-phe-quan-man-tinh-bromhexin-8mg-10-vi-x-20-vien-hop
Viên nén bao đường Rodilar 15mg trị ho khan do kích thích (10 vỉ x 10 viên);22000;Dextromethorphan 15mg;Mekophar;Hộp;https://www.pharmacity.vn/product/rodilar-hop-10-vi-x-10-vien
Hỗn dịch uống Motilium Suspension 1mg/1ml điều trị chứng nôn và buồn nôn (chai 30ml);30000;Domperidon 1mg/ml;Janssen;Chai;https://www.pharmacity.vn/product/motilium-hop-1-chai-30ml
Viên đặt âm đạo Neo-Megyna điều trị viêm âm đạo (1 vỉ x 10 viên);26700;Metronidazole 200mg, Cloramphenicol 80mg, Dexamethasone 0.5mg, Nystatin 100.000IU;Duoc pham 3/2;Hộp;https://www.pharmacity.vn/product/vien-nen-dat-am-dao-tri-cac-trung-viem-nhiem-megyna-10-vienhop
Viên nang Giloba 40mg điều trị suy tuần hoàn não (3 vỉ x 10 viên);38400;Ginkgo biloba 40mg;Mega Lifesciences;Vỉ;https://www.pharmacity.vn/product/giloba-hop-3-vi-x-10-vien
Viên nén Vitamin PP 500mg điều trị bệnh pellagra (10 vỉ x 10 Viên);37000;Nicotinamid 500mg;Mekophar;Hộp;https://www.pharmacity.vn/product/thuoc-dieu-tri-cac-benh-o-da-vitamin-pp-500mg
Viên nén Viagra 50mg điều trị rối loạn cương dương ở nam giới (1 vỉ x 4 viên);506000;Sildenafil 50mg;Viatris (Pfizer UpJohn);Hộp;https://www.pharmacity.vn/product/thuoc-dieu-tri-roi-loan-cuong-duong-o-nam-gioi-viagra-50mg
Thuốc xịt mũi Otrivin 0.05% trị sung huyết mũi, viêm xoang, viêm mũi dị ứng (chai 10ml);51900;Xylometazolin 0.05%/10ml;GSK OTC;Chai;https://www.pharmacity.vn/product/thuoc-xit-mui-giam-nghet-mui-otrivin-005-nasal-spray-10ml
Viên nén Folacid điểu trị và phòng tình trạng thiếu acid folic (4 vỉ x 20 viên);19000;Acid Folic 5mg;Pharmedic;Hộp;https://www.pharmacity.vn/product/thuoc-dieu-tri-benh-thieu-hut-hop-chat-folac-axit-va-thieu-mau-folacid-5mg-4-vi-x-20-vien-hop
Viên nang Utrogestan 100mg điều trị rối loạn chức năng tử cung, phòng sảy thai (2 vỉ x 15 viên);225000;Progesteron 100mg;Besins International;Hộp;https://www.pharmacity.vn/product/thuoc-dieu-tri-roi-loan-kinh-nguyet-utrogestan-100mg
Viên nén Yasmin 0,03mg/3mg thuốc tránh thai hàng ngày (1 vỉ x 21 viên);181500;Drospirenon 3mg, 0.03mg;Bayer WHC;Hộp;https://www.pharmacity.vn/product/thuoc-tranh-thai-yasmin-3mg
Viên nén Crestor 5mg điều trị tăng cholesterol máu, giảm mỡ máu (2 vỉ x 14 viên);239500;Rosuvastatin 5mg;Crestor;Hộp;https://www.pharmacity.vn/product/thuoc-dieu-tri-tang-cholesterol-mau-nguyen-phat-crestor-5mg
Thuốc dùng ngoài Biafine trị bỏng độ 1, độ 2, các vết thương ngoài da không nhiễm trùng (tuýp 93g);125000;Trolamin 93g;Janssen;Tuýp;https://www.pharmacity.vn/product/biafine-hop-1-tuyp-93g
Myonal Tablets 50mg (3 vỉ x 10 viên) – Giãn cơ, giảm đau do co cứng;107800;Eperison 50mg;Eisai Ltd;Hộp;https://www.pharmacity.vn/product/thuoc-dieu-tri-liet-cung-do-benh-mach-mau-nao-myonal-50mg
Thuốc dùng ngoài Terbinafin Stella 1% điều trị nấm da (tuýp 10g);15000;Terbinafin 100mg/10g;STELLA;Tuýp;https://www.pharmacity.vn/product/kem-dieu-tri-nhiem-nam-da-terbinafin-stada-cream-1-10g
Viên nén Lostad T25 Stella điều trị tăng huyết áp (3 vỉ x 10 viên);42000;Losartan 25mg;STELLA;Hộp;https://www.pharmacity.vn/product/lostad-t25-3-vi-x-10-vienhop
Siro Eugica siro trị ho, tiêu đờm, viêm họng, viêm phế quản (chai 100ml);36000;Cồn bọ mắm 2g, Cao lỏng núc nác 2g, Sirô viễn chí 10g, Sirô vỏ quýt 30g, Sirô an tức hương 20g, Sirô húng chanh 42.5g, Natri Benzoat 3g, Eucalyptpl 0.2g;Eugica;Chai;https://www.pharmacity.vn/product/eugica-siro-hop-1-chai-100ml
Viên bao đường Domitazol Domesco hỗ trợ điều trị nhiễm trùng đường tiết niệu dưới (5 vỉ x 10 viên);260000;Xanh Methylen 25mg, Bột Malva 250mg, Campho Monobromid 20mg;Domesco;Hộp;https://www.pharmacity.vn/product/thuoc-ho-tro-dieu-tri-nhiem-trung-duong-tiet-nieu-khong-co-bien-chung-domitazol-5-vi-x-10-vienhop
Cao xoa Eagle Brand Yellow Balm giảm đau đầu, choáng váng, chóng mặt, đau lưng (chai 40g);29000;Bạc hà 1g, Methyl Salicylat 0.8g, Eucalyptol 1.95g, Menthol 1.55g, DL-Camphor 0.4g;Eagle;Chai;https://www.pharmacity.vn/product/cao-xoa-eagle-brand-yellow-balm-40g
Viên nén bao đường Boganic hỗ trợ các bệnh lý về gan, mỡ máu, giải độc gan (5 vỉ x 20 viên);16000;Cao Actiso 100mg, Cao rau đắng đất 75mg, Cao bìm bìm 7.5mg;Boganic;Vỉ;https://www.pharmacity.vn/product/boganic-traphaco-hop-5-vi-x-20-vien
Viên ngậm Strepsils Honey Lemon trị đau họng (50 gói x 2 viên);4400;Dichlorobenzyl Alcohol 1.2mg, Amylmetacresol 0.6mg;Strepsils;Gói;https://www.pharmacity.vn/product/vien-ngam-khang-khuan-giam-ho-huong-chanh-mat-ong-strepsils-honey-lemon-50-goi-x-2-vienhop
Thuốc hít định liều Ventolin Inh 100mcg điều trị, ngăn ngừa co thắt phế quản (bình 200 liều);110000;Salbutamol 100mcg;GSK ETC;Hộp;https://www.pharmacity.vn/product/thuoc-dieu-tri-benh-viem-phe-quan-man-tinh-khi-quan-thung-ventolin-inh-100mcg-binh-200-lieuhop
Viên nén Glucofast 500mg điều trị đái tháo đường không phụ thuộc insulin (type 2) (4 vỉ x 15 viên);25000;Metformin 500mg;Mebiphar;Hộp;https://www.pharmacity.vn/product/thuoc-dieu-tri-dai-thao-duong-tuyp-ii-glucofast-500mg
Siro Bổ Phế Nam Hà trị ho, tiêu đờm, viêm họng, viêm phế quản (chai 125ml);51000;Mơ muối 1,406g, Cát cánh 1,708g, Bạc hà diệp 1,666g, Phèn chua 0,208g, Tỳ bà diệp 3,250g, Bán hạ 1,875g, Ma hoàng 0,656g/125ml;Nam Ha;Chai;https://www.pharmacity.vn/product/thuoc-uong-bo-phe-nam-ha-chi-khai-lo-125ml
Viên nén Clarithromycin 250mg - Stella điều trị nhiễm khuẩn đường hô hấp (2 vỉ x 10 viên);66000;Clarithromycin 250mg;STELLA;Hộp;https://www.pharmacity.vn/product/clarithromycin-stella-250-mg-hop-2-vi-x-10-vien
Viên nén sủi bọt Hydrite bù nước và điện giải (25 vỉ x 4 viên);5180;Sodium Chloride 350mg, Sodium BiCarbonate 250mg, Potassium Chloride 150mg, Dextrose Anhydrous 2g;United Pharma;Vỉ;https://www.pharmacity.vn/product/thuoc-bu-nuoc-va-chat-dien-giai-hydrite-25-vi-x-4-vienhop
Bột pha uống Sorbitol trị táo bón, hỗ trợ tình trạng khó tiêu (20 gói x 5g);2680;Sorbitol 5g;Sanofi Others;Gói;https://www.pharmacity.vn/product/thuoc-dieu-tri-tao-bon-kho-tieu-sorbitol-delalande-5g
Thuốc nhỏ mắt Osla mỏi mắt, khô mắt, phòng ngừa các bệnh về mắt (chai 15ml);24000;Natri Clorid 0,033g/15ml;Merap Group;Chai;https://www.pharmacity.vn/product/thuoc-nho-mat-dung-cho-moi-mat-mat-kho-osla-15ml
Viên nén Zinnat 250mg kháng sinh điều trị nhiễm khuẩn (1 vỉ x 10 viên);134800;Cefuroxim 250mg;Sandoz;Hộp;https://www.pharmacity.vn/product/thuoc-dieu-tri-nhiem-khuan-duong-ho-hap-duong-sinh-duc-da-zinnat-tab-250mg-1-vi-x-10-vienhop
Viên nén Xyzal 5mg điều trị triệu chứng viêm mũi dị ứng, mày đay (1 vỉ x 10 viên);75000;Levocetirizin 5mg;GSK ETC;Hộp;https://www.pharmacity.vn/product/thuoc-dieu-tri-cac-truong-hop-di-ung-xyzal-5mg
Viên nang Tragutan Fort sát khuẩn đường hô hấp, giảm ho, viêm họng (3 vỉ x 10 viên);9334;Menthol, Tinh dầu tràm 50mg, Eucalyptol 100mg, Tinh dầu gừng 0,75mg, Tinh dầu tần 0,36mg;Duoc pham 3/2;Vỉ;https://www.pharmacity.vn/product/thuoc-giam-ho-sat-trung-duong-ho-hap-tragutanf-3-vi-x-10-vienhop
Viên nang Myrtol 300mg ức chế miễn dịch (6 vỉ x 10 viên);26500;Myrtol 300mg;Phil Inter Pharma;Vỉ;https://www.pharmacity.vn/product/myrtol-300mg-6vi-x-10vien
Gel Remos Anti-Itch trị ngứa, vết côn trùng cắn, chàm, viêm da tiếp xúc, dị ứng, mề đay (tuýp 10g);53000;Dipotassium Glycyrrhizinat 100mg, Diphenhydramin 100mg, Lidocain 200mg, Vitamin E 50mg, Isopropyl Methylphenol. 10mg;Vrohto;Tuýp;https://www.pharmacity.vn/product/gel-giam-cac-trieu-chung-ngua-remos-anti-itch-10g
Clozapyl 100 (10 x 10);551000;Clozapine 100mg;Torrent Pharm;Hộp;https://www.pharmacity.vn/product/clozapyl-100-10-x-10
Gel tra mắt Liposic Eye Gel dùng thay thế nước mắt, điều trị khô mắt (tuýp 10g);69000;Carbomer 20mg;Bausch & Lomb;Tuýp;https://www.pharmacity.vn/product/thuoc-dieu-tri-trieu-chung-kho-mat-liposic-eye-gel
Thuốc Dexipharm 15mg (20 vỉ x 10 viên) – trị ho khan do kích thích;275600;Dextromethorphan 15mg;Imexpharm;Hộp;https://www.pharmacity.vn/product/dexipharm-15mg-20vi-x10vien
Thuốc Lopradium 2mg điều tri tiêu chảy (10 vỉ x 10 viên);4000;Loperamide 2mg;Imexpharm;Vỉ;https://www.pharmacity.vn/product/lopradium-2mg-10vi-x10vien
Bột pha uống Claminat 500mg/62.5mg điều trị nhiễm khuẩn (12 gói x 1.5g);102000;Amoxicilin 500mg, Acid Clavulanic 62.5mg;Imexpharm;Hộp;https://www.pharmacity.vn/product/claminat-500-mg625-mg-hop-12-goi-x-15g
Viên nang Vitamin AD OPC phòng và điều trị tình trạng thiếu vitamin A, D (4 vỉ x10 viên);25000;Vitamin A 5000 IU, Vitamin D 400 IU;OPC;Hộp;https://www.pharmacity.vn/product/thuoc-phong-ngua-va-dieu-tri-loang-xuong-thieu-vitamin-ad-4-vi-x-10-vienhop
Viên nén Ednyt 5mg điều trị tăng huyết áp, suy tim (3 vỉ x 10 viên);87800;Enalapril maleate 5mg;Gedeon Richter;Hộp;https://www.pharmacity.vn/product/ednyt-5mg-3vi-x-10vien
Cao dán KefenTech Plaster kháng viêm, giảm đau viêm khớp, viêm bao gân, đau cơ (hộp 20 gói);82000;Ketoprofen 30mg;JEIL PHARM;Gói;https://www.pharmacity.vn/product/cao-dan-giam-dau-xuong-khop-dau-co-kefentech-plaster-hop-20-goi
Dầu gió xanh Eagle Brand Yellow Balm làm giảm các cơn đau cơ (hộp 20g);22500;Bạc hà 1g, Methyl Salicylat 0.8g, Eucalyptol 1.95g, Menthol 1.55g, DL-Camphor 0.4g;Eagle;Hộp;https://www.pharmacity.vn/product/eagle-brand-muscular-balm-hop-1-lo-10g
Hoan Xich Huong Hadiphar (H/10Goi);8390;Xích đồng nam 50g, Ngấy hương 50g,  Thục địa 10g,  Hoài sơn 10g,  Đơn bì 8g,  Bạch linh 8g,  Trạch tả 8g,  Mật ong 2g;Hadiphar;Gói;https://www.pharmacity.vn/product/hoan-xich-huong-hadiphar-h10goi
Viên nén bao đường Nystatin VIDIPHA dự phòng và trị nhiễm nấm Candida đường tiêu hoá (2 vỉ x 8 viên);15500;Nystatin 500000 IU;Vidipha;Hộp;https://www.pharmacity.vn/product/thuoc-dieu-tri-nhiem-nam-candida-o-niem-mac-duong-tieu-hoa-nystatin-500000iu-2-vi-x-8-vienhop
Viên nén sủi bọt Hapacol 500mg điều trị các triệu chứng đau và hạ sốt (4 vỉ x 4 viên);8400;Paracetamol 500mg;DHG Pharma;Vỉ;https://www.pharmacity.vn/product/vien-sui-giam-dau-ha-sot-hapacol-500mg-4-vi-x-4-vien-hop
Hỗn dịch nhỏ mắt Azopt 1% điều trị tăng áp lực nội nhãn (chai 5ml);128000;Brimonidin 1%/5ml;Alcon Pharmaceuticals;Hộp;https://www.pharmacity.vn/product/thuoc-nho-mat-trieu-tri-tang-ap-luc-noi-nhan-azopt-drop-1-5ml
Thuốc dùng ngoài Fastum giảm đau, chống viêm khớp (tuýp 30g);56000;Ketoprofen 0;Menarini;Tuýp;https://www.pharmacity.vn/product/thuoc-giam-dau-chong-viem-khop-fastum-gel-30g
Viên nén Zanedip 10mg điều trị tăng huyết áp (2 vỉ x 14 viên);274000;Lercanidipin 10mg;Bouchara;Hộp;https://www.pharmacity.vn/product/thuoc-dieu-tri-tang-huyet-ap-tu-nhe-den-vua-zanedip-2-vi-x-14-vienhop
Thuốc nhỏ mắt Tobcol 0.3% trị viêm mi mắt, viêm kết mạc, viêm túi lệ, viêm giác mạc (chai 5ml);11700;Tobramycin 15mg, Dexamethason 5mg/5ml;Duoc pham 3/2;Chai;https://www.pharmacity.vn/product/thuoc-nho-mat-dieu-tri-nhiem-khuan-tobcol-5ml
Viên nang Verospiron 50 mg điều trị phù, tăng huyết áp  (3 vỉ x 10 viên);165000;Spironolactone 50mg;Gedeon Richter;Hộp;https://www.pharmacity.vn/product/verospiron-50mg-hop-3-vi-x-10-vien
Thuốc nhỏ mắt Sancoba 0.02% chứng mỏi mắt do điều tiết (chai 5ml);59500;Vitamin B12 1mg/5ml;Santen;Lọ;https://www.pharmacity.vn/product/dung-dich-nho-mat-cai-thien-chuc-nang-dieu-tiet-sancoba-eye-drops-5ml
Viên nén bao phim Zinecox 200mg điều trị nhiễm khuẩn (2 vỉ x 10 viên);474990;Cefditoren 200mg;Maxim;Hộp;https://www.pharmacity.vn/product/zinecox-200mg-2vi-x-10vien
Hoàn cứng Đại Tràng Hoàn PH trị đại tràng mạn tính, tiêu chảy, đầy hơi (10 gói x 4g);46000;Bột Bạch truật 0.65g, Bột Mộc hương 0.35g, Bột Hoàng đằng 0.40g, Bột Hoài sơn 0.42g, Bột Trần bì 0.25g, Bột Hoàng liên 0.54g, Bột Bạch linh 0.35g;Dong Duoc Phuc Hung;Hộp;https://www.pharmacity.vn/product/thuoc-dieu-tri-viem-dai-trang-ma-tinh-dai-trang-hoan-ph-hop-10-goi-x-4g
Thuốc xịt mũi Thông Xoang Tán Nam Dược trị viêm xoang, viêm mũi dị ứng, sổ mũi, hắt hơi (chai 15ml);50000;Tân di hoa 5g, Thương nhĩ tử 5g, Ngũ sắc 5g/15ml;Nam Duoc;Hộp;https://www.pharmacity.vn/product/thuoc-xit-mui-thong-xoang-nam-duoc-15ml
Viên nén Amlor Tab 5mg điều trị tăng huyết áp, đau thắt ngực (3 vỉ x 10 viên);224000;Amlodipin 5mg;Viatris (Pfizer UpJohn);Hộp;https://www.pharmacity.vn/product/thuoc-dieu-tri-benh-tang-huyet-ap-benh-mach-vanh-dau-that-nguc-man-tinh-amlor-amlodipine-5mg-30-vienhop
Viên nén Prednison 5mg kháng viêm, điều trị viêm thấp khớp, chống dị ứng (10 vỉ x10 viên);40000;Prednisolon 5mg;Domesco;Hộp;https://www.pharmacity.vn/product/thuoc-chong-viem-va-uc-che-mien-dich-prednison-5mg
Viên nang Doxycylin 100mg Domesco điều trị nhiễm khuẩn (10 vỉ x10 viên);87000;"Doxycyclin 
 100mg";Domesco;Hộp;https://www.pharmacity.vn/product/thuoc-dieu-tri-benh-brucella-benh-dich-ta-doxycylin-100mg
Viên nén Xarelto 20mg điều trị, phòng ngừa huyết khối tĩnh mạch (1 vỉ x14 viên);823900;Rivaroxaban 20mg;Bayer (Others);Hộp;https://www.pharmacity.vn/product/thuoc-du-phong-dot-quy-va-thuyen-tac-mach-toan-than-chong-huyet-khoi-xarelto-20mg-1-vi-x-14-vien-hop
Thuốc xịt mũi Meseca 50mcg trị và dự phòng viêm mũi dị ứng theo mùa (chai 60 liều);105000;Fluticason 50mcg;Merap Group;Hộp;https://www.pharmacity.vn/product/meseca-hop-1-lo-60-lieu-xit
Dung dịch Cồn 90 OPC sát trùng ngoài da, vật dụng (chai 60ml);5500;Xanh Methylen, Ethanol;OPC;Chai;https://www.pharmacity.vn/product/con-90-do-opc-60mlchai
Oracortia 5g (Tuýp) – Gel bôi giảm viêm loét miệng;33000;"Triamcinolon
 0,1%";Thai Nakorn Patana;Tuýp;https://www.pharmacity.vn/product/oracortia-hop-1-tuyp-x-5g
Viên nén Rosuvastatin Stella 20mg điều trị tăng cholesterol máu (3 vỉ x 10 viên);162000;Rosuvastatin 20mg;STELLA;Hộp;https://www.pharmacity.vn/product/thuoc-dieu-tri-tang-cholesterol-mau-nguyen-phat-hoac-roi-loan-lipid-mau-hon-hop-rosuvastatin-20mg-3-vi-x-10-vien
Viên nén Evaldez 50mg điều trị tâm thần phân liệt (6 vỉ x 10 viên);140000;Levosulpirid 50mg;Davipharm;Hộp;https://www.pharmacity.vn/product/thuoc-dieu-tri-lo-au-o-nguoi-lon-evaldez-50mg-6-vi-x-10-vien
Viên ngậm Star Benko điều trị nhiễm khuẩn đường miệng họng (2 vỉ x 12 viên);24000;Benzalkonium 1mg;OPV;Vỉ;https://www.pharmacity.vn/product/vien-ngam-khong-duong-dieu-tri-nhiem-khuan-mieng-hong-star-benko-2-vi-x-12-vien-hop
Viên nén Medskin Clovir 800mg trị nhiễm virus thủy đậu và zona, herpes simplex (3 vỉ x 10 viên);100800;Acyclovir 800mg;DHG Pharma;Hộp;https://www.pharmacity.vn/product/medskin-clovir-800-hop-3-vi-x-10-vien
Viên ngậm Bảo Thanh không đường (20 vỉ x 5 viên) – Giảm ho, dịu họng (Không đường);309000;Xuyên Bối Mẫu 0.4g, Qua Lâu Nhân 0.2g, Tỳ Bà Diệp 0.5g, Viễn Chí 0.1g, Sa Sâm 0.1g, Khổ Hạnh Nhân 0.2g, Phục Linh 0.1g, Gừng 0.1g, Trần Bì 0.1g, Mơ Muối (Ô mai) 0.5g, Cát Cánh 0.4g, Cam Thảo 0.1g, Bán Hạ 0.1g, Tinh Dầu Bạc Hà 0.1mg, Ngũ Vị Tử 0.05g;Bao Thanh;Hộp;https://www.pharmacity.vn/product/vien-ngam-bao-thanh-khong-duong-20-vi-x-5-vienhop
Viên nén Gefbin 10mg trị viêm mũi dị ứng, mày đay (3 vỉ x 10 viên);144000;"Ebastin
 10mg";Medbolide;Hộp;https://www.pharmacity.vn/product/gefbin-10mg-hop-3-vi-x-10-vien
Star Sore Throat (2 vỉ x 12 viên) – Viên ngậm giảm đau họng;26450;"Tyrothricin 4mg, Cetrimonium 2mg, Lidocain
 1mg
";OPV;Vỉ;https://www.pharmacity.vn/product/vien-ngam-sat-trung-giam-dau-thong-mat-hong-star-sore-throat-2-vi-x-12-vien-hop
Viên nén Glotadol 650mg giảm đau từ nhẹ đến vừa và hạ sốt (10 vỉ x 10 viên);7000;Paracetamol 650mg;GLOMED-ABBOTT;Vỉ;https://www.pharmacity.vn/product/thuoc-ha-sot-giam-dau-glotadol-650-10-vi-x-10-vienhop
Viên nén phân tán Usasolu-Predni 20mg kháng viêm, trị viêm thấp khớp, chống dị ứng (2 vỉ x 10 viên);42000;Prednisolon 20mg;Usarichpharm;Hộp;https://www.pharmacity.vn/product/usasolu-predni-20mg-hop-2-vi-x-10-vien
Viên nang Livolin-H điều trị viêm gan, xơ gan (10 vỉ x 10 viên);25000;Phospholipids 300mg;Mega Lifesciences;Vỉ;https://www.pharmacity.vn/product/livolin-h-hop-10-vi-x-10-vien
Dầu gội Nizoral Shampoo 2% điều trị và dự phòng gàu, ngứa da đầu (chai 100ml);118000;Ketoconazol 100ml;Nizoral;Hộp;https://www.pharmacity.vn/product/dau-goi-dieu-tri-va-du-phong-gau-ngua-da-dau-va-viem-da-tiet-ba-nizoral-2-100ml
Salonpas pain relief patch – Cao dán giảm đau mạnh, tác dụng kéo dài (5 miếng/hộp);45000;Methyl Salicylat 10%, I-Menthol 3%;Salonpas;Hộp;https://www.pharmacity.vn/product/cao-dan-giam-dau-khang-viem-salonpas-pain-relief-patch-5-mienghop
Viên bao tan ở ruột Aspilets EC phòng ngừa nhồi máu cơ tim, đau thắt ngực (10 vỉ x 10 viên);60000;Acetylsalicylic Acid 80mg;United Pharma;Hộp;https://www.pharmacity.vn/product/thuoc-chong-ket-hop-tieu-cau-aspilets-ec-80mg-check-hsd-truoc-khi-tu-van-thuoc-can-date
Viên nang PM Procare Diamond bổ sung vitamin, Omega-3 cho phụ nữ có thai,cho con bú (chai 30 viên);420000;Omega-3 marine Triglycerides, Docosahexaenoic acid – DHA, Eicosapentaenoic acid – EPA, Sắt, Pantothenic Acid, Kẽm, Magiê, Calci, Dunaliella Salina, 3.34mg, Vitamin B1)5mg,vitamin B25mg,vitamin B3 5mg,vitamin B6 4.12mg,vitamin C 50mg,d-alpha-Tocopherol (vitamin E) 10IU 6.71mg,I-ốt (Từ Potassium iodide) 75mcg,Cyanocobalamin (vitamin B12),10mcg,Colecalciferol (vitamin D3) 100IU 2.5mcg,Folic acid 400mcg;Catalent;Chai;https://www.pharmacity.vn/product/thuoc-bo-sung-dinh-duong-cho-phu-nu-co-thai-va-cho-con-bu-pm-procare-diamond-30-vien
Viên nén Brilinta 90mg phòng ngừa các biến cố huyết khối do xơ vữa động mạch (6 vỉ x 10 viên);1009900;Ticagrelor 90mg;AstraZeneca;Hộp;https://www.pharmacity.vn/product/thuoc-dieu-tri-xo-vua-dong-mach-brilinta-90mg-6vi-x-10vien
Viên nang Omeprazol 20mg Domesco trị viêm loét dạ dày tá tràng (10 vỉ x 10 viên);70000;Omeprazol 20mg;Domesco;Hộp;https://www.pharmacity.vn/product/thuoc-dieu-tri-trao-nguoc-da-day-thuc-quan-loet-da-day-ta-trang-omeprazol-20mg
Viên nén Fosamax Plus 70mg/2800IU trị loãng xương (1 vỉ x 4 viên);430000;Alendronate Sodium 70mg, Vitamin D3 2800IU;Merck Sharp & Dohme;Hộp;https://www.pharmacity.vn/product/thuoc-dieu-tri-loang-xuong-fosamax-plus-70mg
Thuốc dùng ngoài Contractubex 50g điều trị sẹo lồi, sẹo phì đại (tuýp 50g);550000;Cepae 10g, Heparin sodium 5000IU;Merz Pharma – German;Tuýp;https://www.pharmacity.vn/product/gel-boi-ngoai-da-dieu-tri-seo-contractubex-50g
Viên nén Opesinkast 10mg dự phòng và điều trị hen phế quản mạn tính (4 vỉ x 7 viên);159700;Montelukast 10mg;OPV;Hộp;https://www.pharmacity.vn/product/thuoc-dieu-tri-hen-phe-quan-man-tinh-opesinkast-10mg
Viên nén Vastarel 20mg điều trị đau thắt ngực ổn định (chai 60 viên);158800;Trimetazidin 20mg;Servier International;Lọ;https://www.pharmacity.vn/product/thuoc-dieu-tri-benh-tim-do-thieu-mau-cuc-bo-vastarel-20mg
Viên nang Venlafaxine Stella 37,5mg trị và phòng ngừa tái phát cơn trầm cảm nặng (6 vỉ x 10 viên);300000;Venlafaxin 37.5mg;STELLA;Hộp;https://www.pharmacity.vn/product/thuoc-dieu-tri-cac-con-tram-cam-nang-venlafaxine-stada-375mg-hop-6-vi-x-10-vien
Thuốc điều trị các vấn đề về trào ngược dạ dày, thực quản Ameprazol 20 mg (5 vỉ x 6 Viên nang);84000;Esomeprazol 20mg;OPV;Hộp;https://www.pharmacity.vn/product/thuoc-dieu-tri-cac-van-de-ve-trao-nguoc-da-day-thuc-quan-ameprazol-20-mg-5-vi-x-6-vien-nang
Viên nang Esomeprazole EG 40mg Pymepharco trị trào ngược dạ dày thực quản (2 vỉ x 10 viên);67000;Esomeprazol 40mg;Pymepharco;Hộp;https://www.pharmacity.vn/product/thuoc-khang-acid-va-chong-loet-da-day-ta-trang-tac-dung-tren-duong-tieu-hoa-esoxium-40mg-2-vi-x-10-vien-nang
Viên nén Metprednew IMP 16 kháng viêm, điều trị viêm thấp khớp, chống dị ứng (3 vỉ x 10 viên);83500;Methylprednisolone 16mg;Imexpharm;Hộp;https://www.pharmacity.vn/product/metprednew-imp-1630vien
Bột pha uống Hafixim 100mg DHG kháng sinh điều trị nhiễm khuẩn (hộp 24 gói);118900;Cefixim 100mg;DHG Pharma;Hộp;https://www.pharmacity.vn/product/hafixim-100-kids-hop-24-goi
Viên nén Spasmomen 40mg trị hội chứng đại tràng kích thích (3 vỉ x 10 viên);108000;Otilonium Bromid 40mg;Menarini;Hộp;https://www.pharmacity.vn/product/thuoc-dieu-tri-hoi-chung-dai-trang-kich-thich-spasmomen-tab-40mg-3-vi-x-10-vienhop
Bột pha uống Tydol 150mg giảm đau từ nhẹ đến vừa và hạ sốt (hộp 12 gói);1809;Paracetamol 150mg;OPV;Gói;https://www.pharmacity.vn/product/thuoc-giam-dau-ha-sot-tydol-150mg-12-goi-hop
Gói bột Tydol 250mg giảm đau từ nhẹ đến vừa và hạ sốt (hộp 12 gói);2400;Paracetamol 250mg;OPV;Gói;https://www.pharmacity.vn/product/thuoc-giam-dau-ha-sot-tydol-250mg-12-goi-hop
Thuốc nhỏ mắt Taflotan 0.0015% điều trị bệnh Glaucoma, tăng nhãn áp (chai 2,5ml);254800;Tafluprost 0.0015%;Santen;Hộp;https://www.pharmacity.vn/product/taflotan-00015-25ml-lohop
Viên nang Poncityl 500mg giảm đau nửa đầu, đau cơ, chấn thương (10 vỉ x 10 viên);5900;Acid Mefenamic 500mg;Mekophar;Vỉ;https://www.pharmacity.vn/product/thuoc-giam-dau-khang-viem-poncityl-500mg-10-vi-x-10-vienhop
Viên nén Medisamin 500mg điều trị và phòng ngừa chảy máu, rong kinh (10 vỉ x 10 viên);320000;Acid Tranexamic 500mg;Mediplantex;Hộp;https://www.pharmacity.vn/product/thuoc-dieu-tri-va-phong-ngua-chay-mau-medisamin-500mg-10-vi-x-10-vienhop
Viên nang Crocin 200mg kháng sinh điều trị nhiễm khuẩn (1 vỉ x 10 viên);87600;Cefixim 200mg;Pymepharco;Hộp;https://www.pharmacity.vn/product/thuoc-dieu-tri-benh-nhiem-khuan-crocin-200mg-1-vi-x-10-vien-hop
Gel Gelacmeigel 1 % điều trị mụn mủ viêm, nhiễm khuẩn ngoài da do vi khuẩn kỵ khí (tuýp 15g);12500;Metronidazol 0,15g;Medipharco- Tenamyd;Tuýp;https://www.pharmacity.vn/product/gel-boi-da-dieu-tri-cac-ton-thuong-viem-trong-benh-mun-trung-ca-do-gelacmeigel-15g
Thuốc dùng ngoài Silver Sulfadiazin 1 % phòng và điều trị nhiễm khuẩn do bỏng độ 2 và 3 (tuýp 20g);29500;Silver Sulfadiazin 1%/20g;Medipharco- Tenamyd;Tuýp;https://www.pharmacity.vn/product/kem-chua-bong-sulfadiazin-bac-1-20g
Viên ngậm Mekotricin 1mg điều trị tại chỗ nhiễm khuẩn niêm mạc miệng, họng (hộp 24 viên);6500;Tyrothricin 1mg;Mekophar;Chai;https://www.pharmacity.vn/product/thuoc-dieu-tri-viem-hong-amidan-cap-tinh-mekotricin-1mg-chai-24-vien
Viên nén Pms-Ursodiol C 250mg điều trị xơ gan ứ mật nguyên phát, làm tan sỏi mật (chai 30 viên);369000;Ursodiol 250mg 250mg;Pharmascience;Chai;https://www.pharmacity.vn/product/thuoc-dieu-tri-xo-gan-pms-ursodiol-c-chai-30-vien
Viên nang Essividine 75mg điều trị động kinh,rối loạn lo âu (4 vỉ x 14 viên);306000;Pregabalin 75mg;Boston;Hộp;https://www.pharmacity.vn/product/thuoc-dieu-tri-dong-kinh-cuc-bo-o-nguoi-lon-essividine-75mg-4-vi-x-14-vienhop
Viên nén Agihistine 16mg điều trị chóng mặt, rối loạn tiền đình (2 vỉ X 20 viên);80000;Betahistin 16mg;Excl. Agimexpharm;Hộp;https://www.pharmacity.vn/product/agihistine-16mg-2-vi-x-20-vienhop
Bột dùng ngoài Gynapax 5g vệ sinh và tẩy trùng niêm mạc phụ khoa (hộp 30 gói);29000;Acid boric, Phèn chua, Thymol, Phenol, Menthol, Berberin clorid, Methyl salicylat;Vidipha;Hộp;https://www.pharmacity.vn/product/gynapax-hop-30-goi-x-5g
Viên nang Premilin 75mg điều trị động kinh,rối loạn lo âu (3 vỉ x 10 viên);120000;Pregabalin 75mg 75mg;Hasan- Demarpharm;Hộp;https://www.pharmacity.vn/product/premilin-75mg-3-vi-x-10-vienhop
Viên nang Liverbil hỗ trợ điều trị viêm gan, suy giảm chức năng gan, mề đay (5 vỉ x 10 viên);12600;Cao Actiso 40mg;OPC;Vỉ;https://www.pharmacity.vn/product/thuoc-phong-va-ho-tro-dieu-tri-viem-gan-day-bung-roi-loan-tieu-hoa-liverbil-hop-5-vi-x-10-vien-nang-cung
Bột pha uống Viartril S 1500mg giảm triệu chứng thoái hóa khớp gối (hộp 30 gói);16000;Glucosamin Sulfat 1500mg;Rottapharm;Gói;https://www.pharmacity.vn/product/thuoc-dieu-tri-thoai-hoa-khop-goi-nhe-va-trung-binh-viartril-s-1500mg-30-goihop
Viên nén Zidocin phòng ngừa và điều trị nhiễm trùng răng miệng (2 vỉ X 10 viên);37000;Spiramycin Metronidazol;DHG Pharma;Hộp;https://www.pharmacity.vn/product/zidocindhg-hop-2-vi-x-10-vien
Getino-B 300mg (Chai 30 viên);835000;Tenofovir 300mg;Getz Pharm;Chai;https://www.pharmacity.vn/product/getino-b-300mg-chai-30-vien
Viên giải phóng có kiểm soát Xalgetz 0.4mg trị hội chứng tăng sản tuyến tiền liệt (1 vỉ x 10 viên);39000;Tamsulosin 0.4mg;Getz Pharm;Hộp;https://www.pharmacity.vn/product/xalgetz-04mg-hop-1-vi-x-10-vien
Viên nang Cefdinir 300mg - TV.Pharma kháng sinh điều trị nhiễm khuẩn (1 vỉ x 10 viên);79400;Cefdinir 300mg;TVPharma;Hộp;https://www.pharmacity.vn/product/cefdinir-300mg-1-vi-x-10-vienhop
Viên nang Pyfaclor 500mg kháng sinh điều trị nhiễm khuẩn (1 vỉ x 12 viên);83000;Cefaclor 500mg;Pymepharco;Hộp;https://www.pharmacity.vn/product/thuoc-dieu-tri-viem-nhiem-pyfaclor-500mg-1-vi-x-12-vien
Viên nén Agidopa 250mg điều trị tăng huyết áp (2 vỉ x 10 viên);22000;Methyldopa 250mg;AGIPHARM;Hộp;https://www.pharmacity.vn/product/thuoc-dieu-tri-tang-huyet-ap-agidopa-250mg-2-vi-x-10-vien-hop
Viên nang Fenosup 160mg điều trị tăng cholesterol máu, giảm mỡ máu (3 vỉ x 10 viên);193000;Fenofibrat 160mg;SMB;Hộp;https://www.pharmacity.vn/product/fenosup-160mg-3-vi-x-10-vienhop
Viên nén TV-Cefuroxime 500mg kháng sinh điều trị nhiễm khuẩn (3 vỉ x 10 viên);228800;Cefuroxim 500mg;TVPharma;Hộp;https://www.pharmacity.vn/product/tvcefuroxime-500mg-3-vi-x-10-vienhop
Viên nén Biresort 10mg phòng và điều trị cơn đau thắt ngực, suy tim sung huyết (3 vỉ x 20 viên);29600;Isosorbid 10mg;BIDIPHAR;Hộp;https://www.pharmacity.vn/product/biresort-10-hop-3-vi-x-20-vien
Thuốc xịt mũi XoangSpray trị viêm xoang cấp và mạn tính, viêm mũi dị ứng (chai 50ml);60000;Kim ngân hoa 1.25g, Hoàng cầm 1.25g, Liên kiều 2.5g, Eucalyptol 0.015g/50ml;Xoang Spray;Chai;https://www.pharmacity.vn/product/xit-mui-tri-viem-xoang-xoang-spray-chai-50ml
Gel Nidal 2.5 % điều trị đau do thấp khớp, chấn thương (tuýp 30g);26000;Ketoprofen 0;Ampharco U.S.A;Tuýp;https://www.pharmacity.vn/product/nidal-25-30g
Viên nén Oztis giảm triệu chứng của thoái hoá khớp gối mức độ nhẹ và trung bình (6 vỉ x 10 viên);121000;Glucosamin 750mg, Chondroitin 250mg;LIPA PHARMACEUTICALSLTD, AUSTRALIA;Vỉ;https://www.pharmacity.vn/product/thuoc-dieu-tri-viem-khop-oztis-6-vi-x-10-vienhop
Viên nén Vigorito 50mg điều trị đái tháo đường không phụ thuộc insulin (type 2) (3 vỉ x 10 viên);225000;Vildagliptin 50mg;Davipharm;Hộp;https://www.pharmacity.vn/product/vigorito-50mg-hop-3-vi-x-10-vien
Viên nén Coversyl Plus 10mg/2.5mg điều trị tăng huyết áp (hộp 30 viên);321000;Perindopril 10mg/2.5mg;Servier International;Lọ;https://www.pharmacity.vn/product/coversyl-plus-1025mg-lo-30-vien
Viên nén Domecor 2.5mg điều trị tăng huyết áp, đau thắt ngực, suy tim (2 vỉ x 14 viên);56000;Bisoprolol 2.5mg;Domesco;Hộp;https://www.pharmacity.vn/product/domecor-25mg-2-vi-x-14-vienhop
Viên nén Agiosmin 450mg/50mg trị suy giãn tĩnh mạch mạn tính, trĩ cấp và trĩ mạn (4 vỉ x 15 viên);20000;Diosmin 450mg, Hesperidin 50mg;AGIPHARM;Vỉ;https://www.pharmacity.vn/product/thuoc-dieu-tri-suy-tinh-mach-dieu-tri-tri-agiosmin-450mg-50mg-4-vi-x-15-vien-hop
Viên đặt âm đạo Safaria 225mg điều trị nhiễm khuẩn, nhiễm nấm âm đạo (2 vỉ x 5 viên);189000;Metronidazol 225mg, Chloramphenicol 100mg, Nystatin 75mg;FARMAPRIM;Hộp;https://www.pharmacity.vn/product/vien-dat-am-dao-safaria-225mg-hop-2-vi-x-5-vien
Viên nang Omeraz 20mg điều trị loét dạ dày, tá tràng, viêm thực quản (5 vỉ x 4 viên);28500;Omeprazol 20mg;Boston;Hộp;https://www.pharmacity.vn/product/omeraz-20-hop-5-vi-x-4-vien
Viên nhai Ulcersep 262,5mg điều trị rối loạn tiêu hóa, ăn không tiêu, tiêu chảy (10 vỉ x 10 viên);420000;Bismuth Subsalicylat 262mg;OPV;Hộp;https://www.pharmacity.vn/product/ulcersep-262mg-10-vi-x-10-vienhop
Viên nén Getzlox 750 mg điều trị nhiễm khuẩn từ da, đường tiết niệu, hô hấp (1 vỉ x 10 viên);180200;Levofloxacin 750mg;Getz Pharm;Hộp;https://www.pharmacity.vn/product/getzlox-750mg-1-vi-x-10-vienhop
Viên nén Agirovastin 20mg điều trị tăng cholesterol máu, giảm mỡ máu (3 vỉ x 10 viên);189990;Rosuvastatin 20mg;AGIPHARM;Hộp;https://www.pharmacity.vn/product/agirovastin-20mg-3-vi-x-10-vienhop
Viên nhai Air-X 120mg trị đầy hơi, chướng bụng (10 vỉ x 10 viên);13100;Simethicon 120mg;Air-X;Vỉ;https://www.pharmacity.vn/product/air-x-120-10vi-x-10vien
Viên nén Acetab 650mg điều trị các triệu chứng đau đầu và sốt (10 vỉ x 10 viên);5000;Paracetamol 650mg;AGIPHARM;Vỉ;https://www.pharmacity.vn/product/thuoc-giam-dau-ha-sot-acetab-650mg-10-vi-x-10-vienhop
Viên nén Combizar 50mg/12.5mg điều trị tăng huyết áp (3 vỉ x 10 viên);85000;Losartan 50mg, Hydrochlorothiazide 12.5mg;United Pharma;Hộp;https://www.pharmacity.vn/product/combizar-50mg125mg-3-vi-x-10-vienhop
Thuốc cốm pha hỗn dịch uống Claminat 500mg/125mg điều trị nhiễm khuẩn (12 gói x 1.5g);109000;Amoxicilin 500mg, Acid Clavulanic 125mg;Imexpharm;Hộp;https://www.pharmacity.vn/product/thuoc-dieu-tri-nhiem-khuan-ho-hap-claminat-500mg-125mg-hop-12-goi
Thuốc nhỏ tai Cồn Boric 3% 3/2 phòng viêm tai (chai 10ml);7000;Acid boric 300mg/10ml;Duoc pham 3/2;Chai;https://www.pharmacity.vn/product/con-boric-3-phong-viem-tai-chai-10ml
Viên nén Ibutop 50mg điều trị đầy hơi, chướng bụng, ợ nóng, buồn nôn (2 vỉ x 10 viên);90000;Itoprid 50mg;OPV;Hộp;https://www.pharmacity.vn/product/ibutop-50mg-2-vi-x-10-vienhop
Viên nén Becoron C cung cấp năng lượng và tăng sức đề kháng (10 vỉ x 10 viên);20500;Vitamin C 500mg, B1 50mg, B2 20mg, B6 5mg, B12 250mg, PP 5mcg;Pymepharco;Vỉ;https://www.pharmacity.vn/product/thuoc-cung-cap-nang-luong-va-tang-suc-de-khang-cho-co-the-becoron-c-10-vi-x-10-vien-hop
Viên nén Dosaff điều trị trĩ cấp và rối loạn tuần hoàn tĩnh mạch (4 vỉ x 15 viên);33000;Diosmin 450mg, Hesperidin 50mg;Domesco;Vỉ;https://www.pharmacity.vn/product/thuoc-dieu-tri-suy-tinh-mach-tri-cap-dosaff-4-vi-x-15-vienhop
Viên nén Venrutine 500mg/100mg trị suy tĩnh mạch, trĩ cấp tính, xuất huyết dưới da (3 vỉ x 10 viên);32000;Rutin 500mg, Vitamin C 100mg;BV Pharma;Vỉ;https://www.pharmacity.vn/product/venrutine-hop-3-vi-x-10-vien
Viên nén Ofmantine 1g điều trị nhiễm khuẩn (2 vỉ x 7 viên);149000;Amoxicilin 875mg, Acid Clavulanic 125mg;Domesco;Hộp;https://www.pharmacity.vn/product/ofmantine-1g-2-vi-x-7-vienhop
Viên giải phóng có kiểm soát Metformin Stella 1000mg điều trị đái tháo đường type 2 (6 vỉ x 10 viên);120000;Metformin hydrochlorid 1000mg;STELLA;Hộp;https://www.pharmacity.vn/product/thuoc-dieu-tri-dai-thao-duong-typ-2-metformin-stada-1000mg-mr-6-vi-x-10-vienhop
Dung dịch dùng ngoài Remowart Farmalabor trị mụn cóc (chai 10ml);297000;Acid salicylic 167mg/g;Farmalabor;Chai;https://www.pharmacity.vn/product/remowart-chai-10ml
Kem bôi âm đạo Mycomycen 1% điều trị nhiễm nấm âm đạo (tuýp 78g);360000;Ciclopirox olamin 10mg;Rafarm S.A-Greece;Tuýp;https://www.pharmacity.vn/product/thuoc-boi-dieu-tri-nam-tay-chan-mycomycen-78g-rafarm-sa-tuyp-78ghop
Viên nén Tranagliptin 5mg Tipharco điều trị đái tháo đường type 2 (3 vỉ x 10 viên);297000;Linagliptin 5mg;TIPHARCO;Hộp;https://www.pharmacity.vn/product/thuoc-dieu-tri-dai-thao-duong-typ-2-tranagliptin-5mg-3-vi-x-10-vienhop
Viên nang Cedipect 100mg Imexpharm trị ho do kích thích, long đờm (10 vỉ x 10 viên);13999;Codein 10mg, Guaifenesine 100mg;Imexpharm;Vỉ;https://www.pharmacity.vn/product/thuoc-dieu-tri-ho-khan-long-dam-cedipect-100mg-10-vi-x-10-vienhop
Viên nang Philcotam 250 Phil Inter Pharma kháng viêm, giảm đau cơ xương khớp (10 vỉ x10 viên);29900;Naproxen 250mg;Phil Inter Pharma;Vỉ;https://www.pharmacity.vn/product/philcotam-250-phil-inter-pharma-10vi-x10vien
Viên nén Medlon 16mg DHG kháng viêm, điều trị viêm thấp khớp, chống dị ứng (3 vỉ x 10 viên);94500;Methylprednisolon 16mg;DHG Pharma;Hộp;https://www.pharmacity.vn/product/medlon-16-hop-3-vi-x-10-vien
Bột pha uống Klavunamox 400mg/57mg Atabay điều trị nhiễm khuẩn (chai 70ml);200000;Amoxicilin 400mg, Acid clavulanic 57mg;Atabay, Turkey;Lọ;https://www.pharmacity.vn/product/thuoc-dieu-tri-nhiem-khuan-klavunamox-40057mg-atabay-hop-1-lo-70ml
Cao dán Yaguchi Thiên Ân giảm đau vai, đau lưng, đau cơ, đau khớp (20 gói x 5 miếng);10000;Camphor 7.1mg, Menthol 33mg, Methyl salicylat 36mg;Công Ty TNHH Dược Phẩm Thiên Ân;Gói;https://www.pharmacity.vn/product/cao-dan-yaguchi-thien-an-hop-20-goi-x-5-mieng
Dung dịch xoa bóp Dầu Gió Nâu Pharmedic trị cảm cúm, chóng mặt, say tàu xe (chai 3ml);11000;Menthol 0,24mg, Methyl salicylat 0,06mg, Tinh dầu Bạc hà 1,74mg;Pharmedic;Chai;https://www.pharmacity.vn/product/dau-gio-nau-pharmedic-chai-3ml
Viên nang mềm Banitase 625mg điều trị đầy hơi, khó tiêu (20 vỉ x 5 viên);820000;Trimebutin 100mg, Acid Dehydrocholic 25mg, Pancreatin 150mg, Bromelain 50mg, Simethicon 300mg;Phil Inter Pharma;Hộp;https://www.pharmacity.vn/product/banitase-625mg-20-vi-x-5-vienhop
Viên nén Uperio 50mg điều trị suy tim (2 vỉ X 14 viên);574990;Sacubitril 24.3mg, Valsartan 25.7mg;Novartis;Hộp;https://www.pharmacity.vn/product/uperio-50mg-hop-2-vi-x-14-vien
Viên nang An Thảo Ích Nhân dùng cho người hôi, loét miệng, lưỡi, viêm chân răng (5 vỉ x 10 viên);17000;Te tan 0.5g,  Đuong quy  0.33g,  Sinh đia  0.33g;An Thao;Vỉ;https://www.pharmacity.vn/product/thuoc-dieu-tri-hoi-mieng-loet-mieng-luoi-viem-chan-rang-an-thao-5-vi-x-10-vienhop
Dung dịch uống Vitarals bổ sung vitamin và dưỡng chất (chai 20ml);18500;VitaminA 1500IU, VitaminD2 150IU,Vitamin B1-B2-B5-B6 120 mg/120 ml;Pharmedic;Chai;https://www.pharmacity.vn/product/thuoc-phong-ngua-va-dieu-chinh-tinh-trang-thieu-hut-vitamin-vitarals-chai-20ml
Viên đặt trực tràng Pentasa 1G điều trị viêm loét đại trực tràng (4 vỉ x 7 viên);1568000;Mesalazine 1g 1g;Ferring Pharma;Hộp;https://www.pharmacity.vn/product/pentasa-suppo-1g-4vix7vien
Hỗn dịch uống Smecta Go 3g điều trị tiêu chảy, rối loạn tiêu hóa (hộp 12 gói);10000;Disomectite 3g;Ipsen Pharma;Gói;https://www.pharmacity.vn/product/thuoc-dieu-tri-tieu-chay-smecta-go-hop-12-goi
Thuốc bột Meiact 50mg kháng sinh điều trị nhiễm khuẩn (hộp 21 gói);508000;Cefditoren 50mg;Meiji Seika;Hộp;https://www.pharmacity.vn/product/meiact-50mg-21-goihop
Axcel Fungicort Cream (Tuýp 15g);40000;Miconazole nitrate, Hydrocortisone;Kotra Pharma;Tuýp;https://www.pharmacity.vn/product/axcel-fungicort-cream-hop-1-tuyp-15g
Viên nén Femoston Cotin 1/5mg điều trị thiếu hụt estrogen, ngăn ngừa loãng xương (1 vỉ x 28 viên);1110000; Dydrogesteron, Estradiol;Abbott;Hộp;https://www.pharmacity.vn/product/femoston-conti-1mg5mg-1-vi-x-28-vien
Viên nén Hueso 300mg điều trị sỏi túi mật cholesterol, bệnh gan mật mãn tính (3 vỉ x 10 viên);422000;Ursodeoxycholic acid 300mg 300mg;ARLICO;Hộp;https://www.pharmacity.vn/product/hueso-tab-300mg-3-vi-x-10-vienhop
Hỗn dịch uống A.T Alugela 20% điều trị viêm loét dạ dày tá tràng, viêm thực quản (hộp 26 gói);1900;Nhôm phosphat gel 20%, 12.380g 12.38g;An Thien;Gói;https://www.pharmacity.vn/product/thuoc-dieu-tri-viem-da-day-loet-da-day-ta-trang-at-alugela-26-goi-x-20ghop
Broncho-Vaxom 7mg (1 Vỉ x 10 Viên/hộp);215000;Broncho Vaxom 7mg;OMPharma;Hộp;https://www.pharmacity.vn/product/broncho-vaxom-adult-7mg-1-vi-x-10-vienhop
Viên nén Parocontin-F trị các trường hợp đau có liên quan đến co thắt cơ-xương khớp (3 vỉ x 10 viên);89000;Methocarbamol 400mg, Paracetamol 500mg;TIPHARCO;Hộp;https://www.pharmacity.vn/product/parocontin-f-3-vi-x-10vienhop
Viên nén Natidof Điều trị các trường hợp đau có liên quan đến co thắt cơ-xương khớp (3 vỉ x 10 viên);185000;Thiocolchicosid 8mg 8mg;SPM;Hộp;https://www.pharmacity.vn/product/thuoc-gian-co-busfan-8mg-3-vi-x-10-vienhop
Thuốc dùng ngoài Ketovazol 2% điều trị nhiễm nấm ngoài da (tuýp 5g);9000;Ketoconazol 0;AGIPHARM;Tuýp;https://www.pharmacity.vn/product/thuoc-dieu-tri-nam-cac-benh-ngoai-da-va-niem-mac-ketovazol-2-tuyp-5g
Siro Danospan 0.7g/100ml trị viêm đường hô hấp kèm ho, bệnh lý viêm phế quản mạn tính (chai 100ml);60000;Cao khô lá Thường xuân 0,7g;Danapha;Hộp;https://www.pharmacity.vn/product/siro-ho-danospan-chai-100mlhop
Viên nén Iba-Mentin 1000mg/62,5mg điều trị nhiễm khuẩn (2 vỉ x 7 viên);219800;Amoxicillin 1000mg, Acid Clavulanic 62,5mg;Pharbaco (TW1);Hộp;https://www.pharmacity.vn/product/thuoc-dieu-tri-nhiem-khuan-iba-mentin-1000mg-62-5mg-2-vi-x-7-vien-hop
Thuốc điều trị viêm dạ dày cấp và mãn tính, trào ngược dạ dày thực quản Antilox Plus (20 gói x 10g/hộp);66000;Mg, Al, Simethicon 10g;Codupha (TW2);Hộp;https://www.pharmacity.vn/product/thuoc-dieu-tri-viem-da-day-cap-va-man-tinh-trao-nguoc-da-day-thuc-quan-antilox-plus-20-goi-x-10ghop
Viên nén Bambuterol 10mg A.T điều trị hen phế quản, viêm phế quản mãn tính (3 vỉ x 10 viên);29400;Bambuterol hydroclorid 10mg;An Thien;Hộp;https://www.pharmacity.vn/product/bambuterol-10-at3-vi-x-10-vienhop
Dung dịch thuốc hít Spiolto Respimat điều trị giãn phế quản (ống thuốc 4ml + bình xịt);1060000;Tiotropium 2,5mcg, Olodaterol 2,5mcg/4ml;Boehringer Ingelheim;Hộp;https://www.pharmacity.vn/product/spiolto-respimat-hop-4ml
Thuốc nhỏ mắt Hylaform 0,1% điều trị khô mắt, rối loạn biểu mô giác mạc (chai 10ml);41200;Natri hyaluronat 1.0 mg;DP Trung uong CPC1;Hộp;https://www.pharmacity.vn/product/hylaform-01-hop-1-tuyp-10ml
Viên nang Stadnex 20mg trị loét dạ dày tá tràng, viêm thực quản trào ngược (4 vỉ x 7 viên);98000;Esomeprazol 20mg;STELLA;Hộp;https://www.pharmacity.vn/product/stadnex-20mg-cap-hop-4-vi-x-7-vien
Thuốc nhỏ mắt Tearbalance Ophthalmic Solution 0.1% trị tổn thương biểu mô kết- giác mạc (chai 5ml);65000;Natri Hyaluronat 0,1%/5ml;Senju;Lọ;https://www.pharmacity.vn/product/tearbalance-ophthalmic-solution-01-lo-5ml
Hỗn dịch uống Sara for children 250mg/5ml giảm đau từ nhẹ đến vừa và hạ sốt (chai 60ml);27000;Paracetamol (acetaminophen) 120mg;Thai Nakorn Patana;Chai;https://www.pharmacity.vn/product/thuoc-ha-sot-va-giam-dau-cho-tre-em-va-tre-so-sinh-sara-chai-60ml
Bột pha uống Hagimox 250mg điều trị nhiễm khuẩn (24 gói x 1.5g);27000;Amoxicilin 250mg;DHG Pharma;Hộp;https://www.pharmacity.vn/product/thuoc-khang-sinh-hagimox-250mg-hop-24-goi
Viên nang Hapenxin 500mg điều trị nhiễm khuẩn (10 vỉ x 10 viên);160700;Cephalexin 500mg;DHG Pharma;Hộp;https://www.pharmacity.vn/product/hapenxin-500mg-10-vi-x-10-vienhop
Viên nén Expas Forte 80mg chống co thắt cơ trơn đường tiêu hóa (3 vỉ x 10 viên);30000;Drotaverin 80mg;DHG Pharma;Hộp;https://www.pharmacity.vn/product/expas-forte-80mg-hop-3-vi-x-10-vien
Thuốc bột Micezym 100mg phòng và điều trị tiêu chảy (30 gói x 1g);3834;Saccharomyces boulardii 2,26 x 10^9 CFU;Hasan- Demarpharm;Gói;https://www.pharmacity.vn/product/micezym-100mg-30goi
Viên nén Hafenthyl 145mg điều trị tăng cholesterol máu, giảm mỡ máu (3 vỉ x 10 viên);66000;Fenofibrate 145mg;Hasan- Demarpharm;Hộp;https://www.pharmacity.vn/product/thuoc-kiem-soat-mo-mau-hafenthyl-145mg-3-vi-x-10-vien-hop
Thuốc mỡ tra mắt Gentamicin 0.3% 5g trị viêm giác- kết mạc, loét giác mạc, viêm mí mắt (tuýp 5g);8500;Gentamicin 0,3%;Công ty cổ phần Dược phẩm Quảng Bình;Hộp;https://www.pharmacity.vn/product/thuoc-mo-tra-mat-gentamicin-03-hop-5g
Viên nén Telzid 40mg/12.5mg điều trị tăng huyết áp (6 vỉ x 10 viên);96000;Telmisartan/Hydroclorothiazid;Medisun;Hộp;https://www.pharmacity.vn/product/thuoc-dieu-tri-nhung-trieu-chung-tang-huyet-ap-khong-ro-nguyen-nhan-telzid-40-12-5-6-vi-x-10-vien-hop
Viên nén Drotusc Forte 80mg điều trị co thắt dạ dày-ruột (10 vỉ x 10 viên);103000;Drotaverin hydroclorid 80mg;Medisun;Hộp;https://www.pharmacity.vn/product/thuoc-dieu-tri-co-that-da-day-ruot-drotusc-forte-80mg-10-vi-x-10-vien-hop
Hỗn dịch uống Atirlic điều trị viêm dạ dày cấp và mạn tính, đầy hơi, chướng bụng (hộp 20 gói);4800;Antilox;An Thien;Gói;https://www.pharmacity.vn/product/antilox-20-goi-x-15ghop
Viên nén Dryches 0,5mg điều trị phì đại tuyến tiền liệt ở nam giới (3 vỉ x 10 viên);330000;Dutasterid 0,5mg;Davipharm;Hộp;https://www.pharmacity.vn/product/thuoc-ho-tro-trong-dieu-tri-benh-duong-tiet-nieu-dryches-05mg-3-vi-x-10-vien
Viên nén Tatanol plus 500mg/65mg làm giảm đau các cơn đau, hạ sốt (10 vỉ x 10 viên);4950;Acetaminophen 500mg,  Cafein 65mg;Pymepharco;Vỉ;https://www.pharmacity.vn/product/tatanol-plus-10vi-x-10vien
Viên nén Daflavon 450mg/50mg điều trị suy tĩnh mạch, trĩ cấp tính (4 vỉ x 15 viên);27500;Diosmin 450mg,  Hesperidin 50mg;Pymepharco;Vỉ;https://www.pharmacity.vn/product/daflavon-450mg50mg-4-vi-x-15-vien
Viên giải phóng có kiểm soát Fordia MR 750mg điều trị đái tháo đường type 2 (6 vỉ x 10 viên);126500;Metformin Hydroclorid 750mg;United Pharma;Hộp;https://www.pharmacity.vn/product/fordia-mr-750mg-hop-6-vi-x-10-vien
Viên nén Aricept evess 10mg điều trị triệu chứng bệnh Alzheimer, sa sút trí tuệ (2 vỉ x 14 viên);1370000;Donepezil hydrochloride 10mg;Eisai Ltd;Hộp;https://www.pharmacity.vn/product/thuoc-than-kinh-aricept-evess-10mg-2-vi-x-14-vien
Viên nén Fordia MR 500mg điều trị đái tháo đường type 2 (6 vỉ x 10 viên);76500;Metformin hydrochloride 500mg;United Pharma;Hộp;https://www.pharmacity.vn/product/fordia-mr-500mg-hop-6-vi-x-10-vien
Hỗn dịch uống Trileptal 60mg/ml điều trị động kinh (chai 100ml);238000;Oxcarbazepin 60mg/ml;Novartis;Chai;https://www.pharmacity.vn/product/thuoc-dieu-tri-dong-kinh-trileptal-60mgml-delpharm-chai-100ml
Viên nén Egilok Egis 50mg Pharma điều trị tăng huyết áp, đau thắt ngực (hộp 60 viên);179500;Metoprolol tartrat 50mg;Egis Pharma;Lọ;https://www.pharmacity.vn/product/thuoc-dieu-tri-tang-huyet-ap-egilok-50mg-egis-pharma-60-vienhop
Viên nén bao phim phóng thích kéo dài Xigduo XR 10mg/1000mg  điều trị đái tháo đường không phụ thuộc insulin (type 2) (4 vỉ x 7 viên);618800;Dapagliflozin 10mg, Metformin HCl 500mg;AstraZeneca;Hộp;https://www.pharmacity.vn/product/thuoc-dieu-tri-benh-dai-thao-duong-typ-2-xigduo-xr-astrazeneca-101g-7-vien-x-4-vihop
Viên nén Gefbin 20mg trị viêm mũi dị ứng, mày đay (3 vỉ x 10 viên);203000;Ebastin 20mg;Công ty Cổ Phần Dược Phẩm Me Di Sun;Hộp;https://www.pharmacity.vn/product/thuoc-dieu-tri-viem-mui-di-ung-may-day-vo-can-man-tinh-gefbin-20-3-vi-x-10-vienhop
Dung dịch nhỏ mũi Natri clorid 0,9% Quảng Bình bơm rửa, giảm sổ mũi, viêm mũi (chai 10ml);4000;Natri clorid 0.9%/10ml;Công ty cổ phần Dược phẩm Quảng Bình;Chai;https://www.pharmacity.vn/product/natri-clorid-09-10ml-quang-binh-chai
Viên nén Eltium 50mg điều trị đầy hơi, chướng bụng, ợ nóng, buồn nôn (5 vỉ x 10 viên);168000;Itropid 50mg;DHG Pharma;Hộp;https://www.pharmacity.vn/product/eltium-50mg-hop-5-vi-x-10-vien
Hỗn dịch uống A.T Sucralfate An Thiên điều trị viêm loét dạ dày (20 gói x 5g);2475;Sucralfat 1g;An Thien;Gói;https://www.pharmacity.vn/product/at-sucralfate-an-thien-20goi-x-5g
Viên nang Espacox 200mg Normon điều trị viêm và giảm các cơn đau khớp (3 vỉ x 10 viên);330000;Celecoxib 200mg;Normon, S.A;Hộp;https://www.pharmacity.vn/product/espacox-200mg-3-vi-x-10-vienhop
Viên nén Feburic 80mg trị tăng acid uric huyết (3 vỉ x 10 viên);795000;Febuxostat 80mg;Astellas;Hộp;https://www.pharmacity.vn/product/feburic-80mg-3-vi-x-10-vienhop
Viên nén Decolgen ND trị các triệu chứng ho cảm thông thường (12 vỉ x 10 viên);11500;Acetaminophen (paracetamol) 500mg, Phenylephrin 10mg;Decolgen;Vỉ;https://www.pharmacity.vn/product/thuoc-dieu-tri-cac-trieu-chung-cam-decolgen-nd-12-vi-x-10-vienhop
Viên nén Japrolox 60mg giảm viêm đau trong viêm khớp dạng thấp, viêm xương khớp (2 vỉ x 10 viên);52500;"Loxoprofen 
 60mg";Daiichi-Sankyo Co;Vỉ;https://www.pharmacity.vn/product/japrolox-tablets-60mg-hop-2-vi-x-10-vien
Jardiance 10mg trị tiểu đường típ 2, suy tim, bệnh thận mạn (3 vỉ x 10 viên);692000;Empagliflozin 10mg;Boehringer Ingelheim;Hộp;https://www.pharmacity.vn/product/jardiance-10mg-3-vi-x-10-vienhop
Viên nén Butocox 500mg trị viêm và đau do viêm khớp dạng thấp và viêm xương khớp (6 vỉ x 10 viên);130000;Nabumeton 500mg;AGIPHARM;Hộp;https://www.pharmacity.vn/product/butocox-imp-500mg-6-vi-x-10-vienhop
Gentamicin 80mg/2ml (10 ống x 2ml/hộp);18000;Gentamicin Sulfat 80mg/2ml;Vidipha;Hộp;https://www.pharmacity.vn/product/gentamicin-80mg2ml-10-ong-x-2mlhop
Viên nén Nebicard 2,5mg điều trị tăng huyết áp (5 vỉ x 10 viên);234800;Nebivolol Hydrochlorid 2,5mg;Torrent Pharm;Hộp;https://www.pharmacity.vn/product/nebicard-25-hop-5-vi-x-10-vien
Viên nén Glumerif 2mg điều trị đái tháo đường không phụ thuộc insulin (type 2) (3 vỉ x 10 viên);48000;Glimepirid 2mg;DHG Pharma;Hộp;https://www.pharmacity.vn/product/glumerif-2-hop-3-vi-x-10-vien
Viên nén Twynsta 80mg/5mg Boehringer điều trị tăng huyết áp (14 vỉ x 7 viên);1550752;"Telmisartan 80mg, Amlodipin
 5mg";Boehringer Ingelheim;Hộp;https://www.pharmacity.vn/product/twynsta-80mg5mg-hop-14-vi-x-7-vien
Siro Bổ Phế Nam Ha Không Đường trị ho, tiêu đờm, viêm họng, viêm phế quản (chai 125ml);62000;Bach linh,Cat canh,Mo muoi,Cam thao,Ty ba diep… 125ml;Nam Ha;Chai;https://www.pharmacity.vn/product/bo-phe-nam-ha-khong-duong-hop-1-chai-125ml
Viên nén Daygra 50mg điều trị rối loạn cương dương ở nam giới (1 vỉ x 4 viên);112000;Sildenafil 50mg;GLOMED-ABBOTT;Hộp;https://www.pharmacity.vn/product/daygra-50mg-1-vi-x-4-vienhop
Thuốc nhỏ mắt Novotane Ultra giảm tạm thời các chứng rát và kích ứng do khô mắt (chai 5ml);50000;Polyethylen Glycol,  Propylen Glycol;Công ty cổ phần Dược phẩm CPC1 Hà Nội;Hộp;https://www.pharmacity.vn/product/novotane-ultra-5ml
Gel Rosiden S 200mg điều trị đau, viêm và cứng khớp (tuýp 20g);25000;Piroxicam 200mg;Shin Poong Daewoo VN;Hộp;https://www.pharmacity.vn/product/rosiden-s-200mg-tuyp-20g
Viên nén Bluemoxi 400mg điều trị nhiễm khuẩn, Viêm phổi mắc phải trong cộng đồng (1 vỉ x 7 viên);343000;Moxifloxacin 400mg;Bluepharma- Indústria Farmacêutical, S.A.;Hộp;https://www.pharmacity.vn/product/thuoc-khang-sinh-bluemoxi-400mg-1-vi-x-7-vien
Siro thuốc HoAstex 5ml điều trị viêm đường hô hấp , giảm ho, giảm đau họng (30 gói x 5ml);2834;Húng chanh 2.5g, Núc nác   0.625mg, Cineol 4.65g;OPC;Gói;https://www.pharmacity.vn/product/siro-tri-ho-hoastex-30-goi-x-5mlhop
Cofidec 200mg (2 vỉ x 10 viên/hộp);220000;Celecoxib 200mg;Lek;Hộp;https://www.pharmacity.vn/product/thuoc-dieu-tri-cofidec-200mg-2vi-x-10vien
Viên nang Kidneyton OPC trị tinh huyết suy kém, đau lưng mỏi gối, hoa mắt, ù tai (5 vỉ x 10 viên);12000;Cao đặc qui về khan: Thục địa 320mg,  Sơn thù  160mg, Mẫu đơn bì  20.14 mg,  Trạch tả  120mg,  Hoài sơ  99.20 mg,  Phục linh Bột kép: Mẫu đơn bì , Hoài sơn, Phục linh  74.55 mg. 99,86 mg, 60,80 mg, 45,45 mg;OPC;Vỉ;https://www.pharmacity.vn/product/kidneyton-5vi-x-10vien
Bột pha uống Acehasan 200mg tiêu chất nhầy trong bệnh nhầy nhớt (30 gói x 3g);1050;Acetylcystein 200mg;Hasan- Demarpharm;Gói;https://www.pharmacity.vn/product/thuoc-he-ho-hap-acehasan-200mg-30-goi
Viên nén Cetimed 10mg điều trị triệu chứng viêm mũi dị ứng, mày đay (1 vỉ x 10 viên);39000;Cetirizin Dihydrochlorid 10mg;Alpex Pharma S.A;Hộp;https://www.pharmacity.vn/product/cetimed-10mg-hop-10-vien
Bột sủi bọt Hapacol Flu Kids trị các triệu chứng cảm sốt thông thường (hộp 24 gói);1696;Paracetamol, Chlorpheniramin, Phenylephrin, Dextromethorphan;DHG Pharma;Gói;https://www.pharmacity.vn/product/hapacol-150-flu-hop-24-goi
Viên nén Philclonestyl 125mg trị đau do co cứng cơ (5 vỉ x 10 viên);55000;Chlorphenesin Carbamate 125mg;Boston;Hộp;https://www.pharmacity.vn/product/thuoc-co-xuong-khop-philclonestyl-125mg-5-vi-x-10-vien
Viên giải phóng có kiểm soát Flodicar MR 5mg điều trị tăng huyết áp, đau thắt ngực (3 vỉ x 10 viên);90000;Felodipin 5mg;Pymepharco;Hộp;https://www.pharmacity.vn/product/flodicar-mr-5mg-3vi-x-10vien
Viên nén bao phim USAAllerz 60mg điều trị viêm mũi dị ứng, mày đay (10 vỉ x 10 viên);13000;Fexofenadin 60 mg;Ampharco U.S.A;Vỉ;https://www.pharmacity.vn/product/usaallerz-60mg-hop-10-vi-x-10-vien
Viên nén SaVi Quetiapine 100mg điều trị rối loạn lưỡng cực, tâm thần phân liệt (3 vỉ x 10 viên);215000;Quetiapine 100mg;Savi;Hộp;https://www.pharmacity.vn/product/thuoc-dieu-tri-tam-than-phan-liet-savi-quetiapine-100mg-3-vi-x-10-vien-hop
Viên nén Metronidazol250mg BDP điều trị nhiễm khuẩn (10 vỉ x 10 viên);42000;Choongwae trizele flagyl 250mg;BIDIPHAR;Hộp;https://www.pharmacity.vn/product/thuoc-khang-viem-metronidazol-250mg-10-vi-x-10-vien
Viên đặt âm đạo Daikyn 0.5mg (3 vỉ x 5 viên/hộp);202000;Estriol 0,5mg;Davipharm;Hộp;https://www.pharmacity.vn/product/vien-dat-am-dao-daikyn-05mg-3-vi-x-5-vienhop
Viên nén Pracetam 400 Stella điều trị chóng mặt, suy giảm trí nhớ (10 vỉ x 10 viên);89990;Piracetam 400mg;STELLA;Hộp;https://www.pharmacity.vn/product/thuoc-than-kinh-pracetam-400mg-10-vi-x-10-vien
Vorifend Forte (Hộp 6 vỉ x 10 viên);15000;Glucosamin sulfat 500mg;STELLA;Vỉ;https://www.pharmacity.vn/product/thuoc-dieu-tri-viem-khop-vorifend-forte-500mg-6-vi-x-10-vienhop
Alumag-S (Hộp 20 gói);57000;Magnesi hydroxyd 800,4mg,  Nhôm hydroxyd  400mg,  Simethicone  80mg;AGIPHARM;Hộp;https://www.pharmacity.vn/product/alumag-s-20goi
Viên nén Loratadin 10mg TV.Pharm trị viêm mũi dị ứng, mày đay, ngứa (3 vỉ x 10 viên);5700;Loratadin 10mg;TVPharma;Vỉ;https://www.pharmacity.vn/product/thuoc-khang-di-ung-loratadin-10mg-3-vi-x-10-vienhop
Viên nén Viacoram 3.5mg/2.5mg điều trị tăng huyết áp (chai 30 viên);219000;Perindopril Agirin 3,5mg, Amlodipin 2,5mg;Servier International;Lọ;https://www.pharmacity.vn/product/thuoc-dieu-tri-tang-huyet-ap-viacoram-3-5mg-2-5mg-hop-30-vien
Viên nang Livercom điều trị viêm gan, xơ gan (12 vỉ x 5 viên);18334;Cao Cardus marianus, Vitamin B1, VitaminB2, Vitamin B6, Vitamin B5, Vitamin PP;Ha Tay;Vỉ;https://www.pharmacity.vn/product/livercom-200mg-12vi-x-5vien
Viên nang Rifampicin 300mg điều trị các thể lao, phong và các nhiễm khuẩn nặng (10 vỉ x 10 viên);298000;Rifampicin 300mg;Mekophar;Hộp;https://www.pharmacity.vn/product/thuoc-khang-sinh-rifampicin-300mg-10-vi-x-10-vien
Viên tan trong ruột Omeprazol 20mg DHG điều trị viêm loét dạ dày tá tràng (3 vỉ x 10 viên);21500;Omeprazol 20mg;DHG Pharma;Hộp;https://www.pharmacity.vn/product/omeprazol-dhg-hop-3-vi-x-10-vien
Viên nén Dilodin DHG điều trị suy tĩnh mạch, trĩ cấp tính và mạn tính (5 vỉ x 10 viên);19800;Diosmin 450mg, Hesperidin 50mg;DHG Pharma;Vỉ;https://www.pharmacity.vn/product/dilodin-hop-5-vi-x-10-vien
Viên nén Triplixam 5mg/1.25mg/5mg điều trị tăng huyết áp (hộp 30 viên);331000;Perindopril Arginin, Indapamid, Amlodipin;Servier International;Lọ;https://www.pharmacity.vn/product/triplixam-51255mg-lo-30-vien
Viên nén Acarbose 50mg Savi điều trị đái tháo đường type 2 (3 vỉ x 10 viên);269000;Acarbose 50mg;Savi;Hộp;https://www.pharmacity.vn/product/thuoc-dieu-tri-dai-thao-duong-acarbose-50mg-savi-10-vien-x-10-vihop
SOSAllergy Syrup (Hộp 12 ống x 5ml);6000;Desloratadin 2.5mg/5ml;Ampharco U.S.A;Ống;https://www.pharmacity.vn/product/thuoc-dieu-tri-viem-mui-di-ung-va-noi-me-day-sosallergy-syrup-12-ong-x-5mlhop
Bột pha uống Hamett 3g điều trị tiêu chảy, rối loạn tiêu hóa (hộp 24 gói);2300;Diosmectit 3g;DHG Pharma;Gói;https://www.pharmacity.vn/product/thuoc-dieu-tri-tieu-chay-viem-thuc-quan-da-day-ta-trang-hamett-24-goi-x-3-8g-hop
Viên nang Batonat 400mg điều trị viêm gan, xơ gan (10 vỉ x 10 viên);530000;L-Ornithin L-Aspartat 400mg;Phil Inter Pharma;Hộp;https://www.pharmacity.vn/product/thuoc-dieu-tri-viem-gan-cap-tinh-va-man-tinh-batonat-400mg-10-vi-x-10-vienhop
Viên nén Telzid Medisun 80mg/12,5mg điều trị tăng huyết áp (6 vỉ x 10 viên);131800;Telmisartan  80mg, Hydrochlorothiazid 12,5mg;Medisun;Hộp;https://www.pharmacity.vn/product/thuoc-dieu-tri-tang-huyet-ap-telzid-80mg-12-5mg-6-vi-x-10-vien-hop
Viên nén Vincerol 1mg dự phòng biến chứng huyết khối tắc mạch, tĩnh mạch (10 vỉ x 10 viên);99000;Acenocoumarol 1mg;Vinphaco;Hộp;https://www.pharmacity.vn/product/thuoc-dieu-tri-nhoi-mau-co-tim-va-nghen-mach-mau-vincerol-1mg-vinphaco-10-vien-x-10-vihop
Gel LeoPovidone Leopard sát khuẩn các vết thương nhỏ, vết bỏng, ngừa nhiễm nấm, virus (tuýp 20g);63000;Povidon-iodin 2g;Leopard Medical Brand;Tuýp;https://www.pharmacity.vn/product/gel-sat-khuan-leopovidone-tuyp-20g
Viên nang Bisbeta 120mg SPM hỗ trợ giảm nhẹ calo trong điều trị béo phì, thừa cân (2 vỉ x 21 viên);208000;Orlistat 120mg;SPM;Vỉ;https://www.pharmacity.vn/product/bisbeta-120-hop-2-vi-x-21-vien
Viên nén Temptcure 100mg điều trị rối loạn cương dương (1 vỉ x 4 viên);51500;Sildenafil 100mg;Gracure Pharmaceuticals;Hộp;https://www.pharmacity.vn/product/thuoc-dieu-tri-roi-loan-cuong-duong-temptcure-100mg-gracure-4-vien-x-1-vihop
Viên nang Scolanzo 30mg điều trị viêm loét dạ dày (2 vỉ x 7 viên);142800;Lansoprazol 30mg;Abbott Laboratories ;Hộp;https://www.pharmacity.vn/product/thuoc-dieu-tri-viem-thuc-quan-loet-da-day-ta-trang-cap-scolanzo-30mg-2-vi-x-7-vien-hop
Viên nén Natondix 750mg Savipharm điều trị đau, cứng, sưng khớp (4 vỉ x 15 viên);517000;Nabumeton 750mg;Savi;Hộp;https://www.pharmacity.vn/product/natondix-hop-4-vi-x-15-vien
Viên nén Bilgrel 75mg điều trị nhồi máu cơ tim, đột quỵ, bệnh động mạch ngoại biên (2 vỉ x 14 viên);364000;Clopidogrel  75mg;Bilim Ilac Sanayi Ve Ticaret Anonim Sirketi;Hộp;https://www.pharmacity.vn/product/bilgrel-2-vi-x-14-vienhop
Dung dịch uống Cynamus CPC1 tiêu nhầy, loãng đàm, giảm ho (4 vỉ x 5 ống);3300;Carbocistein 125mg/5ml;DP Trung uong CPC1;Ống;https://www.pharmacity.vn/product/cynamus-cpc1-4-vi-x-5-onghop
Dung dịch uống Davinfort 800mg/10ml Hataphar các bệnh tổn thương não, chóng mặt (4 vỉ x 5 ống);175000;Piracetam 800mg;Hataphar;Hộp;https://www.pharmacity.vn/product/thuoc-dieu-tri-roi-loan-nao-ton-thuong-nao-davinfort-800mg-4-vi-x-5-ong-hop
Viên nang Phil URSO Phil Inter Pharma hỗ trợ cải thiện chức năng gan (12 vỉ x 5 viên);375000;Acid ursodeoxycholic 50mg, Thiamine Hydrochlorid 10mg, Riboflavin 5mg;Phil Inter Pharma;Hộp;https://www.pharmacity.vn/product/philurso-12-vi-x-5-vienhop
Viên nén Savprocal D 750mg/200IU bổ sung calci, D3, phòng và trị loãng xương (3 vỉ x 10 viên);55000;Calci carbonat 750mg, Vitamin D3 200IU;Savi;Hộp;https://www.pharmacity.vn/product/savprocal-d-3-vi-x-10-vienhop
Midasol (Hộp 10 vỉ x 10 viên);180000;Methylene blue 20mg, Bromocamphor 20mg;Công ty TNHH SX-TM dược phẩm Thành Nam;Hộp;https://www.pharmacity.vn/product/midasol-10-vi-x-10-vienhop
Viên nang Mepraz 20mg điều trị loét dạ dày, tá tràng, viêm thực quản (7 vỉ x 4 viên);111000;Omeprazol 20mg;Sanofi CHC Local;Hộp;https://www.pharmacity.vn/product/mepraz-20mg-7-vi-x-4-vienhop
Dầu gừng Thái Dương giảm đau đầu, đau lưng, đau dây thần kinh vai gáy (chai 24ml);80000;Menthol 7g, Tinh dầu bạc hà 1ml, Tinh dầu tràm 1ml, Methyl salicylat 4.8g, Tinh dầu long lão 0.5ml, Tinh dầu quế 0.5ml, Tinh dầu hương nhu trắng 0.25ml, Gừng 12g;Sao Thai Duong;Chai;https://www.pharmacity.vn/product/dau-gung-thai-duong-sao-thai-duong-24ml
Hỗn dịch Candid TV Glenmark điều trị gàu, viêm da tiết bã ở da dầu, lang ben (chai 60ml);139100;Clotrimazol 600mg, Selenium Sulfid 1500mg;Glenmark;Chai;https://www.pharmacity.vn/product/candid-tv-60ml
Viên nén Pancres trị đầy hơi, khó tiêu, hỗ trợ tiêu hóa (10 vỉ x 10 viên);25000;Protease 238IU, Lipase 3400IU, Amylase 4080IU;Duoc lieu Tri Nghia;Vỉ;https://www.pharmacity.vn/product/pancres-10-vi-x-10-vienhop
Cernevit (Hộp 10 lọ);1550000;Retinol,  Cholecalciferol,  Alpha-tocopherol,  Acid Ascorbic,  Thiamine,  Riboflavine,  Pyridoxine,  Cyanocob alamine,  Folic acid,  Pantothenic acid;Baxter;Hộp;https://www.pharmacity.vn/product/cernevit-hop-10-lo
Cerciorat Leon Farma (Hộp 1 vỉ x 1 viên) – Tránh thai khẩn cấp an toàn;35990;Levonorgestrel 1.5mg;Exeltis;Hộp;https://www.pharmacity.vn/product/cerciorat-hop-1-vi-x-1-vien
Carsil 90 (5 vỉ x 6 viên/hộp);121000;Silymarin 90mg;Sopharma;Hộp;https://www.pharmacity.vn/product/carsil-90-5-vi-x-6-vienhop
Viên phóng thích kéo dài Alsiful S.R 10mg trị phì đại lành tính tuyến tiền liệt (3 vỉ x 10 viên);246000;Alfuzosin HCL 10mg;Standard Chem;Hộp;https://www.pharmacity.vn/product/thuoc-dieu-tri-trieu-chung-cua-buou-lanh-tien-liet-tuyen-alsiful-s-r-10-3-vi-x-10-vien-hop
Viên nén Zytovyrin Korea United Pharm điều trị rối loạn lipid máu (3 vỉ x 10 viên);164000;Ezetimibe 10mg;Korea United Pharm;Hộp;https://www.pharmacity.vn/product/zytovyrin-3-vi-x-10-vienhop
Thuốc dùng ngoài Fendexi Phil Inter Pharma trị nhiễm khuẩn da nguyên phát hoặc thứ phát (tuýp 5g);24000;Fusidic acid 2%;Phil Inter Pharma;Tuýp;https://www.pharmacity.vn/product/fendexi-tuyp-5g
Viên đặt âm đạo Meyermazol 500 Meyer điều trị viêm âm đạo (1 vỉ x 10 viên);73500;Clotrimazol 500mg;Meyer-BPC;Hộp;https://www.pharmacity.vn/product/meyermazol-500-meyer-1vi-x-10vien
Viên nén Agiclovir 800 trị nhiễm virus thủy đậu và zona (2 vỉ x 10 viên);60400;Aciclovir 800mg;Excl. Agimexpharm;Hộp;https://www.pharmacity.vn/product/agiclovir-800-hop-2-vi-x-10-vien
Viên nén Mebendazol 500mg điều trị nhiễm giun (1 vỉ x 1 viên);15500;Mebendazol 500mg;Excl. Agimexpharm;Hộp;https://www.pharmacity.vn/product/mebendazol-500mg-hop-1-vi-x-1-vien
Viên nén Gimfastnew 180mg giảm triệu chứng viêm mũi dị ứng (2 vỉ x 10 viên);73650;Fexofenadine hydrochloride 180mg;Excl. Agimexpharm;Vỉ;https://www.pharmacity.vn/product/gimfastnew-180-hop-2-vi-x-10-vien
Viên nén Daniele điều trị mụn trứng cá mức độ vừa đến nặng, tránh thai hằng ngày (1 vỉ x 21 viên);139900;Acetate ,ethinylestradiol;Exeltis;Hộp;https://www.pharmacity.vn/product/daniele-hop-1-vi-x-21-vien
Siro Snapcef 16mg/10ml bổ sung kẽm, tăng cường sức đề kháng (20 ống x 10ml);180000;Kẽm gluconat 56mg;Thái Dương;Hộp;https://www.pharmacity.vn/product/snapcef-hop-20-ong-x-10ml
Viên nén Shinclop 75mg phòng ngừa thành lập cục máu đông, huyết khối (3 vỉ x 10 viên);123600;Clopidogrel 75mg;Shin Poong Daewoo VN;Hộp;https://www.pharmacity.vn/product/shinclop-75mg-hop-3-vi-x-10-vien
Cefimed 200mg (Hộp 2 vỉ x 4 viên);144000;Cefixim 200mg;Medochemie;Hộp;https://www.pharmacity.vn/product/cefimed-200-2-vi-x-4-vienhop
Mộc hoa trắng - HT  (Hộp 10 vỉ x 10 viên);73000;Cao đặc Mộc hoa trắng,Berberin clorid,Cao đặc mộc hương;Công ty Cổ phần Dược Hà Tĩnh;Hộp;https://www.pharmacity.vn/product/moc-hoa-trang-ha-tinh-10vi-x-10vien
Viên đặt trực tràng Elaria 100 Medochemie trị viêm và giảm đau khớp, chấn thương (2 vỉ x 5 viên);155000;Diclofenac 100mg;Medochemie;Hộp;https://www.pharmacity.vn/product/elaria-100-2-vi-x-5-vienhop
Viên nén Risperidon 2mg Hasan điều trị tâm thần phân liệt, hưng cảm (5 vỉ x 10 viên);100000;Risperidon 2mg;Hasan- Demarpharm;Hộp;https://www.pharmacity.vn/product/risperidon-2mg-hop-5-vi-x-10-vien
Viên nén Valiera 2mg trị rối loạn vận mạch, teo âm hộ âm đạo, giảm tiết estrogen (1 vỉ x 30 viên);99000;Estradiol 2mg;Abbott;Hộp;https://www.pharmacity.vn/product/valiera-hop-30-vien
Viên nang Acetylcystein 200mg Imexpharm tiêu nhầy, loãng đàm, giảm ho (10 vỉ x 10 viên);16000;Acetylcystein 200mg;Imexpharm;Vỉ;https://www.pharmacity.vn/product/acetylcystein-200-imexpharm-10vi-x-10vien
Tizanad 2mg (Hộp 10 vỉ x 10 viên);199900;Tizanidin 2mg;Nadyphar;Hộp;https://www.pharmacity.vn/product/tizanad-nadyphar-10vi-x-10vien
Viên nén Lepigin 100mg điều trị tâm thần phân liệt mãn tính (10 vỉ x 10 viên);503000;Clozapin 100mg;Danapha;Hộp;https://www.pharmacity.vn/product/lepigin-100-10-vi-x-10-vienhop
Hỗn dịch uống Aluinum Gel điều trị viêm loét dạ dày tá tràng, viêm thực quản (hộp 20 gói);3500;Aluminium phosphat gel 12.38g;Pharimexco;Gói;https://www.pharmacity.vn/product/hon-dich-uong-aluinum-gel-dieu-tri-viem-loet-da-day-ta-trang-viem-thuc-quan-hop-20-goi
Viên nén sủi bọt Calfizz bổ sung calci, ngừa loãng xương, còi xương (tuýp 20 viên);58800;Calcium gluconolactat,  Calcium carbonat;Pharimexco;Tuýp;https://www.pharmacity.vn/product/calcium-vpc-500-hop-1-tuyp-20-vien-sui
Viên giải phóng có kiểm soát PymeDiapro MR 30mg điều trị đái tháo đường type 2 (2 vỉ x 30 viên);81500;Gliclazid 30mg;Pymepharco;Hộp;https://www.pharmacity.vn/product/pyme-diapro-mr-hop-2-vi-x-30-vien
Viên nén Lessenol 500mg giảm đau, hạ sốt (10 vỉ x 10 viên);11550;Paracetamol 500mg;Excl. Enlie;Vỉ;https://www.pharmacity.vn/product/lessenol-500-hop-10-vi-x-10-vien
Viên nén Morif 7.5mg điều trị viêm xương khớp, viêm khớp dạng thấp (10 vỉ x 10 viên);310000;Meloxicam 7.5mg;Excl. Enlie;Hộp;https://www.pharmacity.vn/product/morif-75mg-hop-10-vi-x-10-vien
Butefin 1% 15g Berko ( Hộp x 1 Tuýp) Cream;115000;Butenafine 10mg;Berko;Hộp;https://www.pharmacity.vn/product/butefin-1-15g-berko-hop-x-1-tuyp-cream
Viên nén Fycompa 2mg điều trị bổ trợ cơn động kinh (4 vỉ x 7 viên);599000;Perampanel  2mg;Eisai Ltd;Hộp;https://www.pharmacity.vn/product/fycompa-2mg
Viên nang Glutoboston 150mg điều trị các bệnh nấm candida ở âm hộ - âm đạo (1 vỉ x 1 viên);12000;Fluconazol 150mg;Boston;Hộp;https://www.pharmacity.vn/product/glutoboston-150mg-1vi-x-1vien
Viên nén Egudin 10mg điều trị tiểu không tự chủ (3 vỉ x 10 viên);734000;Solifenacin succinate 10mg;Medisun;Hộp;https://www.pharmacity.vn/product/egudin-tab-fc-10mg-3vi-x-10vien
Mouthpaste (5g);29000;Triamcinolone 5g;CÔNG TY TRÁCH NHIỆM HỮU HẠN DƯỢC PHẨM LOTUS;Hộp;https://www.pharmacity.vn/product/mouthpaste-5g
Viên nén A.T Entecavir 0.5mg trị viêm gan B mạn tính (3 vỉ x 10 viên);269800;Entecavir 0.5mg;An Thien;Hộp;https://www.pharmacity.vn/product/at-entecavir-05mg-3vi-x-10-vien
Viên nén A.T Calcium 300mg bổ sung calci, ngăn ngừa còi xương, loãng xương (10 vỉ x 10 viên);180000;Calcium lactate 300mg;An Thien;Hộp;https://www.pharmacity.vn/product/at-calcium-300mg-10vi-x-10vien
Thuốc dùng ngoài SOSlac G3 trị nhiễm khuẩn, nhiễm nấm, viêm da (tuýp 15g);25000;Gentamycin 15 mg 9.6mg,  Betamethason dipropionat 9,6mg 15mg,  Clotrimazol 150mg 150mg;Ampharco U.S.A;Tuýp;https://www.pharmacity.vn/product/soslac-g3-15g
Viên giải phóng có kiểm soát Sifrol 0.375mg trị bệnh parkinson (3 vỉ x 10 viên);509000;Pramipexole dihydrochloride monohydrate 0,375 ng;Boehringer Ingelheim;Hộp;https://www.pharmacity.vn/product/sifrol-0375mg
Dung dịch ống uống Calcium Corbiere Extra bổ sung calci, ngừa loãng xương, còi xương (3 vỉ x 10 ống);6567;Calcium 1.1g, Vitamin C 0.1g, Vitamin PP 0.05g;Sanofi CHC Local;Ống;https://www.pharmacity.vn/product/thuoc-bo-sung-canxi-dang-uong-calcium-corbiere-extra-hop-30-ong-x-10ml
Viên nén Relinide 1mg điều trị bệnh đái tháo đường type 2 (8 vỉ x 15 viên);483000;Repaglinide 1mg;Standard Chem;Hộp;https://www.pharmacity.vn/product/relinide-hop-8-vi-x-15-vien
Viên nén Biscapro 2.5mg điều trị tăng huyết áp, suy tim (2 vỉ x14 viên);27000;Bisoprolol 2.5mg;Pymepharco;Hộp;https://www.pharmacity.vn/product/biscapro-25-mg-2vi-x14vien
Viên nén Jointmeno 150mg phòng và điều trị loãng xương (1 vỉ x 1 viên);410000;Ibandronic acid 150mg;Abbott Laboratories ;Hộp;https://www.pharmacity.vn/product/jointmeno-150mg-hop-1-vi-x-1-vien
Dung dịch Pancal Apimed bổ sung calci, ngăn ngừa còi xương, loãng xương (20 ống x 10ml);216000;;Apimed;Hộp;https://www.pharmacity.vn/product/pancal-apimed-hop-20ong-x-10ml
Viên nang Hytinon 500mg điều trị bệnh bạch cầu mạn tính dòng tủy (10 vỉ x 10 Viên);572000;Hydroxyurea 500mg;;Hộp;https://www.pharmacity.vn/product/hytinon-500mg-hop-10vi-x-10vien
Viên nang Maecran 5mg cung cấp vitamin, cải thiện rối loạn hệ tuần hoàn ngoại biên (12 vỉ x 5 viên);369000;Tocopherol Acetate,Acid Ascorbic,Kẽm Oxide,Đồng Oxide,Bột 0,1% selenium,Manganese Sulfate 200mg,250mg,9,337mg,1,252mg,15mg,4,613mg;Kolmar;Hộp;https://www.pharmacity.vn/product/maecran-hop-12-vi-x-5-vien
Viên nén Agilodin 10mg trị viêm mũi dị ứng, mày đay, ngứa (10 vỉ x 10 viên);36700;Loratadin 10mg 10mg;Excl. Agimexpharm;Vỉ;https://www.pharmacity.vn/product/agilodin-10vi-x-10vien
Hỗn dịch uống Aquima điều trị các triệu chứng khó tiêu, đầy hơi, tăng tiết acid (hộp 20 gói);3600;Nhôm hydroxyd gel khô, Magnesi hydroxyd, Simethicon,… 460mg, 400mg, 50mg,…;Merap Group;Gói;https://www.pharmacity.vn/product/aquima-hop-20-goi-x10-ml
Vemlidy 25mg (Chai 30 viên);1415000;Tenofovir alafenamide 25mg;Gilead;Chai;https://www.pharmacity.vn/product/vemlidy-25mg-chai-30-vien
Viên nén Nifedipin T20mg retard điều trị tăng huyết áp, đau thắt ngực (10 vỉ x 10 viên);68000;Nifedipin 20mg 20mg;STELLA;Hộp;https://www.pharmacity.vn/product/nifedipin-t20-retard-10vix10viennew
Viên nén Co-Aprovel 150mg/12.5mg điều trị tăng huyết áp (2 vỉ x 14 viên);302400;Irbesartan, Hydrochlorothiazid 150mg, 12.5mg;Sanofi GEM;Hộp;https://www.pharmacity.vn/product/co-aprovel-150mg125mg-2vi-x-14viennew
Bromhexin 8mg (3 vỉ x 20 viên) – Long đờm, giảm ho hiệu quả;22667;Bromhexin 8mg;Excl. Enlie;Vỉ;https://www.pharmacity.vn/product/bromhexin-8mg-3-vi-x-20-vien
Thuốc dùng ngoài Oestrogel 0.06g điều trị thiếu estrogen (tuýp 80g);514800;Estradiol 0,06%;Besins International;Tuýp;https://www.pharmacity.vn/product/oestrogel-hop-1-tuyp-x-80g
Dung dịch ống uống Calcium - NIC plus bổ sung calci, điều trị tình trạng thiếu calci (2 vỉ x 10 ống);9500;Calcium glucoheptonat 550mg,Acid ascorbic 50mg, Nicotinamid 25mg 550mg;NIC;Ống;https://www.pharmacity.vn/product/calcium-nic-plus-2-vi-x-10-ong
Vigentin 875/125 DT (2 vỉ x 7 viên) - Kháng sinh điều trị nhiễm khuẩn phổ rộng;233200;Amoxicilin 875mg,  Acid clavulanic 125mg;Excl - Dai Nam;Hộp;https://www.pharmacity.vn/product/vigentin-875125-dt-hop-2-vi-x-7-vien
Dung dịch uống Guacanyl-5ml điều trị ho do hen phế quản, viêm phế quản (4 vỉ x 5 ống);105000;Terbutalin sulfat + Guaiphenesin 1.5mg/5ml + 66.5mg/5ml;Công ty cổ phần Dược phẩm CPC1 Hà Nội;Hộp;https://www.pharmacity.vn/product/guacanyl-5ml-4vix20ong
Viên nén CTTPROZIL 500MG kháng sinh điều trị nhiễm khuẩn (1 vỉ x 10 viên);308000;Cefprozil 500mg;Medisun;Hộp;https://www.pharmacity.vn/product/cttprozil-capl-fc-500mg-1vi-x-10vien
Bột pha uống MEZATHIN 3G tăng amoniac trong bệnh xơ gan, tăng cường chức năng gan (hộp 10 gói);240000;L-ornithin- L-aspartat 3000mg;Hataphar;Hộp;https://www.pharmacity.vn/product/mezathin-s-hop-10-goi
PROZALIC OINT 15G (1 Tuýp);25000;Betamethason dipropionat 9.6mg,  Acid Salicylic 0.45g;Gia Nguyen;Hộp;https://www.pharmacity.vn/product/prozalic-oint-15g-1tuyp
Hỗn dịch tiêm trong bút tiêm nạp sẵn Humalog 75/25 kwipen 100U/ml insulin trị đái tháo đường 0;1225000;Insulin 100U/ml;Eli Lilly;Hộp;https://www.pharmacity.vn/product/humalog-mix25-kwikpen-hop-5-but-x-3ml
Viên nén Semirad 10mg điều trị các triệu chứng thần kinh và sinh lý (3 vỉ X 10 viên);222000;Nicergoline 10mg;Polpharma S.A;Hộp;https://www.pharmacity.vn/product/semirad-tab-fc-10mg-3vi-x-10vien
Viên nén Vitamin C 500mg Quảng Bình phòng và trị thiếu vitamin C (10 vỉ x 10 viên);50000;Vitamin C 500mg;Công ty cổ phần Dược phẩm Quảng Bình;Hộp;https://www.pharmacity.vn/product/vitamin-c-500mg-10-vi-x-10-vienquang-binh
Viên nén Vixcar 75mg phòng ngừa các biến cố huyết khối do xơ vữa, tắc mạch (3 vỉ x 10 viên);51000;Ectoin 2%, natri clorid, nước tinh khiết 75mg;Ricola;Hộp;https://www.pharmacity.vn/product/vixcar-clopidogel-75mg-30-vien
Viên nén Roticox 60mg điều trị viêm và giảm các cơn đau khớp, đau cấp (3 vỉ x 10 viên);396000;Etoricoxib 60mg;Ricola;Hộp;https://www.pharmacity.vn/product/roticox-60mg-30-vien
Methylprednisolon 16mg Vidipha (10vi x 10vien) kháng viêm, chống dị ứng, ức chế miễn dịch;340000;Methylprednisolon 16mg;Vidipha;Hộp;https://www.pharmacity.vn/product/methylprednisolon-16mg-vidipha-10vi-x-10vien
Thuốc nhỏ mắt Metodex điều trị nhiễm khuẩn, viêm nhiễm ở mắt (chai 5ml);37790;Tobramycin + Dexamethasone;Merap Group;Chai;https://www.pharmacity.vn/product/metodex-5ml
Thuốc nhỏ mắt Philmoxista điều trị viêm kết mạc do vi khuẩn nhạy cảm (chai 5ml);70000;Moxifloxacin 5mg;Samchundang;Chai;https://www.pharmacity.vn/product/philmoxista-eye-drops-5ml
Viên nang cứng Elpertone 300mg trị viêm phế quản mãn tính, bệnh hô hấp cấp (6 vỉ x 10 viên);402000;Erdosteine 300mg;Korea Prime Pharm. Co., Ltd.;Hộp;https://www.pharmacity.vn/product/elpertone-300mg-hop-6-vi-x-10-vien
Viên nén Mebilax 15mg điều trị viêm xương khớp, viêm khớp dạng thấp (2 vỉ x 10 viên);22000;Meloxicam 15mg;DHG Pharma;Hộp;https://www.pharmacity.vn/product/mebilax-15mg-2vix10vien
Viên nén bao phim Refix 550mg điều trị hội chứng ruôt kích thích và tiêu chảy (3 vỉ x 10 viên);741500;Rifaximin 550mg;Atra Pharmaceuticals;Hộp;https://www.pharmacity.vn/product/refix-550mg-hop-3vi-x-10-vien
Lotusone cream 15g ;32500;Betamethasone Dipropionate 0,064%;Medipharco- Tenamyd;Hộp;https://www.pharmacity.vn/product/lotusone-cream-15g
Thuốc tiêm Atropin Sulfat 0,25mg/ml chống co thắt trong bệnh lý tiêu hóa, tiết niệu (100 ống x 1ml);78000;Atropin sulfat 0.25mg/1ml 0.25mg/ml;Công ty cổ phần dược phẩm Vĩnh Phúc;Hộp;https://www.pharmacity.vn/product/atropin-sulfat-025mgml-100ong
Meyerzem SR 30ml;50000;Betamethason 0.25mg,  Dexchlopheniramin maleat 2mg;Meyer-BPC;Chai;https://www.pharmacity.vn/product/meyerzem-sr-30ml
Viên nén Vaidilox 40mg trị tăng acid uric mạn tính (3 vỉ x 10 viên);418000;Febuxostat 40mg;Armephaco;Hộp;https://www.pharmacity.vn/product/vaidilox-40mg-hop-3-vi-x-10-vien
Viên nén Asakoya 100Mg Mediplantex an thần, tăng lưu thông tuần hoàn máu, giảm đau (3 vỉ x 10 viên);396000;panax notoginseng saponins 100mg;Mediplantex;Hộp;https://www.pharmacity.vn/product/asakoya-100mg-mediplantex-3vi-x-10vien
Viên nén bao phim Mexcold 650 hạ sốt, giảm đau (chai 200 viên);135000;Paracetamol 650mg;Imexpharm;Chai;https://www.pharmacity.vn/product/mexcold-650-chai-200-vien
Nước muối Natri clorid 0,9% khô mắt, rửa mắt, vệ sinh mũi (chai 10ml);3000;Natri clorid 90mg/10ml 0.90%;BIDIPHAR;Chai;https://www.pharmacity.vn/product/natri-clorid-09-10ml
Thuốc cốm Hapacol flu 325mg/2mg trị các triệu chứng ho cảm thông thường (24 gói x 1.5g);2200;Paracetamol 325mg,Clorpheniramin maleat 2mg;DHG Pharma;Gói;https://www.pharmacity.vn/product/hapacol-flu-sac-gran-eff-325mg-2mg15g-24-goi
Viên nén MODOM-S 10MG điều trị triệu chứng nôn và buồn nôn (10 vỉ x 10 viên);39000;Domperidon base 10mg 10mg;DHG Pharma;Hộp;https://www.pharmacity.vn/product/modom-s-tab-fc-10mg-hop-100-vein
Viên nén Agintidin 300Mg trị viêm loét dạ dày, trào ngược dạ dày thực quản (10 vỉ x 10 viên);84000;Cimetidin 300mg;AGIPHARM;Hộp;https://www.pharmacity.vn/product/agintidin-300mg-hop-100-vien
Viên nén bao tan trong ruột Ozzy 40mg điều trị viêm loét dạ dày (3 vỉ x 10 viên);36000;Pantoprazol 40mg 40mg;Davipharm;Hộp;https://www.pharmacity.vn/product/ozzy-40-h3x10v
Viên nén Predstad 20mg Stella trị viêm thấp khớp, hen suyễn, lupus ban đỏ hệ thống (2 vỉ x 10 viên);85000;Prednisolon 20mg 50mg;STELLA;Hộp;https://www.pharmacity.vn/product/predstad-20-h2x10v
Thuốc cốm Sirnakarang F điều hòa chức năng thận, đau lưng, mỏi gối, sinh lý yếu (hộp 10 gói);9400;Povidone K30, Lactose, Magnesi stearat 0.05g, 4.1g, 0.05g;Hadiphar;Gói;https://www.pharmacity.vn/product/sirnakarang-f-hop-10-goi
Viên nang Grazyme  trị đầy hơi, khó tiêu, hỗ trợ tiêu hóa (3 vỉ x 10 viên);119000;Alpha Amylase, Papain USP, Simeticone, …  100mg,  100mg, 30mg, …;Gracure Pharmaceuticals, India;Hộp;https://www.pharmacity.vn/product/grazyme-hop-3-vi-x-10-vien
Viên nén Direntab 200mg kháng sinh điều trị nhiễm khuẩn (1 vỉ x 10 viên);284000;Cefditoren (dưới dạng Cefditoren Pivoxil) 200mg;US Pharma;Hộp;https://www.pharmacity.vn/product/direntab-200-hop-1-vi-x-10-vien
Gói bột Abamotic 5mg trị nóng ruột, buồn nôn, trào ngược dạ dày (30 gói x 0,5g);368000;Mosaprid citrat 5mg/0,5g;Com ho thao duoc SKV;Hộp;https://www.pharmacity.vn/product/abamotic-hop-30-goi-x-05g
Viên nén Duhemos 500mg điều trị chảy máu trong & sau phẫu thuật (5 vỉ x 10 viên);154000;Tranexamic acid 500mg 500mg;Hasan- Demarpharm;Hộp;https://www.pharmacity.vn/product/duhemos-500mg-hop-5-vi-x-10-vien
Viên nén Usarmicin 500mg điều trị viêm đường tiết niệu (2 vỉ x 10 viên);340000;Fosfomycin calcium hydrate 500mg 500mg;Usarichpharm;Hộp;https://www.pharmacity.vn/product/usarmicin-hop-2-vi-x10-vien
Thuốc cốm Pabemin 325mg điều trị triệu chứng cảm sốt nhức đầu (hộp 30 gói);870;Thiamine, Acetaminophen, Chlorpheniramine 10mg, 325mg, 2mg;Pharimexco;Gói;https://www.pharmacity.vn/product/pabemin-325mg-pharimexco-hop-30-goi
Natri Clorid Drop 0.9% 10ML Traphaco – Nhỏ mắt mũi, vệ sinh an toàn;4000;Nacl 10% 0;Traphaco;Chai;https://www.pharmacity.vn/product/natri-clorid-drop-09-10ml-traphaco
Viên nang Lucass 200mg kháng sinh điều trị nhiễm khuẩn (2 vỉ x 10 viên);320000;Cefpodoxim 200mg;Dalfusin 75;Hộp;https://www.pharmacity.vn/product/lucass-200-2vi-x-10vien
Viên nén CARHUROL 20MG điều trị tăng cholesterol máu, giảm mỡ máu (3 vỉ x 10 viên);220000;Rosuvastatin calci 20mg;BRV Healthcare;Hộp;https://www.pharmacity.vn/product/carhurol-tab-fc-20mg-hop-3-vi-x-10-vien
Viên nang Armten 200mg kháng sinh điều trị nhiễm khuẩn (1 vỉ x 10 viên);344000;Ceftibuten 200 mg;Armepharco;Hộp;https://www.pharmacity.vn/product/armten-200mgv-hop-1vi-x-10-vien
Viên nén bao phim Cefriven 200mg điều trị nhiễm khuẩn (2 vỉ x 10 viên);600000;Cefditoren 200 mg;Pharbaco (TW1);Hộp;https://www.pharmacity.vn/product/cefriven-200mg-hop-2vi-x-10-vien
Viên nang Ampicillin 500mg điều trị nhiễm khuẩn (10 vỉ x 10 viên);137000;Ampicillin 500mg;Brawn;Hộp;https://www.pharmacity.vn/product/ampicillin-500mg-10vi-x-10vien-brawn
Viên nén DURAPIL 30MG điều trị xuất tinh sớm ở nam giới (1 vỉ x 10 viên);1200000;Dapoxetin 30mg;SPM;Hộp;https://www.pharmacity.vn/product/durapil-30mg-1vi-x-10vien
Viên nén Desloratadine 5mg trị viêm mũi dị ứng, mày đay, ngứa (2 vỉ x 15 viên);209000;Desloratadin 5mg 5mg;Genepharm.SA;Hộp;https://www.pharmacity.vn/product/desloratadine-5mg-hop-2vi-x-15-vien
Viên nén ATORPA-E 40MG /10mg trị tăng cholesterol máu, phòng ngừa bệnh tim mạch (3 vỉ x 10 viên);250900;Atorvastatin (dưới dạng Atorvastatin calci trihydrat) 40mg,  Ezetimib 10mg;;Hộp;https://www.pharmacity.vn/product/atorpa-e-tab-fc-40mg-10box-30
Viên nén Medi-Levosulpirid 50mg trị tâm thần phân liệt, rối loạn tiêu hóa chức năng (3 vỉ x 10 viên);105000;Levosulpirid 50mg;Medisun;Hộp;https://www.pharmacity.vn/product/medi-levosulpirid-50mg-hop-30vien
Viên nén Azetatin 40mg/10mg trị tăng cholesterol máu, phòng ngừa bệnh tim mạch (10 vỉ x 10 viên);693000;AtorVastatin,  Ezetimibe;Meyer-BPC;Hộp;https://www.pharmacity.vn/product/azetatin-40-10vi-x-10vien
Thuốc xịt mũi Eu-Fastmome trị viêm mũi dị ứng, polyp mũi (chai 140 liều);436800;Mometasone furoate 50 mcg/liều x 140 liều xịt;;Lọ;https://www.pharmacity.vn/product/eu-fastmome-nasal-spray-140-lieu-hop-1-lo
Dung dịch nhỏ tai Metoxa 2.6% điều trị tại chỗ nhiễm trùng tai (chai 10ml);72000;Rifamycin 260mg;Merap Group;Hộp;https://www.pharmacity.vn/product/metoxa-hop-1lo-x-10ml
Viên nén Amlodipine 10 mg STELLA điều trị tăng huyết áp, đau thắt ngực (3 vỉ x 10 viên);39700;Amlodipine 10mg;STELLA;Hộp;https://www.pharmacity.vn/product/amlodipine-10-mg-stella-hop-3-vi-x-10-vien
Viên nhai YSP Biotase điều trị rối loạn tiêu hóa, đầy bụng, khó tiêu (10 vỉ x 10 viên);499000;Biodiostase 30mg, Lipase Ap6 5mg, Newlase 10mg 30mg, 5mg, 10mg;Y.S.P. Industries;Hộp;https://www.pharmacity.vn/product/ysp-biotase-hop-10-vi-x-10-vien
Viên nén Tadalafil 5mg Stella điều trị rối loạn cương dương (3 vỉ x 10 viên);415800;Tadalafil 5mg;STELLA;Hộp;https://www.pharmacity.vn/product/tadalafil-5mg-stella-hop-3-vi-x-10-vien
Nước muối Natri Clorid 0.9% Hải Dương khô mắt, rửa mắt, vệ sinh mũi (chai 10ml);2500;NaCl 10%;Duoc VTYT Hai Duong;Chai;https://www.pharmacity.vn/product/natri-clorid-09-chai-10ml-hai-duong
Viên nang Nucleo C.M.P Forte hỗ trợ trong điều trị suy nhược thần kinh chức năng (6 vỉ x 5 viên);355000;Cytidine-5 disodium monophosphate 5mg, Uridine-5 Trisodium triphosphate 3mg;Ferrer Internacional S.A.;Hộp;https://www.pharmacity.vn/product/nucleo-cmp-forte-30-vien
Viên nén Savi Olanzapine 5mg điều trị bệnh tâm thần phân liệt (3 vỉ x 10 viên);60000;Olanzapine 5mg;Savi;Hộp;https://www.pharmacity.vn/product/savi-olanzapine-5mg-3-vi-x-10-vien
Viên nén Imefed 625mg điều trị nhiễm khuẩn (2 vỉ x 7 viên);154000;Amoxicillin 500mg,Acid claVulanic 125mg;Excl. Imexpharm;Hộp;https://www.pharmacity.vn/product/imefed-dt-500mg125mg-2-vi-x-7-vien
Viên nén Cefass 90mg điều trị viêm và giảm các cơn đau khớp (3 vỉ x 10 viên);266000;Etoricoxib 90 mg 90 mg;Dalfusin 75;Hộp;https://www.pharmacity.vn/product/cefass-tab-fc-90mg-box-30-hop-3-vi-x-10-vien
Thuốc dùng ngoài Bacterocin điều trị tại chỗ bệnh chốc lỡ, viêm nang lông và mụn mủ (tuýp 5g);47000;Mupirocin 20mg 20mg;;Tuýp;https://www.pharmacity.vn/product/bacterocin-5g
Siro Hedera điều trị ho, viêm phế quản, viêm đường hô hấp (30 gói x 5ml);200000;Cao kho la thuong xuan 0,035g/5ml 0,035g/5ml;TIPHARCO;Hộp;https://www.pharmacity.vn/product/hedera-hop-30-goi-x-5ml
Viên nén Asstrozol 1mg ASSOPHARMA điều trị ung thư vú (2 vỉ x 14 viên);360000;Anastrozol 1mg;ASSOPHARMA;Hộp;https://www.pharmacity.vn/product/asstrozol-assopharma-hop-2-vi-x-14-vien
Siro Destacure 2.5mg/5ml trị viêm mũi dị ứng, mày đay, ngứa (chai 60ml);60000;Desloratadine 2.5mg/5ml 60ml;Gracure Pharmaceuticals, India;Chai;https://www.pharmacity.vn/product/destacure-25mg5ml-60ml
Bột pha uống Ocehepa 3g tăng amoniac trong bệnh xơ gan, tăng cường chức năng gan (14 gói x 5g);301000;L-ornithine-L-aspartate 3g;CT CP hóa dược VN;Hộp;https://www.pharmacity.vn/product/bot-pha-uong-ocehepa-3g-tang-amoniac-trong-benh-xo-gan-tang-cuong-chuc-nang-gan-14-goi-x-5g
Viên nén Tolucombi 80mg/12.5mg điều trị tăng huyết áp (4 vỉ x 7 viên);448000;Telmisartan, Hydrochlorothiazide;YSP Industries;Hộp;https://www.pharmacity.vn/product/tolucombi-80mg125mg4vi-x-7vien
Viên nén bao phim SaVi Irbesartan 150mg điều trị tăng huyết áp (3 vỉ x 10 viên);75000;Irbesartan 150mg;Savi;Hộp;https://www.pharmacity.vn/product/savi-irbesartan-150mg-3vi-x-10vien
Kem bôi ngoài da Furmet điều trị viêm da dị ứng, viêm da tiết bã, hăm da (tuýp 10g);14000;Gentamycin sulphat 10mg, Betamethason dipropionat 6,4mg, Clotrimazol 100mg;Medisun;Tuýp;https://www.pharmacity.vn/product/furmet-cream-10g
Viên nén Levofloxacin 500mg Imexpharm điều trị nhiễm khuẩn (1 vỉ x10 viên);49990;Levofloxacin 500mg;Imexpharm;Hộp;https://www.pharmacity.vn/product/levofloxacin-500-imexpharm-1vi-x10vien
Viên nén Cetirizine Stada 10 mg điều trị triệu chứng viêm mũi dị ứng, mày đay (10 vỉ x 10 viên);4750;Cetirizine dihydrochloride 10mg;STADA;Vỉ;https://www.pharmacity.vn/product/cetirizine-stada-10-mg-10vi-x-10vien
Siro Novocough trị các triệu chứng ho khan (4 vỉ x 5 ống);89000;Levodropropizin 6mg/ml 20 ong;DP Trung uong CPC1;Hộp;https://www.pharmacity.vn/product/novocough-4vi-x-5ong
Viên nang Fluconazole Stada 150 mg điều trị các bệnh nhiễm nấm (1 vỉ x 1 viên);210000;Fluconazole 150mg;STADA;Hộp;https://www.pharmacity.vn/product/fluconazole-stada-150-mg-20vi-x-1vien
Viên nén HASANLOR 5mg điều trị tăng huyết áp, đau thắt ngực (10 vỉ x 10 viên);53000;Amlodipin 5mg;Hasan- Demarpharm;Hộp;https://www.pharmacity.vn/product/hasanlor-tab-5mg-box-100
Viên nén Colchicin 1mg Traphaco điều trị gút, tăng acid uric máu (1 vỉ x 20 viên);22000;Colchicin 1mg;Traphaco;Hộp;https://www.pharmacity.vn/product/colchicin-tab-1mg-box-20
Viên nang Dafrazol 20mg điều trị loét dạ dày, tá tràng, viêm thực quản (hộp 14 viên);20000;Omeprazol 20mg;Traphaco;Hộp;https://www.pharmacity.vn/product/dafrazol-caps-20mg-bttl-14
Thuốc nhỏ mắt Napha Collyre trị mỏi mắt, đỏ mắt, ngứa mắt (chai 8ml);14000;Natri sulphacetami,  Clopheniramin maleat,  Naphazolin nitrat,  Berberin hydroclorid;Nam Ha;Lọ;https://www.pharmacity.vn/product/napha-collyre-drops-eye-8ml-1
Viên ngậm Vita C bổ sung vitamin C tăng sức đề kháng (46 túi x 24 viên);215000;Vitamin C 50mg,Glucose monohydrat 150mg 50mg,150mg;Mekophar;Hộp;https://www.pharmacity.vn/product/vita-c-ngam-46-tui-x-24-vien-ngam-ma-moi
Viên nang Hergamin DHT 140mg điều trị viêm gan, xơ gan 0;329900;Cao khô milk thistle 186mg;Hataphar;Hộp;https://www.pharmacity.vn/product/hergamin-dht-140mg
Siang Pure Oil 7cc (Lốc 6 chai) – Dầu gió giảm đau, thông mũi;30000;Menthol, Pepermint Oil, Cinnamon Oil, Mineral Oil, Camphor, Clove Oil, chất màu.;Siang Pure;Chai;https://www.pharmacity.vn/product/siang-pure-oil-7cc-lo-6-chai-ma-moi
Viên nén Cefuroxim 500mg Vidipha kháng sinh điều trị nhiễm khuẩn (10 vỉ x 10 viên);340000;cefuroxim 500mg;Vidipha;Hộp;https://www.pharmacity.vn/product/cefuroxim-500mg-vidiphar-10vi-x-10vien
Viên nang Procare bổ sung DHA, EPA, vitamin và khoáng chất cho bà bầu (chai 30 viên);329000;Vitamin B6 4,12mg,Vitamin B2 5mg,Vitamin B3 5mg,Vitamin B1 5mg,Vitaminn B12 10mcg,Vitamin C 50mg,Vitamin E 10IU,Vitamin D3 100IU,Calcium pantothenat 5mg,Canxi 46mg,Dunaliella salina 3,34mg,DHA 130mg,EPA 30mg,Folic acid 400mcg,I-ốt 75mcg,ZinC 8mg,Magi 28,5mg,Omega 3 160mg,Pantothenic acid 4,5mg,Sắt 5mg;Catalent;Chai;https://www.pharmacity.vn/product/procare-chai-30vien-ma-moi
Thuốc nhỏ mắt Olevid Merap trị viêm kết mạc dị ứng (chai 5ml);90000;Olopatadin (dưới dạng Olopatadin hydroclorid) 2mg;;Chai;https://www.pharmacity.vn/product/thuoc-nho-mat-olevid-merap-chai-5-ml
Viên nén Medaxetine 500mg kháng sinh điều trị nhiễm khuẩn (1 vỉ x 10 viên);256500;Cefuroxime 500mg;Excl - Dai Nam;Hộp;https://www.pharmacity.vn/product/medaxetine-500mg-1vi-x-10vien
Viên bao phim Insuact 10mg Savi điều trị rối loạn mỡ máu (3 vỉ x 10 viên);18000;Atorvastatin  10mg;Savi;Hộp;https://www.pharmacity.vn/product/insuact-10mg-savi-hop-3-vi-x-10-vien
Viên nén Ambroxol 30mg Boston tiêu nhầy, loãng đàm, giảm ho (3 vỉ x 10 viên);20600;Ambroxol 30mg;Boston;Hộp;https://www.pharmacity.vn/product/ambroxol-boston-hop-3-vi-x-10-vien
Viên nén dài Hapacol Caplet 500mg hạ sốt, giảm đau (10 vỉ x 10 viên);36100;Paracetamol 500 mg;DHG Pharma;Hộp;https://www.pharmacity.vn/product/hapacol-caplets-500mg-hop-10-vi-x-10-vien
Dung dịch uống VITASUN 50MG /500mcg bổ sung sắt, bổ máu (hộp 20 ống);190000;Sắt nguyên tố (dưới dạng phức hợp Sắt (III) hydroxid polymaltose) + Acid folic 50mg + 500mcg;Medisun;Hộp;https://www.pharmacity.vn/product/vitasun-vial-orl-50mg-50010ml-20-hop-20-ong
Thuốc dùng ngoài Locgoda 0,1% trị vảy nến, viêm da dị ứng (tuýp 15g);70000;Mometason furoat 0,015g/15g;Medisun;Tuýp;https://www.pharmacity.vn/product/locgoda-01-hoptube-15g
Mỡ bôi da Menzag giảm viêm và ngứa của bệnh da liễu có đáp ứng với corticosteroid (tuýp 15g);88000;Diflorasone diacetat 7,5mg/15g;Medisun;Tuýp;https://www.pharmacity.vn/product/mo-boi-da-menzag-hop-1-tuyp-15g
Thuốc nhỏ mắt AVISLA mỏi mắt, khô mắt, phòng ngừa các bệnh về mắt (chai 15ml);27900;NATRI CLORID 0,33%;Gia Nguyen;Chai;https://www.pharmacity.vn/product/avisla-drops-eye-15ml-1
Thuốc nhỏ mắt, mũi Polydoxancol Hataphar điều trị các bệnh viêm nhiễm ở mắt và mũi (chai 5ml);6000;DexamethasOn natri phOsphat, NaphazOlin nitrat, ClOramphenicOl 5mG,2,5mG, 25mG;Hataphar;Chai;https://www.pharmacity.vn/product/polydoxancol-drops-eye-chai-5ml
Viên nang Cefalex 500MG điều trị nhiễm khuẩn (10 vỉ x 10 viên);180000;Cefalexin 500mG;Boston;Hộp;https://www.pharmacity.vn/product/cefalex-500mg-10-vi-x-10-vien
Viên nén OPESINKAST 5MG dự phòng và điều trị hen phế quản mạn tính, viêm mũi dị ứng (4 vỉ x 7 viên);126000;MONTELUKAST 5mG;OPV;Hộp;https://www.pharmacity.vn/product/opesinkast-tab-5mg-hop-28-vien
Viên nén Fexophar 180mg trị viêm mũi dị ứng, mày đay (10 vỉ x 10 viên);190000;CEFPODOXIME PROXETIL 180mG;TVPharma;Hộp;https://www.pharmacity.vn/product/fexophar-tab-fc-180mg-10vi-x-10vien-tv-pharma
Thuốc nhỏ mũi Jazxylo 0,05% trị sung huyết mũi, viêm xoang, viêm mũi dị ứng (chai 10ml);11000;XYLOMETAZOLIN 0,05%;Gia Nguyen;Lọ;https://www.pharmacity.vn/product/jazxylo-005-drops-10ml
Viên nén Zhekof 40mg điều trị tăng huyết áp (3 vỉ x 10 viên);35600;Telmisartan 40mg;Davipharm;Hộp;https://www.pharmacity.vn/product/zhekof-40mg-hop-3vi-x10-vien
Bột pha uống Smecta điều trị tiêu chảy, rối loạn tiêu hóa (hộp 10 gói);5000;Disomectite 3g 3g;Ipsen Pharma;Gói;https://www.pharmacity.vn/product/smecta-hop-10-goi
Aminoplasmal Hepa 10% (Hộp 10 chai x 500ml);2200000;Isoleucine,  Leucine ,  Lysine (dưới dạng Lysine Acetate),  Methionine ,  Phenylalanine ,  Threonine ,  Tryptophan ,  Valine , ….......................;B. Braun Indonesia;Hộp;https://www.pharmacity.vn/product/aminoplasmal-hepa-10-hop-10-chai-x-500ml
Dobutane Spray Unison (Chai 60ml);184000;Diclofenac sodium (dưới dạng Diclofenac diethylammonium) 1 g/100 g;Unison Laboratories;Chai;https://www.pharmacity.vn/product/dobutane-spray-unison-chai-60ml
Viên nén Crutit 500mg điều trị nhiễm khuẩn đường hô hấp (2 vỉ x 10 viên);328000;Clarithromycin 500mg;Antibiotice SA;Hộp;https://www.pharmacity.vn/product/crutit-hop-2-vi-x-10-vien
Thuốc xịt mũi Jazxylo 0,1% trị sung huyết mũi, viêm xoang, nghẹt mũi, sổ mũi, hắt hơi (chai 15ml);34600;XYLOMETAZOLIN 0,1%;Gia Nguyen;Hộp;https://www.pharmacity.vn/product/jazxylo-01-spray-adult-15ml
SIMENIC USA - NIC PHARMA (3Vỉx10Viên);164000;Alverin citrat, Simethicone;USA NIC;Hộp;https://www.pharmacity.vn/product/simenic-usa---nic-pharma-3vix10vien
MICOSPRAY 15ML;114400;Miconazole 20mg;Công ty cổ phần Dược phẩm CPC1 Hà Nội;Chai;https://www.pharmacity.vn/product/micospray-15ml
Thuốc bột PEDITRAL phòng và điều trị mất nước và chất điện giải (hộp 10 gói);5500;Dextrose, Kali clorid, Sodium chloride 29.5g;Searle;Gói;https://www.pharmacity.vn/product/peditral-sac-pwd-oran-295g-20
Gliclada 60mg (Hộp 2 vỉ x 15 viên);180000;Gliclazide 60mg;KRKA,D,D;Hộp;https://www.pharmacity.vn/product/gliclada-60mg-hop-2-vi-x-15-vien
Viên nén Acyclovir 800mg Boston trị nhiễm virus thủy đậu và zona, herpes simplex (5 vỉ x 5 viên);100000;ACICLOVIR 800mg;Boston;Hộp;https://www.pharmacity.vn/product/acyclovir-tab-800mg-boston-5vi-x-5vien
Viên nén Apidogrel 75mg phòng ngừa thành lập cục máu đông, huyết khối (3 vỉ x 10 viên);181000;CLOPIDOGREL 75mg;Apimed;Hộp;https://www.pharmacity.vn/product/apidogrel-tab-fc-75mg-hop-30vien
Viên nén phân tán Zelfamox 875mg/125mg DT điều trị nhiễm khuẩn (2 vỉ x 7 viên);251000;Amoxicillin, Clavuclanic 875mg/125mg;Pharbaco (TW1);Hộp;https://www.pharmacity.vn/product/zelfamox-tab-dt-875mg-125-2vix7vien
Viên nén Rostat – 10mg điều trị tăng cholesterol máu, giảm mỡ máu (1 vỉ x 10 viên);92000;Rosuvastatin (dưới dạng Rosuvastatin calci)  10mg;Global Pharma Healthcare Pvt. Ltd;Hộp;https://www.pharmacity.vn/product/rostat-10-hop-10-vi-x-10-vien
Viên nén Menelat 30mg điều trị rối loạn trầm cảm nặng (3 vỉ x 10 viên);147000;Mirtazapine 30mg;Torrent Pharm;Hộp;https://www.pharmacity.vn/product/menelat-30mg-3-vi-x-10-vien
Viên nang LINCOMYCIN 500MG điều trị nhiễm khuẩn (10 vỉ x 10 viên);140000;LINCOMYCIN 500mg;NGHE AN-DNA PHARMA;Hộp;https://www.pharmacity.vn/product/lincomycin-caps-500mg-10vi-x-10vien
Dung dịch uống TAHERO 650MG giảm đau từ nhẹ đến vừa và hạ sốt (20 ống x 10ml);8200;Paracetamol  650mg;Phương Đông;Ống;https://www.pharmacity.vn/product/tahero-650mg-hop-20-ong-x-10ml
SaViProlol Plus HCT 5mg/6,25mg (Hộp (3 vỉ x 10 viên);89990;Bisoprolol fumarate 5mg,  Hydrochlorothiazide 6.25mg;Savi;Hộp;https://www.pharmacity.vn/product/saviprolol-plus-hct-5mg625mg-hop-3-vi-x-10-vien
Dung dịch xịt nấm bàn chân và bẹn VCP Tenafin 1% lọ 20ml;95000;Terbinafine Hydroclorid 10mg;CÔNG TY CỔ PHẦN DƯỢC PHẨM VCP;Hộp;https://www.pharmacity.vn/product/tenafin-1-vcp-spray
GENBAY SUPP VAG 100MG BOX 12;108000;CLOTRIMAZOLE 100mg;FARMAPRIM;Hộp;https://www.pharmacity.vn/product/genbay-supp-vag-100mg-box-12
Gynofar DDVS Phụ Nữ 500ml – Vệ sinh phụ nữ, ngăn ngừa viêm nhiễm;29000;Khong HC Khong HC;Pharmedic;Chai;https://www.pharmacity.vn/product/dung-dich-ve-sinh-phu-nu-Gynofar-500ml
ZY-10 FORTE CAPS 100MG BOX 30;468000;Ubidecarenone 100mg; Indchemie Health Specialities Pvt;Hộp;https://www.pharmacity.vn/product/zy-10-forte-caps-100mg-box-30
Adacast (60 liều) Meraplion;110000;Mometasone furoate 50mcg (0,05%);Merap Group;Chai;https://www.pharmacity.vn/product/adacast-60-lieu-meraplion
Kem bôi da DEXAMETHASONE/CHLORAMPHENICOL (chai 8g);18500;Dexamethason acetat  4mg,  CloramPhenicol  160mg;Roussel;Chai;https://www.pharmacity.vn/product/kem-boi-da-dexamethasonechloramphenicol-chai-8g
Cao Sao Vàng 8G (TW3);15000;Long não, Menthol, Tinh dầu bạc hà, Tinh dầu tràm, Hương nhu trắng, Tinh dầu quế 8g;OPC;Hộp;https://www.pharmacity.vn/product/cao-sao-vang
REAGILA 1.5MG (Hộp 3 vỉ x 10 viên);1957000;Cariprazin 1.5mg;Gedeon Richter;Hộp;https://www.pharmacity.vn/product/reagila-15mg-hop-3-vi-x-10-vien
Viên uống Bilaxten 20mg điều trị viêm mũi dị ứng (5 vỉ x 10 Viên);9600;Bilastine 20mg 20mg;Menarini;Viên;https://www.pharmacity.vn/product/bilaxten-20mg-5-vi-x-10-vien
Hemetrex  2,5mg H100;350000;Methotrexate 2.5mg;Herabiopharm (Việt Nam);Hộp;https://www.pharmacity.vn/product/hemetrex-25mg-h100
Lypstaplus 20/10mg (Hộp 30 viên);14000;Rosuvastatin, Ezetimibe 20mg + 10mg;GLOMED-ABBOTT;Viên;https://www.pharmacity.vn/product/lypstaplus-20-10mg-hop-30-vien
Xịt Mũi Xoang Thái Dương Chai 20ml;64900;;Sao Thai Duong;Chai;https://www.pharmacity.vn/product/xit-mui-xoang-thai-duong-chai-20ml
Enterogermina Gut Defense 2bn/5ml (Hộp 20 ống) – Bổ sung lợi khuẩn, bảo vệ tiêu hóa;174600;Bacillus clausii 2x10^9cfu;Opella VMS;Hộp;https://www.pharmacity.vn/product/enterogermina-gut-defense-2bn-5ml-hop-20-ong
Viên nén Cetirizine Stella 10mg điều trị triệu chứng viêm mũi dị ứng, mày đay (10 vỉ x 10 viên);47900;Cetirizin 10mg;STELLA;Hộp;https://www.pharmacity.vn/product/cetirizine-stella-10mg-10vi-x-10vien
Viên nén Trimetazidin Stella 35mg MR điều trị đau thắt ngực ổn định (6 vỉ x 10 viên);59000;Trimetazidine 25mg 35mg;STELLA;Hộp;https://www.pharmacity.vn/product/trimetazidin-stella-35mg-mr-6vi-x-10vien
Canesten 500mg Hộp 1 Viên (soft capsule);146500;Clotrimazole 500mg;Bayer HealthCare;Hộp;https://www.pharmacity.vn/product/canesten-500mg-hop-1-vien-soft-capsule
Viên nén Acyclovir Stella 400mg trị nhiễm virus thủy đậu và zona, herpes simplex (10 vỉ x 5 viên);125000;Acyclovir 400mg 400mg;STELLA;Hộp;https://www.pharmacity.vn/product/acyclovir-stella-400mg-hop-50-vien
Oxypod 5 OPV (30 vien);254800;Oxybutynin clorid 5mg 5mg;OPV;Hộp;https://www.pharmacity.vn/product/oxypod-5-opv-30-vien
STAMLO-T TAB LAY 40MG /5MG (28 viên);7500;TELMISARTAN,AMLODIPINE 40mg, 5mg;Reddy;Viên;https://www.pharmacity.vn/product/stamlo-t-tab-lay-40mg-5mgbox-28
Ezdixum 40mg (3 vỉ x 10 Viên);7334;Esomeprazol 40mg 40mg;Medisun;Viên;https://www.pharmacity.vn/product/ezdixum-40mg-3-vi-x-10-vien
Ringer lactate 500ml;12400;Mỗi 500ml chứa: Natri clorid 3g,  Kali clorid 0,2g,  Natri lactat 1,6g,  Calci clorid.2H20 0,135g;Fresenius Kabi;Chai;https://www.pharmacity.vn/product/Ringer-lactate-500ml
Viên uống Colchicina seid 1mg phòng ngừa và điều trị cơn gút cấp (2 vỉ x 20 viên);7920;Colchicine 1mg;"Seid; S.A";Viên;https://www.pharmacity.vn/product/colchicina-seid-1mg
Nước cất pha tiêm Bidiphar 10ml (Hộp 50 ống);1690;Nước cất;BIDIPHAR;Ống;https://www.pharmacity.vn/product/nuoc-cat-pha-tiem-bidiphar-10ml-hop-50-ong
SUPVIZYN AMP IM/INF 2ML HDPharma Hop 10 Ong;1570;Vitamin nhom B 50mg/2ml;HD Pharma;Ống;https://www.pharmacity.vn/product/supvizyn-amp-iminf-2ml-hdpharma-hop-10-ong
Benzina 10mg Mediplantex ( Hộp 60 viên);3000;Flunarizin 10mg;Mediplantex;Viên;https://www.pharmacity.vn/product/benzina-10mg-mediplantex-hop-60-vien
Residron 35mg (1 vỉ x 4 viên);244000;Risedronat natri 35mg 35mg;Mega Lifesciences;Hộp;https://www.pharmacity.vn/product/residron-35mg
Viên nén Lixiana 60mg ngăn ngừa đột quỵ hoặc cục máu đông ở những người bị rung nhĩ (2 vỉ x 14 viên);1595000;EDOXABAN 60mg;Daichi Pharma;Hộp;https://www.pharmacity.vn/product/lixiana-tab-60mg-hop-28-vien
Dung dịch truyền tĩnh mạch Glucose 5% B.Braun bù nước, điện giải và carbohydrat (chai 500ml);12500;Glucose 5,5g;B. Braun Indonesia;Chai;https://www.pharmacity.vn/product/dich-truyen-tinh-mach-glucose-5-ep-100ml-bbraun
Viên nén Enaplus HCT Tab 10mg /25mg điều trị tăng huyết áp (3 vỉ x 10 viên);120000;Enalapril, Hydrochlorothiazide;STELLA;Hộp;https://www.pharmacity.vn/product/enaplus-hct-tab-10mg-25mg-3vi-x-10vien
Levothyrox 50mcg (2 vi x 15 vien);42000;"Levothyroxine natri 
 50mcg";Merck Export GMBH;Hộp;https://www.pharmacity.vn/product/levothyrox-50mcg-2-vi-x-15-vien
BIXEBRA TAB F.C 5MG BOX 56;450000;Ivabradin 5mg;KRKA,D,D;Hộp;https://www.pharmacity.vn/product/bixebra-tab-fc-5mg-box-56
Gastevin 30mg (Hop 14 vien);137900;Lansoprazole 30mg;KRKA,D,D;Hộp;https://www.pharmacity.vn/product/gastevin-30mg-hop-14-vien
Telfast HD 180mg (Hộp/30 viên) – Giảm nhanh triệu chứng dị ứng;268000;Fexofenadin 180mg;Sanofi CHC Local;Hộp;https://www.pharmacity.vn/product/telfast-hd-180mg-hop30-vien
Morihepamin Ajinomoto (200ml);121900;L-Isoleucin,  L-Leucin,  L-Lysin acetat,  L-Methionin,  L-Phenylalanin,  L-Threonin,  L-Tryptophan,  L-Valin,  L-Alanin,  L-Arginin,  L-Aspartic acid,  L-Histidin,  L-Prolin,  L-Serin,  L-Tyrosin,  Glycin;Ajinomoto;Túi;https://www.pharmacity.vn/product/morihepamin-ajinomoto-200ml
Dienosis 2mg (Hộp 28 viên);32683;dienogest 2 mg 2mg;Abbott;Viên;https://www.pharmacity.vn/product/dienosis-2mg
Thuốc Ozempic Novo Nordisk trị tiểu đường 0.25mg - 0.5mg;4745000;Semaglutide: 0.5mg 0.5mg;Novo Nordisk A/S;But;https://www.pharmacity.vn/product/thuoc-ozempic-novo-nordisk-tri-tieu-duong-025mg---05mg
Thuốc Becamagne (10 gói);5500;Magnesi lactat dihydrat, Magnesi pidolat, Pyridoxin hydroclorid 186mg, 936mg, 10mg;Excl. Enlie;Gói;https://www.pharmacity.vn/product/thuoc-becamagne-10-goi-
Fudophos Phương Đông (Hộp 30 gói);3900;Sucralfat 1000 mg 1000 mg/5g;Phương Đông;Gói;https://www.pharmacity.vn/product/fudophos-phuong-dong-hop-30-goi
Kem bôi ngoài NIZORAL 2% (Tuýp 15gr);74800;Ketoconazole 20mg 15g;STADA;Tuýp;https://www.pharmacity.vn/product/nizoral-cream-15g-stada
Dipartate Armephaco (50 viên);1160;Magnesi aspartat (dưới dạng Magnesi aspartat .2H2O) 140 mg,  Kali aspartat (dưới dạng Kali aspartat .1/2H2O) 158 mg;Armephaco;Viên;https://www.pharmacity.vn/product/dipartate-armephaco-50-vien
Torendo Q-Tab 1mg Krka điều trị trầm cảm, tâm thần phân liệt cấp và mãn tính (3 vỉ x 10 viên);12300;Risperidona 1mg;KRKA,D,D;Viên;https://www.pharmacity.vn/product/torendo-q-tab-1mg-krka-dieu-tri-tram-cam-tam-than-phan-liet-cap-va-man-tinh-3-vi-x-10-vien
Prevlog RPG (Hộp 100 viên);14420;L-Tryptophan 23mg, L-Histidine 38mg, L-Tyrosine 30mg L-Tryptophan 23mg, L-Histidine 38mg, L-Tyrosine 30mg;RPG Lifesciences Ltd.;Viên;https://www.pharmacity.vn/product/Prevlog-RPG-100-v
Thuốc Amifull 300mg Mediplantex giúp giảm đau lưng, đau khớp, đau cơ (6 vỉ x 10 viên);11550;Cao khô Devil’s Claw (Extractum Harpagophyti siccum) (tương đương với 1050-1500mg rễ cây Devil’s Claw (Harpagophytum procumbens DC. hoặc Harpagophytum zeyheri Decne)) 300mg;Mediplantex;Viên;https://www.pharmacity.vn/product/thuoc-amifull-300mg-mediplantex-giup-giam-dau-lung-dau-khop-dau-co-6-vi-x-10-vien
Equoral 25mg (5 vỉ x 10 viên);12360;Ciclosporin 25mg;Teva Czech Industries;Viên;https://www.pharmacity.vn/product/equoral-25mg-5-vi-x-10-vien
Donaton 20 điều trị rối loạn chức năng cương cứng dương vật (2 vỉ x 2 viên);20000;Tadalafil 20mg;Dong Nam;Viên;https://www.pharmacity.vn/product/donaton-20-dieu-tri-roi-loan-chuc-nang-cuong-cung-duong-vat-2-vi-x-2-vien
Cao dán Salonpas Diclofenac (Hộp 15 túi);45000;Diclofenac sodium 15mg;Salonpas;Túi;https://www.pharmacity.vn/product/cao-dan-salonpas-diclofenac-hop-15-tui
Corbiere Calcium Plus Sanofi 10 ML hỗ trợ tăng cường hấp thu canxi, cho xương chắc khỏe (Hộp 30 ống);218550;"Calci (dưới dạng hỗn hợp Calci lactat và Calci gluconat) 200mg
Vitamin D3 (Cholecalciferol) 2,5mcg
Vitamin K2 dạng MK7 (Menaquinone) 20mcg (tương đương 20 mcg Vitamin K)
 Calci (dưới dạng hỗn hợp Calci lactat và Calci gluconat) 200mg
Vitamin D3 (Cholecalciferol) 2,5mcg
V";Opella VMS;Hộp;https://www.pharmacity.vn/product/calcium-corbiere-plus-10ml-hop-30ong
SavNopain 250;5767;Naproxen 250mg;Savi;Viên;https://www.pharmacity.vn/product/savnopain-250
Viên uống Ixantin Sucs (30 viên);6147;"Táo đỏ, Vitamin B12, Vitamin B1, Vitamin B6 Chiết xuất táo đỏ (Astaxanthin 5%) 	12mg
Vitamin B1 (Thiamin hydrochlorid)	5mg
Vitamin B6 (Pyridoxin";Truong Tho;Viên;https://www.pharmacity.vn/product/vien-uong-ixantin-sucs-30-vien
Dau gio Kimagi Agimexpharm (Hop 10 chai x 6ml);25000;Menthol, Eucalyptol, Paraffin, Methyl salicylate, Camphor, Hương liệu, Ethanol, Chlorophyll. Menthol, Eucalyptol, Paraffin, Methyl salicylate, Camphor, Hương liệu, Ethanol, Chlorophyll.;Agimexpharm;Chai;https://www.pharmacity.vn/product/dau-gio-kimagi-agimexpharm-hop-10-chai-x-6ml
Dextear Eye Drops 200mg/10ml Samchundang (Chai 10ml);49000;Povidone 200 mg/10ml 200 mg/10ml;Samchundang;Chai;https://www.pharmacity.vn/product/
Ameflu Daytime ( Hộp 10 vỉ x 12 viên);168000;Acetaminophen 500mg, Guaifenesin 200mg, Phenylephrine 10mg, Dextromethorphan 15mg 500mg;OPV;Hộp;https://www.pharmacity.vn/product/ameflu-daytime-hop-10-vi-x-12-vien
Arbol-100 1mcg Olive Healthcare (Hop 30 Vien);221000;Alfacalcidol 1mcg 1mcg;Olive Healthcare;Hộp;https://www.pharmacity.vn/product/arbol-100-1mcg-olive-healthcare-hop-30-vien
Hazinta 5mg DHG (Hộp 30 Viên);7090;Linagliptin 5mg;DHG Pharma;Viên;https://www.pharmacity.vn/product/hazinta-5mg-dhg-hop-30-vien
Dexamethasone 4mg/1ml Hai Duong (Hop 50 ong);1040;"Dexamethason phosphat

4mg/ml Dexamethason phosphat

4mg/ml";Duoc VTYT Hai Duong;Ống;https://www.pharmacity.vn/product/dexamethasone-4mg1ml-hai-duong-hop-50-ong
Diprospan Inj (5+2)mg/1ml Organon (Hop 1 Ong);208000;"Betamethasone dipropionate
5mg 5mg, Betamethasone disodium phosphate 2mg 2mg";Organon;Ống;https://www.pharmacity.vn/product/diprospan-inj-52mg1ml-organon-hop-1-ong
Carmotop 50mg S.C Magistra C&C (Hop 30 Vien);4167;Metoprolol tartrat 50mg 50mg;GeneSign - China;Viên;https://www.pharmacity.vn/product/carmotop-50mg-sc-magistra-cc-hop-30-vien
Cebrex 40mg  (Hop 6 Vi x 20 Vien);4333;Ginkgo biloba 40mg;Dr. Willmar Schwabe GmbH & Co;Viên;https://www.pharmacity.vn/product/cebrex-40mg-hop-6-vi-x-20-vien
Lixiana 30mg Daiichi Sankyo (Hop 2 Vi x 14 Vien);56965;Edoxaban 30mg 30mg;Daiichi-Sankyo Co;Viên;https://www.pharmacity.vn/product/lixiana-30mg-daiichi-sankyo-hop-2-vi-x-14-vien
Vitol Merap (Chai 12ml);42000;Sodium Hyaluronate 12ml;Merap Group;Chai;https://www.pharmacity.vn/product/vitol-merap-chai-12ml
Femirat Phil Inter Pharma ( Hộp 100 Viên);4200;Acid folic 0,2mg Acid folic 0,2mg,  Cyanocobalamin 0,1% 1mg  Cyanocobalamin 0,1% 1mg,  Lysine hydrochloride 200mg  Lysine hydrochloride 200mg,  Sắt fumarate 30,5mg  Sắt fumarate 30,5mg;Phil Inter Pharma;Viên;https://www.pharmacity.vn/product/femirat-phil-inter-pharma-hop-100-vien
Glumeform XR 1000mg DHG (3 Vỉ x 10 Viên);66000;Metformin hydroclorid 1000mg;DHG Pharma;Hộp;https://www.pharmacity.vn/product/glumeform-xr-1000mg-dhg-3-vi-x-10-vien
Slandom 8mg SaVi (Hop 30 Vien);5400;Ondansetron 8mg;Savi;Viên;https://www.pharmacity.vn/product/slandom-8mg-savi-hop-30-vien
Palkids 10ml Apimed (Hộp 20 Ống);280000;Mỗi ml chứa: Acid ascorbic 72,4mg 72,4mg,  Calcium carbonat 12,8mg  12,8mg,  Lysin HCl 28,33mg  28,33mg;Apimed;Hộp;https://www.pharmacity.vn/product/palkids-10ml-apimed-hop-20-ong-
Metronidazole  Stella  400mg (2 Vi x 7 Vien);7700;Metronidazole 400mg 400mg;STELLA;Hộp;https://www.pharmacity.vn/product/metronidazole-stella-400mg-2-vi-x-7-vien
Norilan 500mg/20mg Pharpharco (Hop 3 vi x 10 vien);454300;Naproxen (dưới dạng sodium) 500mg Naproxen (dưới dạng sodium) 500mg,  Esomeprazole (dưới dạng magnesium trihydrate) 20mg  Esomeprazole (dưới dạng magnesium trihydrate) 20mg;PHAPHARCO;Hộp;https://www.pharmacity.vn/product/norilan-500mg20mg-pharpharco-hop-3-vi-x-10-vien
Atorlog 20mg (Hộp 30 viên);1333;Atorvastatin 20mg;BIDIPHAR;Viên;https://www.pharmacity.vn/product/atorlog-20mg-hop-30-vien
Irprestan Teva Czech 150mg ( Hop 28 Vien );50000;Irprestan 150Mg 150mg;Teva Pharmaceutial Work Company Pvt;Hộp;https://www.pharmacity.vn/product/irprestan-teva-czech-150mg-hop-28-vien
Bromhexin Actavis 8mg (Hop 20 vien);15500;bromhexin 8mg 8mg;Teva Pharmaceutial Work Company Pvt;Hộp;https://www.pharmacity.vn/product/bromhexin-actavis-8mg-hop-20-vien
Diropam 50mg Enlie (Hộp 2 vỉ x 10 viên);175000;Tofisopam 50mg Tofisopam 50mg;Excl. Enlie;Hộp;https://www.pharmacity.vn/product/diropam-50mg-enlie-hop-2-vi-x-10-vien
Pitamdami 400mg/2mg Phương Đông (Hộp 6 vỉ x 10 viên);540000;Piracetam 400mg, Vincamin 20mg Piracetam 400mg, Vincamin 20mg;Phương Đông;Hộp;https://www.pharmacity.vn/product/pitamdami-400mg-2mg-phuong-dong-hop-6-vi-10-vien
Piascledine 300mg Hyphens Pharma (Hộp 30 viên);390000;Cao toàn phần không xà phòng hóa quả bơ và dầu đậu nành 300mg (Tương ứng: phần không xà phòng hoá dầu quả bơ 100mg,  phần không xà phòng hoá dầu đậu nành 200mg);Hyphens Pharma;Hộp;https://www.pharmacity.vn/product/piascledine-300mg-hyphens-pharma-hop-30-vien
Combo - Hạ sốt ngắn ngày;145998;;;Bộ;https://www.pharmacity.vn/product/combo---ha-sot-ngan-ngay
ZabaVnik 10mg DaVipharm (10 Vỉ x 10 Viên);239000;Baclofen 10mg;Davipharm;Hộp;https://www.pharmacity.vn/product/zabavnik-10mg-davipharm-10-vi-x-10-vien
Heplazar 50mg Herabiopharm (Hộp 100 Viên);800000;Azathioprine 50mg 50mg;Herabiopharm;Hộp;https://www.pharmacity.vn/product/heplazar-50mg-herabiopharm-hop-100-vienc
Kadfer Viên Ngậm (3 Vỉ x 8 Viên);84000;Dequalinium Chloride 0.25mg;Kadfer;Hộp;https://www.pharmacity.vn/product/kadfer-vien-ngam-3-vi-x-8-vien
Vodocat 5mg Usarichpharm (Hộp 3 Vỉ x 10 Viên);6233;Torsemid 5 mg 5 mg;Công ty cổ phần Dược phẩm Phong Phú;Viên;https://www.pharmacity.vn/product/vodocat-5mg-usarichpharm-hop-3-vi-x-10-vien
Tumegas 15ml Hadiphar (Hộp 20 Gói);8100;Bột nghệ Vàng (Rhizoma curcumae longae) 4  4, 5g 5g;Hadiphar;Gói;https://www.pharmacity.vn/product/tumegas-15ml-hadiphar-hop-20-goi
Cordamil 40mg Helcor (Hộp 3 Vỉ x 10 Viên);135000;Verapamil hydroclorid 40mg. 40mg;Helcor;Hộp;https://www.pharmacity.vn/product/cordamil-40mg-helcor-hop-3-vi-x-10-vien-
Durapil Fort 60mg SPM (Hop 10 Vien);130000;Dapoxetine 60mg;SPM;Viên;https://www.pharmacity.vn/product/durapil-fort-60mg-spm-hop-10-vien
Lusefi luseogliflozin 5 mg Taisho (Hộp 100 viên);1750000;Luseogliflozin 5mg;Taisho;Hộp;https://www.pharmacity.vn/product/lusefi-luseogliflozin-5mg-taisho-hop-100-vien
Rilidamin 1mg Hamedi (Hộp 100 Viên);400000;Rilmenidin 1mg 1mg;Ha Nam;Hộp;https://www.pharmacity.vn/product/rilidamin-1mg-hamedi-hop-100-vien
Mimelin Bromelain 20mg Dopharma (Hộp x 60 Viên);489500;Bromelain 20mg Bromelain 20mg;Dopharma;Hộp;https://www.pharmacity.vn/product/mimelin-bromelain-20mg-dopharma-hop-x-60-vien
Salitason 15g VCP (Hộp 1 tuýp);80000;Mỗi 1g mỡ chứa Acid salicylic 50mg,  Mometason furoate 1mg;CÔNG TY CỔ PHẦN DƯỢC PHẨM VCP;Tuýp;https://www.pharmacity.vn/product/salitason-15g-vcp-hop-1-tuyp
Miếng dán giảm đau Pain Away (10 hộp x 2 gói x 12 miếng);300000;Vải không dệt, keo y tế, màng phim, menthol, camphor, methyl salicylate, sáp ong, kẽm Oxide, tinh dầu bạc hà, vitamin E;Công Ty TNHH Dược Phẩm Thiên Ân;Hộp;https://www.pharmacity.vn/product/mieng-dan-giam-dau-pain-away-10-hop-x-2-goi-x-12-mieng
Minaxen 50MG Delorbis (Hộp 3 vỉ x 10 viên);664400;Minocycline hydrochloride 50mg 50mg;Delorbis Pharmaceuticals;Hộp;https://www.pharmacity.vn/product/minaxen-50mg-delorbis-hop-3-vi-x-10-vien
Cataflam 50mg: Giảm đau, kháng viêm mạnh (1 vỉ x 10 viên);54000;Diclofenac 50mg;Novartis;Hộp;https://www.pharmacity.vn/product/thuoc-dieu-tri-ngan-han-cac-trieu-chung-dau-sau-chan-thuong-phau-thuat-cataflam-50mg
Viên nang Lyrica 75mg điều trị đau thần kinh và rối loạn lo âu (4 vỉ x 14 viên);1008000;Pregabalin 75mg;Viatris (Pfizer UpJohn);Hộp;https://www.pharmacity.vn/product/thuoc-chi-dinh-dieu-tri-dau-than-kinh-cho-nguoi-lon-lyrica-75mg-4-vi-x-14-vienhop
Viên giải phóng có kiểm soát Betaloc ZOK 50mg điều trị tăng huyết áp, đau thắt ngực (2 vỉ x 14 viên);163000;Metoprolol Succinat 50mg;Betaloc;Hộp;https://www.pharmacity.vn/product/thuoc-dieu-tri-tang-huyet-ap-dau-that-nguc-betaloc-zok-50mg
Viên nén Pantoloc 40mg viêm thực quản trào ngược (1 vỉ x 7 viên);140000;Pantoprazol 40mg;Nycomed;Hộp;https://www.pharmacity.vn/product/pantoloc-40mg-hop-1-vi-x-7-vien
Viên nang cứng Lipanthyl 200mg Abbott điều trị tăng cholesterol máu, giảm mỡ máu (2 vỉ x 15 viên);261000;Fenofibrat 200mg;Abbott;Hộp;https://www.pharmacity.vn/product/thuoc-dieu-tri-tang-cholesterol-trong-mau-lipanthyl-200mg
Viên nén Diovan 80mg điều trị tăng huyết áp, suy tim (2 vỉ x 14 viên);264600;Valsartan 80mg;Novartis;Hộp;https://www.pharmacity.vn/product/diovan-80-hop-2-vi-x-14-vien
Viên nén Zitromax 500mg điều trị nhiễm khuẩn đường hô hấp (1 vỉ x 3 viên);280000;Azithriomycin 500mg;Pfizer PBG;Hộp;https://www.pharmacity.vn/product/zitromax-tab-500mg-hop-1-vi-x-3-vien
Viên bao tan ở ruột Bisacodyl DHG trị táo bón (4 vỉ x 25 viên);7000;Bisacodyl 5mg;DHG Pharma;Vỉ;https://www.pharmacity.vn/product/bisacodyl-dhg-hop-4-vi-x-25-vien
Viên ngậm Tyrotab sát khuẩn, trị viêm họng (10 vỉ x 8 viên);28000;Tyrothricin 1mg, Tetracain 0.1mg;Pharmedic;Hộp;https://www.pharmacity.vn/product/vien-ngam-sat-trung-cac-benh-o-hong-va-mieng-tyrotab-10-vi-x-8-vien-hop
Thuốc dùng ngoài Biafine trị bỏng độ 1, độ 2, các vết thương ngoài da không nhiễm trùng (tuýp 46.5g);105000;Trolamin 46.5g;Janssen;Tuýp;https://www.pharmacity.vn/product/thuoc-dieu-tri-phong-vet-thuong-ngoai-da-khong-nhiem-trung-biafine-tuyp-46-5g
Dung dịch Betadine Vaginal Douche 10% trị nhiễm trùng, sát trùng âm hộ, âm đạo (chai 125ml);62000;Povidon Iodin 10%/125ml;Betadine;Chai;https://www.pharmacity.vn/product/dung-dich-sat-trung-phu-khoa-dieu-tri-viem-am-dao-betadine-vaginal-douche-125ml
Viên nang Ambroxol 30mg Domesco tiêu nhầy, loãng đàm, giảm ho (10 vỉ x 10 viên);4800;Ambroxol 30mg;Domesco;Vỉ;https://www.pharmacity.vn/product/thuoc-long-dom-tieu-chat-nhay-duong-ho-hap-ambroxol-30mg
Viên nén Ciprobay 500mg điều trị và dự phòng nhiễm khuẩn (1 vỉ x 10 viên);161000;Ciprofloxacin 500mg;Bayer (Others);Hộp;https://www.pharmacity.vn/product/thuoc-dieu-tri-cac-benh-nhiem-trung-co-bien-chung-va-khong-co-bien-chung-ciprobay-500mg
Viên nén Stugeron 25mg điều trị chóng mặt, đau nữa đầu, say tàu xe (25 vỉ x 10 viên);187000;Cinnarizin 25mg;Janssen;Hộp;https://www.pharmacity.vn/product/thuoc-dieu-tri-roi-loan-me-dao-tuan-hoan-ngoai-bien-ngua-say-tau-xe-va-nhuc-nua-dau-stugeron-25mg-250-vien-hop
Viên nén Tardyferon B9 bổ sung sắt, bổ máu (3 vỉ x 10 viên);28834;Sắt 50mg, Vitamin B9 0.35mg;Pierre-Fabre;Vỉ;https://www.pharmacity.vn/product/thuoc-dieu-tri-du-phong-thieu-sat-acid-folic-trong-thoi-ky-co-thai-tardyferon-b9-3-vi-x-10-vienhop
Viên nang Tragutan sát trùng đường hô hấp, giảm đau họng (10 vỉ x 10 viên);6950;Gừng 0.5mg, Eucalyptol 100mg, Menthol 0.5mg;Duoc pham 3/2;Vỉ;https://www.pharmacity.vn/product/thuoc-sat-trung-duong-ho-hap-lam-diu-con-ho-tragutan-10-vi-x-10-vien-hop
Viên nén Pizar 3 điều trị giun (1 vỉ x 4 viên);220000;Ivermectin 3mg;Davipharm;Hộp;https://www.pharmacity.vn/product/thuoc-dieu-tri-benh-giun-chi-pizar-3-1-vi-x-4-vienhop
Khí dung Seretide Evohaler DC 25/250mcg điều trị hen, bệnh phổi tắc nghẽn mãn tính (hộp 120 liều);345000;Salmeterol 25mcg, Fluticason 250mcg;GSK ETC;Lọ;https://www.pharmacity.vn/product/thuoc-dieu-tri-thuong-xuyen-benh-tac-nghen-duong-ho-hap-co-hoi-phuc-benh-phoi-tac-nghen-man-tinh-seretide-evohaler-pwd-25250mcg
Viên nén Lorastad D Stella 5mg điều trị triệu chứng viêm mũi dị ứng, mày đay (3 vỉ x 10 viên);12000;Desloratadin 5mg;STELLA;Vỉ;https://www.pharmacity.vn/product/thuoc-lam-giam-trieu-chung-viem-mui-di-ung-chung-noi-me-day-lorastad-d-5g-3-vi-x-10-vienhop
Viên nén Elthon 50mg điều trị đầy hơi, chướng bụng, ợ nóng, buồn nôn (2 vỉ x 10 viên);120000;Itoprid 50mg;Abbott;Hộp;https://www.pharmacity.vn/product/thuoc-tri-viem-da-day-dau-bung-o-chua-elthon-50mg
Thuốc dùng ngoài Phil Domina trị nám da, sạm da, tàn nhang, nốt ruồi (tuýp 10g);67900;Hydroquinon 10g;Phil Inter Pharma;Tuýp;https://www.pharmacity.vn/product/phildomina-hop-1-tuyp-10g
Viên nén Seroquel XR 200mg điều trị rối loạn lưỡng cực, tâm thần phân liệt (3 vỉ x 10 viên);665000;Quetiapine 200mg;AstraZeneca;Hộp;https://www.pharmacity.vn/product/seroquel-xr-tab-200mg
Viên nén Clorpheniramin Vidipha 4mg điều trị triệu chứng viêm mũi dị ứng, mày đay (10 vỉ x 20 viên);2000;Chlorphenamin 4mg;Vidipha;Vỉ;https://www.pharmacity.vn/product/thuoc-tri-viem-mui-di-ung-va-cac-di-ung-khac-clorpheniramin-4mg
Viên nén Duphaston 10mg lạc nội mạc tử cung, dọa sảy thai, điều hòa kinh nguyệt (1 vỉ x 20 viên);210000;Dydrogesteron 10mg;Abbott;Hộp;https://www.pharmacity.vn/product/thuoc-dieu-tri-dau-bung-kinh-roi-loan-kinh-nguyet-duphaston-10mg
Colchicine stella 1mg (Hộp 2 vỉ x 10 viên);25000;Colchicine 1mg;STELLA;Hộp;https://www.pharmacity.vn/product/thuoc-dieu-tri-con-gut-cap-colchicine-stada-1mg
Thuốc nhỏ mắt Eyelight Cool làm mát, giữ ẩm cho mắt, ngăn ngừa cận thị tiến triển (chai 10ml);20000;Natri chondroitin Sulfate 25mg, Pyridoxine 10g, Borneol 2mg;DHG Pharma;Hộp;https://www.pharmacity.vn/product/eyelight-cool-hop-1-chai-x-10-ml
Povidine Povidon Iod 10% (Hộp 1 chai x 90ml);18000;Povidon Iodin 10%/9ml;Pharmedic;Chai;https://www.pharmacity.vn/product/dung-dich-phu-khoa-povidine-povidon-iod-10-90ml
Thuốc Glucophage 1000mg Merck điều trị đái tháo đường type 2 (2 vỉ x 15 viên);128600;Metfomin 1000mg;Glucophage;Hộp;https://www.pharmacity.vn/product/thuoc-dieu-tri-dai-thao-duong-typ-ii-glucophage-1000mg
Viên nén Glucophage 850mg điều trị đái tháo đường không phụ thuộc insulin (type 2) (5 vỉ x 20 viên);398500;Metfomin 850mg;Glucophage;Hộp;https://www.pharmacity.vn/product/thuoc-dieu-tri-benh-dai-thao-duong-typ-ii-glucophage-850mg
Esomeprazol Stada 20mg (Hộp 2 vỉ x 10 viên);91700;Esomeprazol 20mg;STADA;Hộp;https://www.pharmacity.vn/product/esomeprazol-stada-20mg-2vi-x-10vien
Viên nén bao đường Kim tiền thảo điều trị sỏi đường tiết niệu, sỏi thận (hộp 100 viên);70000;Cao Kim tiền thảo 120mg;OPC;Hộp;https://www.pharmacity.vn/product/thuoc-tri-benh-soi-duong-tiet-nieu-soi-than-kim-tien-thao-100-vien-bao-duonghop
Viên nén Scanax 500mg điều trị và dự phòng nhiễm khuẩn (5 vỉ x 10 viên);60000;Ciprofloxacin 500mg;STELLA;Hộp;https://www.pharmacity.vn/product/thuoc-dieu-tri-cac-benh-nhiem-khuan-nang-du-phong-benh-nao-mo-cau-scanax-500mg-5-vi-x-10-vienhop
Viên nang cứng Clindastad 150mg điều trị nhiễm khuẩn (5 vỉ x 10 viên);54990;Clindamycin 150mg;STELLA;Hộp;https://www.pharmacity.vn/product/thuoc-phong-ngua-viem-mang-trong-tim-hoac-nhiem-khuan-do-phau-thuat-clindastad-150mg
Dầu Khuynh Diệp OPC trị cảm cúm, sổ mũi, nghẹt mũi, chóng mặt, say tàu xe (chai 15ml);49000;Eucalyptol 20,73g;OPC;Chai;https://www.pharmacity.vn/product/dau-gio-khuynh-diep-n-opc
Bột pha uống Cefaclor 125mg Domesco kháng sinh điều trị nhiễm khuẩn (10 gói x 2g);33000;Cefaclor 125mg;Domesco;Hộp;https://www.pharmacity.vn/product/bot-pha-hon-dich-uong-dieu-tri-cac-benh-nhiem-khuan-duong-ho-hap-tiet-nieu-mo-da-cefaclor-125mg-10-goi-x-2ghop
Viên nén bao phim Alaxan giảm các cơn đau cơ xương khớp (10 vỉ x 10 viên);12460;Ibuprofen 325mg, Paracetamol 200mg;Alaxan;Vỉ;https://www.pharmacity.vn/product/thuoc-lam-giam-cac-con-dau-co-va-dau-xuong-alaxan-10-vi-x-10-vien-hop
Viên nén Fugacar 500mg điều trị nhiễm giun (1 vỉ x 1 viên);21000;Mebendazol 500mg;Fugacar;Hộp;https://www.pharmacity.vn/product/thuoc-dieu-tri-nhiem-giun-fugacar-mebendazole-500mg
Viên nén bao đường Methycobal 500mcg điều trị bệnh lý thần kinh ngoại biên (3 vỉ x 10 viên);108000;Mecobalamin 500mcg;Eisai Ltd;Hộp;https://www.pharmacity.vn/product/thuoc-dieu-tri-cac-benh-ly-than-kinh-ngoai-bien-methycobal-500mcg
Viên nang Loperamid 2mg Domesco điều trị triệu chứng tiêu chảy cấp (5 vỉ x 10 viên);4340;Loperamid 2mg;Domesco;Vỉ;https://www.pharmacity.vn/product/thuoc-dieu-tri-tieu-chay-cap-khong-co-bien-chung-o-nguoi-lon-loperamid-2mg
Viên nang Pradaxa 150mg phòng ngừa tai biến, đột quỵ, trị huyết khối tĩnh mạch sâu (3 vỉ x 10 viên);990000;Dabigatran etexilate 150mg;Boehringer Ingelheim;Hộp;https://www.pharmacity.vn/product/pradaxa-150mg
Thuốc bột Augmentin 500mg/62.5mg điều trị nhiễm khuẩn (hộp 12 gói);210000;Acid Clavulanic;GSK ETC;Hộp;https://www.pharmacity.vn/product/thuoc-dieu-tri-cac-benh-nhiem-khuan-duong-ho-hap-cho-tre-em-augmentin-500mg
Refresh Tears 15ml (Chai) – Nước mắt nhân tạo, giữ ẩm cho mắt;82000;Natri Carboxymethylcellulose 0.5%/15ml;Allergan;Chai;https://www.pharmacity.vn/product/thuoc-nho-mat-lam-tron-mat-refresh-tears-15ml
Viên nén Clarityne 10mg trị viêm mũi dị ứng, mày đay, ngứa (1 vỉ x 10 viên);67000;Loratadin 10mg;Bayer HealthCare;Hộp;https://www.pharmacity.vn/product/clarityne-h10vien
Viên nén Ketosteril phòng và điều trị bệnh suy thận mạn (5 vỉ x 20 viên);1550000;Isoleucin, Phenylalanin, Leucin, Valin, L-lysin, Methionin, L-tryptophan, L-threonin, l-tyrosin, L-histidin, Nitrogen;Fresenius Kabi;Hộp;https://www.pharmacity.vn/product/thuoc-du-phong-va-bao-ton-cho-benh-nhan-suy-than-man-tinh-ketosteril-tablets-5-vi-x-20-vien-hop
Natri Clorid nho mat mui Pharmedic - Vệ sinh mắt mũi, thông thoáng (Lốc 10 chai x 10ml);3500;Natri Clorid 0.9%/10ml;Pharmedic;Hộp;https://www.pharmacity.vn/product/natri-clorid-09-chai-10ml
Viên sủi Efferalgan Eff. 500mg – Giảm đau đầu, hạ sốt (4 vỉ x 4 viên);12998;Paracetamol 500mg;Efferalgan;Vỉ;https://www.pharmacity.vn/product/vien-nen-sui-bot-efferalgan-eff-500mg-dieu-tri-dau-dau-dau-rang-sot-nhuc-moi-co-4-vi-x-4-vien
Dầu phật Linh trị cảm cúm, sổ mũi, nghẹt mũi, chóng mặt, say tàu xe (chai 1.5ml);7500;Tinh dầu bạc hà 55ml, Methol 20g, Tinh dầu đinh hương 3ml, Tinh dầu khuynh diệp 2ml, Long não 2g;Dau Phat Linh;Chai;https://www.pharmacity.vn/product/dau-phat-linh-truong-son-hop-1-chai
Cao xoa Bạch hổ hoạt lạc cao khu phong, hoạt lạc, tiêu viêm, chỉ thống (chai 20g);22000;Tinh dầu bạc hà 3.18g, Methol 1.6g, Tinh dầu đinh hương 0.4g, Tinh dầu quế 0.3g, Long não 2.18g, Eucalyptol 0.98g, Methyl salicylat 4g/20g;Cao Bach Ho;Lọ;https://www.pharmacity.vn/product/cao-bach-ho
Thuốc dùng ngoài Gentri-sone trị nhiễm khuẩn, nhiễm nấm, viêm da (tuýp 10g);14000;Betamethason 6.4mg, Gentamicin 10mg, Clotrimazol 100mg;Shin Poong Daewoo VN;Tuýp;https://www.pharmacity.vn/product/gentri-sone-hop-1-tuyp-10-gam
Bột pha uống Exomuc 200mg tiêu chất nhầy trong bệnh nhầy nhớt (30 gói x 1g);6000;Acetylcystein 200mg;Bouchara;Gói;https://www.pharmacity.vn/product/thuoc-dieu-tri-cac-benh-roi-loan-phe-quan-exomuc-acetylcysteine-200mg
Viên nén Alaxan làm giảm đau các cơn đau, hạ sốt (25 vỉ x 4 viên);5240;Paracetamol 325mg, Ibuprofen 200mg;Alaxan;Vỉ;https://www.pharmacity.vn/product/thuoc-dieu-tri-giam-cac-con-dau-co-xuong-nhe-den-trung-binh-nhuc-dau-alaxan-25-vi-x-4-vienhop
Stadovas 5mg CAP Stella (3 vỉ x 10 viên) – Ổn định huyết áp, giảm đau thắt ngực;20200;Amlodipin 5mg;STELLA;Hộp;https://www.pharmacity.vn/product/stadovas-5-cap-hop-3-vi-x-10-vien
Avi-o5 (Tuýp 10g);25000;Retinol 100.000IU, Poly oxide 1.5g;Viet Phuc;Tuýp;https://www.pharmacity.vn/product/kem-duong-da-lien-seo-va-tri-mun-avi-o5-10g
Thuốc nhỏ mắt VRohto Cool mỏi mắt, xung huyết kết mạc, ngứa mắt, ngừa các bệnh về mắt (chai 12ml);57000;HCl, Allantoin, Maleat;Vrohto;Chai;https://www.pharmacity.vn/product/thuoc-nho-mat-tri-moi-mat-do-mat-ngua-mat-v-rohto-cool-12ml
Thuốc nhỏ mắt VRohto Lycee trị mỏi mắt, đỏ mắt, ngứa mắt (chai 13ml);54000;Tetrahydrozolin Hydrochlorid, Zinc Sulfat;Vrohto;Chai;https://www.pharmacity.vn/product/thuoc-nho-mat-tri-do-mat-giam-moi-mat-ngua-mat-v-rohto-lycee-13ml
Viên nang Dudencer 20mg trị trào ngược dạ dày-thực quản, loét đường tiêu hóa (3 vỉ x 10 viên);24000;Omeprazol 20mg;STELLA;Hộp;https://www.pharmacity.vn/product/dudencer-hop-3-vi-x-10-vien
Viên nang Vitamin A 5000IU phòng và điều trị tình trạng thiếu vitamin A (10 vỉ x 10 viên);27000;Retinol 5000IU;Mekophar;Hộp;https://www.pharmacity.vn/product/vitamin-a-5000iu-hop-10-vi-x-10-vien
Viên nang Tetracylin 500mg điều trị nhiễm trùng, bao gồm cả mụn trứng cá (10 vỉ x10 viên);74500;Tetracycline 500mg;Vidipha;Hộp;https://www.pharmacity.vn/product/thuoc-dieu-tri-cac-benh-nhiem-khuan-duong-ho-hap-duong-sinh-duc-tetracylin-500mg
Viên nén No-spa 40mg chống co thắt cơ trơn đường tiêu hóa (5 vỉ x 10 viên);45000;Drotaverin 40mg;Sanofi CHC Local;Hộp;https://www.pharmacity.vn/product/thuoc-dieu-tri-dau-va-co-that-duong-tieu-hoa-no-spa-forte-40mg-hop-5-vi-x-10-vien
Viên nang Ospexin 500mg điều trị nhiễm khuẩn (10 vỉ x 10 viên);315000;Cephalexin 500mg;Imexpharm;Hộp;https://www.pharmacity.vn/product/thuoc-dieu-tri-nhiem-trung-duong-ho-hap-tieu-nieu-ospexin-500mg
Viên nang Celecoxib 200mg trị viêm và giảm đau khớp, đau cấp và đau sau phẫu thuật (3 vỉ x 10 viên);54000;Celecoxib 200mg;Domesco;Hộp;https://www.pharmacity.vn/product/celecoxib-200-hop-3-vi-x-10-vien
Viên nén Medexa 4mg kháng viêm, điều trị viêm thấp khớp, chống dị ứng (10 vỉ x 10 viên);100000;Methyl Prednisolon 4mg;Dexa Medica;Hộp;https://www.pharmacity.vn/product/medexa-4mg-hop-10-vi-x-10-vien
Cao dán Ecosip TATRA giảm đau vai, đau lưng, đau khớp, bong gân (20 gói x 5 miếng);14750;Myrrha 30mg, Bletillae rhizoma 30mg, Rhapontici radix 30mg, Carthamii Flos 30mg, Imicifugae rhizoma 30mg;Ecosip;Gói;https://www.pharmacity.vn/product/cao-dan-thao-duoc-giam-dau-ecosip-tatra-hop-20-goi-x-5-mieng
Thuốc Hoạt Huyết Dưỡng Não bao phim Traphaco điều trị suy giảm trí nhớ (5 vỉ x 20 viên);23000;Cao Đinh lăng 500mg, Cao Bạch quả 62.5mg;Hoat Huyet Duong Nao;Vỉ;https://www.pharmacity.vn/product/thuoc-bo-than-kinh-phong-va-dieu-tri-cac-benh-giam-tri-nho-hoat-huyet-duong-nao-5-vi-x-20-vien-bao-phim
Viên nén Glucophage 500mg điều trị đái tháo đường  (5 vỉ x 10 viên);92500;Metfomin 500mg;Glucophage;Hộp;https://www.pharmacity.vn/product/thuoc-dieu-tri-benh-dai-thao-duong-tuyp-ii-glucophage-500mg-5-vi-x-10-vienhop
Eugica xanh (10 vỉ x 10 viên) – Viên uống thảo dược trị ho, cảm cúm;7300;Gừng 0.5mg, Húng chanh 0.18mg, Eucalyptol 100mg, Menthol  0.5mg;Eugica;Vỉ;https://www.pharmacity.vn/product/thuoc-dieu-tri-cac-chung-ho-dau-hong-so-mui-cam-cum-eugica-10-vi-x-10-vien
Viên nén Orgametril 5mg điều trị đa kinh, rong kinh, trì hoãn kinh nguyệt (1 vỉ x 30 viên);75000;Lynestamol 5mg;Merck Sharp & Dohme;Hộp;https://www.pharmacity.vn/product/thuoc-dieu-tri-roi-loan-kinh-nguyet-rong-kinh-va-rong-huyet-orgametril-5mg-30-vienhop
Dung dịch uống Duphalac 667g/l điều trị táo bón hiệu quả, tăng cường lợi khuẩn ruột (20 gói x 15ml);7500;Lactulose 15ml;Abbott;Gói;https://www.pharmacity.vn/product/thuoc-dieu-tri-tao-bon-duphalac-667g-l-15ml-goi
Viên nang Methionin 250mg Domesco điều trị quá liều paracetamol (chai 100 viên);36000;Methionin 250mg;Domesco;Chai;https://www.pharmacity.vn/product/thuoc-dieu-tri-qua-lieu-paracetamol-khi-khong-co-acetylcystein-methionin-250mg-100-vienchai
Viên nén sủi bọt CalSource 500mg bổ sung calci, ngừa loãng xương, còi xương (tuýp 20 viên);108000;Calcium 500mg;GSK OTC;Chai;https://www.pharmacity.vn/product/vien-sui-ho-tro-va-dieu-tri-tinh-trang-thieu-hut-canxi-calcium-sandoz-500mg
Viên ngậm Strepsils Cool trị đau họng (50 gói x 2 viên);4400;Dichlorobenzyl Alcohol 1.2mg, Amylmetacresol 0.6mg;Strepsils;Gói;https://www.pharmacity.vn/product/vien-ngam-khang-khuan-giam-ho-mat-lanh-strepsils-cool-50-goi-x-2-vienhop
Dung dịch uống Bisolvon Kids 4mg/5ml điều trị ho đờm trong viêm phế quản (chai 60ml);41000;Bromhexin 4mg/5ml;Sanofi CHC Local;Chai;https://www.pharmacity.vn/product/siro-ho-long-dom-bisolvon-kids-60ml
Dung dịch bơm trực tràng Rectiofar Trẻ em trị táo bón (50 ống x 3ml);3500;Glycerin 3ml;Pharmedic;Ống;https://www.pharmacity.vn/product/dung-dich-bom-truc-trang-tri-tao-bon-o-tre-em-rectiofar-3ml
Viên nang Enpovid A,D phòng và điều trị tình trạng thiếu vitamin A, D (10 vỉ x 10 viên);41200;Vitamin A 5000IU, Vitamin D3 400IU;SPM;Hộp;https://www.pharmacity.vn/product/thuoc-bo-sung-vitamin-a-d-phong-benh-nhuyen-xuong-enpovid-ad-10-vi-x-10-vien
Thuốc cốm Montiget 4mg phòng và điều trị suyễn mạn tính (hộp 14 gói);68600;Montelukast 4mg;Getz Pharm;Hộp;https://www.pharmacity.vn/product/montiget-4mg-hop14goi
Viên nén Biotin 5mg rụng tóc, viêm da bong, thiếu hụt vitamin H (2 vỉ x 10 viên);18800;Vitamin H 5mg;Mediplantex;Hộp;https://www.pharmacity.vn/product/thuoc-dieu-tri-cac-benh-thieu-vitamin-h-biotin-5mg-2-vi-x-10-vienhop
Viên nhai Antacil trị viêm loét dạ dày tá tràng, đầy hơi, ợ nóng, tăng tiết acid (25 vỉ x 10 viên);6320;Magnesi Trisilicat, Kaolin, Nhôm Hydroxyd;Thai Nakorn Patana;Vỉ;https://www.pharmacity.vn/product/thuoc-dieu-tri-trieu-chung-dau-viem-loet-da-day-ta-trang-antacil-25-vi-x-10-vienhop
Viên nén OpeCipro 500 mg điều trị và dự phòng nhiễm khuẩn (2 vỉ x 7 viên);45990;Ciprofloxacin 500mg;OPV;Hộp;https://www.pharmacity.vn/product/thuoc-dieu-tri-cac-benh-nhiem-khuan-opecipro-500-2-vi-x-7-vien
Viên nén COTRIMOXAZOLE 400mg/80mg điều trị nhiễm khuẩn (10 vỉ x 10 viên);58000;Sulfamethoxazol;STELLA;Hộp;https://www.pharmacity.vn/product/thuoc-dieu-tri-benh-viem-tai-giua-va-cac-benh-nhiem-khuan-cotrimstada-10-vi-x-10-vienhop
Viên nén Aprovel 150mg điều trị tăng huyết áp (2 vỉ x 14 viên);308000;Irbesartan 150mg;Sanofi GEM;Hộp;https://www.pharmacity.vn/product/thuoc-dieu-tri-tang-huyet-ap-aprovel-150mg
Viên nén Procoralan 5mg điều trị đau thắt ngực ổn định (4 vỉ x 14 viên);599000;Ivabradin 5mg;Servier International;Hộp;https://www.pharmacity.vn/product/thuoc-dieu-tri-trieu-chung-dau-that-nguc-man-tinh-on-dinh-o-benh-nhan-mach-vanh-procoralan-5mg-4-x-14-vienhop
Cốm pha Zinnat Sus 125mg 50ml;127000;Cefuroxime 125mg;Sandoz;Hộp;https://www.pharmacity.vn/product/thuoc-dieu-tri-viem-nhiem-khuan-zinnat-sus-125mg-50ml-thuoc-bot
Viên nén Thyrozol 5mg điều trị cường giáp (10 vỉ x 10 viên);195000;Thiamazol 5mg;Merck Export GMBH;Hộp;https://www.pharmacity.vn/product/thuoc-dieu-tri-cuong-giap-thyrozol-5mg
Thuốc dùng ngoài Fucidin H trị dị ứng và viêm da do nhiễm trùng (tuýp 15g);105000;Hydrocortison 10mg, Acid Fusidic 20mg/15g;Leo Pharma;Hộp;https://www.pharmacity.vn/product/fucidin-h-cream-tuyp-15g
Viên nén Januvia 100mg điều trị đái tháo đường type 2 (2 vỉ x 14 viên);497000;Sitagliptin 100mg;Merck Sharp & Dohme;Hộp;https://www.pharmacity.vn/product/thuoc-ho-tro-che-do-an-kieng-va-van-dong-the-luc-dieu-tri-dai-thao-duong-januvia-tab-100mg-hop-2-vi-x-14-vien
Viên nén Coversyl Plus Arginine 5mg/1.25mg điều trị tăng huyết áp (hộp 30 viên);251000;Perindopril 5mg, Indapamid 1.25mg;Servier International;Lọ;https://www.pharmacity.vn/product/thuoc-dieu-tri-tang-huyet-ap-nguyen-phat-coversyl-plus-arginine-5mg125mg-30-vienhop
Thuốc nhỏ mắt Alegysal trị viêm kết mạc dị ứng (chai 5ml);85000;Pemirolast Kali 0.1% 0.1%/5ml;Santen;Hộp;https://www.pharmacity.vn/product/dung-dich-nho-mat-dieu-tri-viem-ket-mac-di-ung-alegysal-eye-drop-5ml
Thuốc nhỏ mắt Cravit Ophthalmic Solution 0.5% điều trị các bệnh nhiễm khuẩn mắt (chai 5ml);96000;Levofloxacin 0.5%/5ml;Santen;Hộp;https://www.pharmacity.vn/product/dung-dich-nho-mat-cravit-ophthalmic-solution-05-x-5ml
Viên nén Trileptal 300mg điều trị động kinh (5 vỉ x 10 viên);413900;Oxcarbazepine 300mg;Novartis;Hộp;https://www.pharmacity.vn/product/thuoc-dieu-tri-dong-kinh-cuc-bo-trileptal-300mg
Dung dịch khí dung Berodual Sol 20ml điều trị bệnh tắc nghẽn đường hô hấp mạn tính (chai 20ml);98400;Fenoterol 500mcg, Ipratropium Bromid 250mcg/20ml;Boehringer Ingelheim;Hộp;https://www.pharmacity.vn/product/berodual-20ml
Dung dịch khí dung Combivent Unit Dose Vials kiểm soát co thắt phế quản có hồi phục (10 ống x 2.5ml);161700;Salbutamol 3mg, Ipratropium 0.5mg;Boehringer Ingelheim;Hộp;https://www.pharmacity.vn/product/thuoc-dieu-tri-co-that-phe-quan-combivent-unit-dose-vials-25ml
Viên nén Glucovance 500mg/2.5mg điều trị đái tháo đường type 2 (2 vỉ x 15 viên);141000;Metfomin 500mg, Glibenclamid 2.5mg;Merck Export GMBH;Hộp;https://www.pharmacity.vn/product/thuoc-dieu-tri-benh-dai-thao-duong-ype-ii-o-nguoi-lon-glucovance-500mg25mg-2-vi-x-15-vienhop
Viên nén Arcoxia 60mg điều trị viêm và giảm các cơn đau cơ xương khớp (3 vỉ x 10 viên);447000;Etoricoxib 60mg;Arcoxia;Hộp;https://www.pharmacity.vn/product/thuoc-dieu-tri-cac-dau-hieu-va-trieu-chung-thoai-hoa-khop-cap-man-tinh-arcoxia-60mg-3-vi-x-10-vienhop
Thuốc xịt mũi Avamys 27.5mcg trị viêm mũi dị ứng, nghẹt mũi, sổ mũi, hắt hơi (chai 120 liều);239900;Fluticason 27.5 mcg;GSK ETC;Hộp;https://www.pharmacity.vn/product/avamys-fluticasone-furoate-chai-120-lieu-x-275mcg
Dung dịch Povidine 90ml - Pharmedic sát khuẩn da và niêm mạc (chai 90ml);18000;Povidon Iodin 0;Pharmedic;Chai;https://www.pharmacity.vn/product/dung-dich-sat-khuan-povidine-povidon-iod-10-90ml
Viên bao tan ở ruột Ovalax trị táo bón, làm sạch ruột trước và sau phẫu thuật (1 vỉ x 10 viên);8000;Bisacodyl 5mg;Traphaco;Hộp;https://www.pharmacity.vn/product/thuoc-dieu-tri-tao-bon-ovalax-5mg
Viên nén Janumet 50mg/1000mg điều trị đái tháo đường type 2 (4 vỉ x 7 viên);305000;Metfomin 1000mg, Stitagliptin 50mg;Merck Sharp & Dohme;Hộp;https://www.pharmacity.vn/product/thuoc-ho-tro-che-do-an-kieng-va-van-dong-the-luc-kiem-soat-duong-huyet-o-benh-nhan-dai-thao-duong-typ-2-janumet-50mg1000mg
Viên nén Penicilin V Kali 1.000.000 Vidipha điều trị nhiễm khuẩn (10 vỉ x 10 viên);99800;Penicilin 1.000.000IU;Vidipha;Hộp;https://www.pharmacity.vn/product/thuoc-du-phong-va-dieu-tri-cac-nhiem-khuan-gay-ra-boi-vi-khuan-nhay-cam-penicilin-v-kali-1000000iu-10-vi-x-10-vienhop
Viên nén Entecavir Stella 0.5 mg trị viêm gan B mạn tính (3 vỉ x 10 viên);525000;Entecavir 0.5mg;STELLA;Hộp;https://www.pharmacity.vn/product/thuoc-dieu-tri-viem-gan-b-man-tinh-o-nguoi-lon-entecavir-stada-05mg-3-vie-x-10-vienhop
Hỗn dịch nhỏ mắt Nevanac 0,1% điều trị viêm, đau sau phẫu thuật đục thủy tinh thể (chai 5ml);159000;Nepafenac 5mg/5ml;Novartis;Hộp;https://www.pharmacity.vn/product/nevanac-hop-1-lo-x-5ml
Viên nén Carvestad 12.5mg tăng huyết áp, suy tim mạn tính, đau thắt ngực (3 vỉ x 10 viên);45600;Carvedilol 12.5mg;STELLA;Hộp;https://www.pharmacity.vn/product/carvestad-125-h30vien
Viên nang Transamin 250mg điều trị chảy máu do tăng tiêu fibrin (10 vỉ x 10 viên);239000;Acid Tranexamic 250mg;Daiichi-Sankyo Co;Hộp;https://www.pharmacity.vn/product/thuoc-dieu-tri-chay-mau-bat-thuong-trong-sau-phau-thuat-transamin-250mg
Siro Ceelin phòng và trị thiếu vitamin C (chai 120ml);68000;Vitamin C 100mg/5ml;Ceelin;Chai;https://www.pharmacity.vn/product/siro-phong-ngua-va-dieu-tri-thieu-vitamin-c-o-tre-em-va-tre-so-sinh-ceelin-120ml
Thuốc bột uống ORESOL 245 Domesco phòng và điều trị mất nước và chất điện giải (hộp 20 gói);1500;Natri Clorid 520mg, Natri Citrat 580mg, Kali Clorid 300mg, Glucose khan 2.7g;Domesco;Gói;https://www.pharmacity.vn/product/thuoc-dieu-tri-mat-nuoc-do-tieu-chay-o-tre-em-va-nguoi-lon-oresol-245-20-goi-x-41ghop
Viên nén Exforge HCT 5mg/160mg/12.5mg điều trị tăng huyết áp (4 vỉ x 7 viên);520000;Amlodipine 5mg, Valsartan 160mg, Hydrochlorothiazide 12.5mg;Novartis;Hộp;https://www.pharmacity.vn/product/exforge-hct-5mg160mg125mg-4vi-x-7vien
GAYAX 200mg(4 vỉ x 7 viên);263200;Amisulprid 200mg;Other;Hộp;https://www.pharmacity.vn/product/gayax-200mg28vien
Viên nén Metformin Stella 850mg điều trị đái tháo đường type 2 (4 vỉ x 15 viên);57800;Metfomin 850mg;STELLA;Hộp;https://www.pharmacity.vn/product/thuoc-dieu-tri-benh-dai-thao-duong-typ-2-metformin-stada-850mg-4-vi-x-15-vienhop
Viên nén Trimetazidin STELLA 20mg điều trị đau thắt ngực ổn định (2 vỉ x 30 viên);32800;Trimetazidin 20mg;STELLA;Hộp;https://www.pharmacity.vn/product/trimetazidine-stella-20-mg-hop-2-vi-x-30-vien
Viên nang Ampelop trị viêm loét dạ dày, hành tá tràng (9 vỉ x 10 viên);16667;Cao chè dây 625mg;Traphaco;Vỉ;https://www.pharmacity.vn/product/ampelop-traphaco-h90v
Viên nén Glucophage XR 1000mg điều trị đái tháo đường type 2 (3 vỉ x 10 viên);168200;Metfomin 1000mg;Glucophage;Hộp;https://www.pharmacity.vn/product/glucophage-xr-1000mg-hop-3-vi-x-10-vien
Viên nén bao đường Berberin 10mg trị lỵ trực khuẩn, lỵ amip, viêm ruột, tiêu chảy (chai 100 viên);12000;Berberin 10mg;Pharimexco;Chai;https://www.pharmacity.vn/product/berberin-10mg-chai-100v-pharimexco
Viên nang Pharmox 500mg điều trị nhiễm khuẩn (10 vỉ x10 viên);229000;Amoxicillin 500mg;Imexpharm;Hộp;https://www.pharmacity.vn/product/pharmox-500mg-10vi-x10vien
Hỗn dịch uống Nurofen Children 100mg/5ml giảm đau, hạ sốt (chai 60ml);60000;Ibuprofen 100mg/5ml/60ml;Reckitt Benckiser;Hộp;https://www.pharmacity.vn/product/thuoc-ha-sot-lam-giam-dau-cho-tre-em-nurofen-for-children-orange-60ml
Thuốc tím;11000;Potassium permanganate 0.01%w/w;Nam Viet;Gói;https://www.pharmacity.vn/product/thuoc-tim
Viên nang Liverton 70mg điều trị viêm gan, xơ gan (10 vỉ x 10 viên);16800;"Silymarin 
 70mg";Pymepharco;Vỉ;https://www.pharmacity.vn/product/thuoc-dieu-tri-benh-gan-liverton-70-10-vi-x-10-vienhop
Viên nén Mexcold 500mg giảm đau từ nhẹ đến vừa và hạ sốt (10 vỉ x10 viên);5000;Paracetamol 500mg;Imexpharm;Vỉ;https://www.pharmacity.vn/product/thuoc-giam-dau-ha-sot-mexcold-500mg-10-vi-x-10-vien-hop
Imexime 100mg (Hop12goi) - Imexpharm;80000;Cefixime 100mg;Imexpharm;Hộp;https://www.pharmacity.vn/product/imexime-100mg-hop12goi-imexpharm
Viên nén Topbrain tăng cường tuần hoàn não, tăng cường trí nhớ, giảm stress (6 vỉ x 10 viên);368900;Ginkgo biloba 40mg, Magnesium 48mg, Pyridoxine 5mg;BV Pharma;Hộp;https://www.pharmacity.vn/product/topbrain-hop-6vi-x-10vien
Mỡ tra mắt Maxitrol điều trị tình trạng đáp ứng với corticoid ở mắt (tuýp 3.5g);55000;Dexamethason 1mg, Neomycin 3500IU, Polymyxin B 6000IU;Novartis;Hộp;https://www.pharmacity.vn/product/oos-by-ncc-maxitrol-oint-tube-35g
Viên nang Sâm nhung bổ thận TW3 dưỡng huyết tư âm, bổ thận, cố tinh (hộp 30 viên);155000;Hoài sơn, Nhung hươu, Nhân sâm, Bạch linh, Bạch truật, Liên nhục, Bách hợp, Ba kích, Trạch tả, Xuyên khung, Cam thảo, Nhục thung dung, Thỏ ty tử, Viễn chí, Đơn quy, Thục địa, Đỗ trọng, Cẩu tích, Đảng sâm, Tục đoạn, Hà thủ ô đỏ, Câu kỷ tử, Cao ban long;Foripharm (TW3);Hộp;https://www.pharmacity.vn/product/sam-nhung-bo-than-tw3-hop-30-vien
Viên nén Mekocetin 0.5mg kháng viêm, điều trị viêm thấp khớp, chống dị ứng (5 vỉ x 20 viên);16900;Betamethason 0.5mg;Mekophar;Hộp;https://www.pharmacity.vn/product/thuoc-khang-viem-mekocetin-05mg-5-vi-x-20-vienhop
Griseofulvin 5% (Hộp 1 tuýp nhôm x 10g);8500;Griseofulvin,Tá dược 500mg;Mekophar;Tuýp;https://www.pharmacity.vn/product/griseofulvin-5-hop-1-tuyp-nhom-x-10g
Thuốc nhỏ mắt, tai Polydeson điều trị viêm kết mạc, viêm mũi dị ứng, viêm tai ngoài (chai 5ml);50000;Neomycin 32.5mg, Dexamethason 5.5mg;Vidipha;Lốc;https://www.pharmacity.vn/product/thuoc-nho-mat-mui-tai-dieu-tri-cac-benh-viem-va-nhiem-trung-polydeson-5ml
Relestat 5Ml;90000;Epinastine hydrochloride 0.05%w/w;Allergan;Hộp;https://www.pharmacity.vn/product/relestat-5ml
Viên nén Galvus Met 50mg/850mg điều trị đái tháo đường type 2 (6 vỉ x 10 viên);580000;Metfomin 50mg, Vildagliptin  850mg;Novartis;Hộp;https://www.pharmacity.vn/product/thuoc-dieu-tri-dai-thao-duong-typ-2-galvus-met-50mg850mg-6-vi-x-10-vienhop
V.Rohto Vitamin (Lọ 13ml) – Vitamin cho mắt sáng khỏe, giảm mỏi;55000;Potassium L-Asparatate,Pyridoxine Hydrochloride,Sodium Chondroitin Sulfate,d-a-Tocopherol Acetate,Chlorpheniramine Maleate 130,0 mg/13,0 mg/13,0 mg/6,5 mg/3,9 mg,;Vrohto;Hộp;https://www.pharmacity.vn/product/thuoc-nho-mat-ho-tro-cai-thien-tinh-trang-giam-thi-luc-mat-mo-do-tiet-dich-v-rohto-vitamin-13ml
Dầu mù u Minh Hải (10ml);8300;Dau mu u 5.4ml, Mo tran 2.7ml, Menthol 0.005g;Minh Hai;Chai;https://www.pharmacity.vn/product/dau-mu-u-10ml-minh-hai
Hỗn dịch uống Gellux 15g trị viêm loét dạ dày, tá tràng trào ngược dạ dày thực quản (20 gói x 15g);3200;Sucralfat 1g;Davipharm;Gói;https://www.pharmacity.vn/product/thuoc-dieu-tri-viem-loet-da-day-ta-trang-gellux-hop-20-goi-x-15g
Viên nang Tydol codeine 500mg/8mg giảm đau cấp tính ở mức độ trung bình (10 vỉ x 10 viên);14000;Paracetamol 500mg, Codeine phosphate 8mg;OPV;Vỉ;https://www.pharmacity.vn/product/thuoc-dieu-tri-dau-do-ung-thu-dau-nhuc-xuong-tydol-codeine-10-vi-x-10-vienhop
Thuốc nhỏ mắt, tai Nemydexan điều trị viêm kết mạc, viêm mũi, viêm tai ngoài (chai 8ml);26000;Neomycin 27.200IU, Dexamethasone 8mg;Thien Thanh Pharma;Hộp;https://www.pharmacity.vn/product/thuoc-dieu-tri-mat-tai-mui-hong-nemydexan-8ml
Thuốc phun mù Lidocaine 10% gây tê tại chỗ ở niêm mạc (chai 38g);478400;"Lidocain HCL
 10%/38g";Egis Pharma;Hộp;https://www.pharmacity.vn/product/thuoc-gay-te-tai-cho-o-niem-mac-lidocain-10-38g
Fleet enema for children (Chai 66ml);64000;Monobasic Natri Phosphat 9.5g, Dibasic Natri Phosphate 3.5g/59ml;Fleet Laboratories;Hộp;https://www.pharmacity.vn/product/fleet-enema-66ml-for-children
Viên nén bao phim Amilavil 10mg điều trị trầm cảm, đau thần kinh, đau nửa đầu (4 vỉ x 15 viên);32000;Amitriptylin 10mg;Hasan- Demarpharm;Hộp;https://www.pharmacity.vn/product/amilavil-10mg-hop-4-vi-x-15-vien
Siro Ambroco 15mg/5ml làm loãng chất nhầy (hoặc đàm) và làm tăng thanh thải chất nhầy (chai 60ml);38000;Ambroxol 15mg/5ml;United Pharma;Chai;https://www.pharmacity.vn/product/siro-tan-dam-dieu-tri-cac-benh-ho-hap-cap-va-man-tinh-ambroco-60ml
Viên nén Ciclevir 400 Glomed trị nhiễm virus thủy đậu và zona, herpes simplex (10 vỉ x 5 viên);191900;Aciclovir 400mg;GLOMED-ABBOTT;Hộp;https://www.pharmacity.vn/product/ciclevir-400mg-hop-10-vi-x-5-vien
Viên nén Forxiga 10 mg điều trị đái tháo đường type 2 (2 vỉ x 14 viên);560000;Dapagliflozin 10mg;AstraZeneca;Hộp;https://www.pharmacity.vn/product/thuoc-dieu-tri-dai-thao-duong-typ-2-forxiga-tab-10-mg-hop-28-vien
Viên nang Mecaflu Forte hỗ trợ sát trùng đường hô hấp (10 vỉ x 10 viên);8300;Eucalyptol, Tinh dầu tràm, Menthol, Tinh dầu tần 100 mg,  50 mg, 0,5 mg, 0,36 mg;Gonsa;Vỉ;https://www.pharmacity.vn/product/thuoc-dieu-tri-cac-chung-ho-dau-hong-cam-cum-mecaflu-forte-hop-10-vi-x-10-vien
Viên nén Mazzgin DHG điều trị các trường hợp thiếu Magnesi (10 vỉ X 10 viên);50400;Magnesi Lactat Dihydrat 470mg, Vitamin B6 5mg;DHG Pharma;Hộp;https://www.pharmacity.vn/product/mazzgin-DHG-hop-10-vi-x-10-vien
Viên nén Fatodin 40mg trị viêm loét dạ dày, trào ngược dạ dày thực quản (10 vỉ X 10 viên);77000;Famotidin 40mg;DHG Pharma;Hộp;https://www.pharmacity.vn/product/fatodin-40-hop-10-vi-x-10-vien
Viên nén Glotadol Flu trị các triệu chứng ho cảm thông thường (10 vỉ x 10 viên);130000;"Paracetamol
, Dextromethorphan HBr, 
Phenylephrin HCl, 
Guaifenesin";GLOMED-ABBOTT;Hộp;https://www.pharmacity.vn/product/thuoc-ha-sot-long-dam-glotadol-flu-hop-10-vi-x-10-vien
Viên nang Droxicef 500mg điều trị nhiễm khuẩn đường tiểu, da, viêm họng (10 vỉ x 10 viên);219000;Cefadroxil 500mg;Pymepharco;Hộp;https://www.pharmacity.vn/product/thuoc-dieu-tri-nhiem-khuan-droxicef-500mg-10-vi-x-10-vien-hop
Dầu Khuynh Diệp Mekophar trị cảm cúm, sổ mũi, nghẹt mũi, chóng mặt, say tàu xe (chai 25ml);65000;Eucalyptol 20,73g;Mekophar;Chai;https://www.pharmacity.vn/product/dau-khuynh-diep-mekophar-chai-25ml
Thuốc nhỏ mũi Naphazoline trị sung huyết mũi, nghẹt mũi, sổ mũi, hắt hơi (chai 5ml);3800;Naphazolin HCl 2,5mg 0.05%/15ml;Danapha;Chai;https://www.pharmacity.vn/product/thuoc-nho-mui-dieu-tri-nghet-mui-so-mui-naphazoline-005-lo-5ml
Siro ho Bạch Ngân PV Plus bổ phổi - nhuận phế, giảm ho và giảm đờm (chai 125ml);66000;Tử tô tử  3g, Bách bộ 3g, Tang bạch bì 3g;Duoc Phuc Vinh;Chai;https://www.pharmacity.vn/product/siro-tri-ho-bach-ngan-pv-100ml
Momate 15g (Hộp 1 tuýp);58000;Mometason 0.1%/15g;Glenmark;Tuýp;https://www.pharmacity.vn/product/momate-15g
Thuốc mỡ Neciomex điều trị viêm da, dị ứng da và ngứa (tuýp 10g);12000;Neomycin 0.35%, Triamcinolon 0.1%/10g;Medipharco- Tenamyd;Tuýp;https://www.pharmacity.vn/product/thuoc-mo-boi-da-dieu-tri-benh-cham-viem-da-neciomex-10g
Thuốc dùng ngoài Medskin Acyclovir trị trường hợp nhiễm virus herpes simplex trên da (tuýp 5g);18500;Acyclovir 0.05;DHG Pharma;Tuýp;https://www.pharmacity.vn/product/thuoc-dieu-tri-nhiem-trung-herpes-simplex-tren-da-medskin-acyclovirtuyp-5g
Thuốc bột Mitux 200mg điều trị đờm nhầy đường hô hấp (24 gói x 1.5g);1250;Acetylcystein 200mg;DHG Pharma;Gói;https://www.pharmacity.vn/product/thuoc-tieu-chat-nhay-trong-dieu-tri-benh-duong-ho-hap-mitux-acetylcystein-200mg-hop-24-goi
Viên nén Rovas 3M. IU điều trị nhiễm khuẩn đường răng miệng (2 vỉ x 5 viên);47000;Spiramicin 3.000.000IU;DHG Pharma;Hộp;https://www.pharmacity.vn/product/rovas-3m-hop-2-vi-x-5-vien
Viên nén Dorotril-H 20mg/12,5mg điều trị tăng huyết áp (2 vỉ x 14 viên);98000;Lisinopril 20mg, Hydrochlorothiazid 12.5mg;Domesco;Hộp;https://www.pharmacity.vn/product/dorotril-h-hop-2-vi-x-14-vien
Viên nén Telmisartan 40mg Stella điều trị tăng huyết áp (3 vỉ x 10 viên);90000;Telmisartan 40mg;STELLA;Hộp;https://www.pharmacity.vn/product/thuoc-dieu-tri-tang-huyet-ap-phong-ngua-benh-tim-mach-telmisartan-stada-40mg-3-vi-x-10-vienhop
Viên nén Propain 500mg điều trị viêm khớp, gout cấp (10 vỉ x 10 viên);499000;Naproxen 500mg;Remadica;Hộp;https://www.pharmacity.vn/product/propain-500mg-10-vi-x-10-vienhop
Viên nén Hepbest 25mg trị viêm gan B mạn tính (hộp 30 viên);858000;Tenofovir 25mg;Mylan;Hộp;https://www.pharmacity.vn/product/hepbest-25mg-hop-30-vien
Cồn xoa bóp Eagle điều trị thấp khớp, nhức mỏi, bong gân (chai 50ml);37000;Ô đầu 500mg, Địa liền 500mg, Đại hồi 500mg, Quế nhục 500mg, Thiên niên kiện 500mg, Uy linh tiên 500mg, Mã tiền 500mg, Huyết giác 500mg, Xuyên khung 500mg, Methyl Salicylat 5ml;OPC;Chai;https://www.pharmacity.vn/product/con-xoa-bop-chai-xit-50ml
Viên nén Cefprozil 500mg-US kháng sinh điều trị nhiễm khuẩn (1 vỉ x 10 viên);219990;Cefprozil 500mg;US Pharma;Hộp;https://www.pharmacity.vn/product/cefprozil-500-us-1-vi-x-10-vienhop
Viên nén Agifuros 40mg điều trị tăng huyết áp, phù phổi cấp, tăng calci huyết (10 vỉ x 25 viên);80000;Furosemid 40mg;AGIPHARM;Hộp;https://www.pharmacity.vn/product/agifuros-40mg-10-vi-x-25-vienhop
Viên nang Agirenyl 5000IU phòng và điều trị tình trạng thiếu vitamin A (10 vỉ x 10 viên);31000;Retinyl Acetat 5000IU;AGIPHARM;Hộp;https://www.pharmacity.vn/product/thuoc-du-phong-va-dieu-tri-trieu-chung-thieu-vitamin-a-agirenyl-5000iu-10-vi-x-10-vien-hop
Viên nén Risdontab 2mg điều trị tâm thần phân liệt cấp và mãn tính (5 vỉ x 10 viên);125000;Risperidon 2mg;Danapha;Hộp;https://www.pharmacity.vn/product/risdontab-2mg-5-vi-x-10-vienhop
Dung dịch uống A.T Desloratadin 2.5mg trị viêm mũi dị ứng, mày đay, ngứa (30 ống x 5ml);3700;Desloratadin 2.5mg/5ml;An Thien;Ống;https://www.pharmacity.vn/product/thuoc-dieu-tri-viem-mui-di-ung-may-day-ngua-a-t-desloratadin-2-5mg-hop-30-ong-x-5ml
Viên nén GLUMEBEN 500mg/5mg điều trị đái tháo đường type 2 (3 vỉ x 10 viên);77000;Metfomin 500mg, Glibenclamid 5mg;DHG Pharma;Hộp;https://www.pharmacity.vn/product/gliritdhg-500mg5mg-hop-3-vi-x-10-vien
Viên nang Cefbuten 200mg kháng sinh điều trị nhiễm khuẩn (1 vỉ x 10 viên);360000;Ceftibuten 200mg;Amvi;Hộp;https://www.pharmacity.vn/product/cefbuten-200mg-1-vi-x-10-vienhop
Viên nén Spas-agi 40mg chống co thắt cơ trơn đường tiêu hóa (3 vỉ x 10 viên);15000;Alverin citrat 40mg;AGIPHARM;Hộp;https://www.pharmacity.vn/product/thuoc-chong-dau-do-co-that-co-tron-o-duong-tieu-hoa-spas-agi-40mg-3-vi-x-10-vien-hop
Viên nén Dorover 4mg điều trị tăng huyết áp, suy tim (1 vỉ x 30 viên);90000;Perindopril 4mg;Domesco;Hộp;https://www.pharmacity.vn/product/dorover-4mg-1-vi-x-30-vienhop
Viên nén Ezvasten 20mg/10mg điều trị tăng cholesterol máu, phòng ngừa bệnh tim mạch (4 vỉ x 7 viên);249500;Atorvastatin 20mg, Ezetimibe 10mg;Davipharm;Hộp;https://www.pharmacity.vn/product/ezvasten-20mg10mg-4-vi-x-7-vienhop
Viên nang Long Huyết P/H điều trị sưng đau, bầm tím, phù nề, chấn thương do va đập (2 vỉ x 12 viên);23500;Cao khô tinh chế 0,28g;Dong Duoc Phuc Hung;Vỉ;https://www.pharmacity.vn/product/thuoc-dieu-tri-bam-tim-mau-lanh-vet-thuong-long-huyet-p-h-2-vi-x-12-vien-hop
Thuốc cốm Livact Granules cải thiện tình trạng giảm albumin máu (84 gói x 4.15g);3355000;Isoleucine, Leucine, Valine 4,15g;Ajinomoto;Hộp;https://www.pharmacity.vn/product/livact-granules-415g-hop-84-goi
Viên nén Kuplevotin 25mg điều trị rối loạn tiêu hóa chức năng (3 vỉ x 10 viên);69000;Levosulpirid 25mg;Korea United Pharm;Hộp;https://www.pharmacity.vn/product/kuplevotin-25mg-3-vi-x-10-vienhop
Viên nén Ginkgo 3000 điều trị suy tuần hoàn não (6 vỉ x 15 viên);562000;Ginkgo biloba 3000mg;Natocare;Hộp;https://www.pharmacity.vn/product/thuoc-dieu-tri-suy-giam-tuan-hoan-mau-ginkgo-3000-6-vi-x-15-vienhop
Viên nang Ubiheal 200mg trị các rối loạn cảm giác do bệnh thần kinh đái tháo đường (5 vỉ x 6 viên);251800;Alpha Lipoic Acid 200mg;Nam Ha;Hộp;https://www.pharmacity.vn/product/thuoc-tang-he-mien-dich-va-ho-tro-dieu-tri-benh-ubiheal-200-hop-5-vi-x-6-vien
Dung dịch dùng ngoài Cồn BSI Hải Dương điều trị hắc lào, nấm da (chai 20ml);6200;Acid benzoic 0.36g, Acid salicylic 0.36g, Iod 0.36g, Kali iodid 0.36g;Duoc VTYT Hai Duong;Lọ;https://www.pharmacity.vn/product/con-bsi-dieu-tri-hac-lao-nam-da-20ml
Viên nén Acenocoumarol 1mg điều trị và ngăn ngừa bệnh nghẽn mạch (3 vỉ x 10 viên);81000;Acenocoumarol 1mg;SPM;Hộp;https://www.pharmacity.vn/product/acenocoumarol-1mg-3-vi-x-10-vienhop
Viên nang CEFADROXIL EG 500mg điều trị nhiễm khuẩn đường tiểu, da, viêm họng (10 vỉ x 10 Viên);350000;Cefadroxil 500mg;Pymepharco;Hộp;https://www.pharmacity.vn/product/cefadroxil-eg-500mg-10-vi-x-10-vienhop
Viên nén Nifehexal LA 30mg điều trị tăng huyết áp, đau thắt ngực (3 vỉ x 10 viên);119400;Nifedipin 30mg;Sandoz;Hộp;https://www.pharmacity.vn/product/nifehexal-30-la-3-vi-x-10-vienhop
Viên giải phóng có kiểm soát Panfor SR 1000mg điều trị đái tháo đường type 2 (5 vỉ x 20 viên);190000;Metfomin 1000mg;Mega Lifesciences;Hộp;https://www.pharmacity.vn/product/panfor-sr-1000-5-vi-x-20-vienhop
Viên nén Halixol 30mg tiêu nhầy, loãng đàm, giảm ho (2 vỉ x 10 viên);19450;Ambroxol HCl 30mg;Egis Pharma;Vỉ;https://www.pharmacity.vn/product/halixol2vix10vien
Viên nén phân tán Anaferon (for children) 3mg tăng cường miễn dịch (1 vỉ x 20 viên);109500;Các kháng thể gắn với interferon gamma ở người 3mg;Anaferon;Hộp;https://www.pharmacity.vn/product/anaferon-for-children-hop-1-vi-x-20-vien
Viên nén Bisoplus HCT 5mg/12.5mg điều trị tăng huyết áp (3 vỉ x 10 viên);69000;Bisoprolol 5mg,  Hydroclorothiazid 12.5mg;STELLA;Hộp;https://www.pharmacity.vn/product/bisoplus-5mg125mg-3-vi-x-10-vienhop
Viên nén sủi bọt Sovepred 5mg kháng viêm, điều trị viêm thấp khớp, chống dị ứng (chai 30 viên);137900;Prednisolon 5mg;Mekophar;Chai;https://www.pharmacity.vn/product/sovepred-5mg-chai-30-vien
Viên nén Milurit 300mg điều trị bệnh gút (chai 30 viên);117000;Allopurinol 300mg;Egis Pharma;Chai;https://www.pharmacity.vn/product/milurit-300-chai-30-vien
Viên nén Efodyl 500mg kháng sinh điều trị nhiễm khuẩn (2 vỉ x 10 viên);268000;Cefuroxim 500mg;Xypenat;Hộp;https://www.pharmacity.vn/product/efodyl-500-hop-2-vi-x-10-vien
Codepect (Hộp 10 vỉ x 10 viên);13900;Glyceryl guaiacolat 100mg 100mg, Codeine phosphat 10mg 10mg;Mega Lifesciences;Vỉ;https://www.pharmacity.vn/product/codepect-100mg-10-vi-x-10-vien
Viên nén Cimetidin 300mg trị viêm loét, trào ngược dạ dày thực quản (10 vỉ x 10 viên);99000;Cimetidin 300mg;Mekophar;Hộp;https://www.pharmacity.vn/product/cimetidine-mkp-300mg-10-vi-x-10-vienhop
Viên nén Zaromax 250mg điều trị nhiễm khuẩn đường hô hấp (10 vỉ x 6 viên);187500;Azithriomycin 250mg;DHG Pharma;Hộp;https://www.pharmacity.vn/product/azithromycin-250-hop-10-vi-x-6-vien
Viên nén Nasrix 20mg điều trị tăng cholesterol máu, giảm mỡ máu (4 vỉ x 7 viên);125000;Simvastatin 20mg;Davipharm;Hộp;https://www.pharmacity.vn/product/thuoc-dieu-tri-ha-thap-cholesterol-xau-va-chat-beo-nasrix-20mg-4-vi-x-7-vien
Viên nang Celosti 200mg điều trị viêm và giảm các cơn đau khớp (2 vỉ x 10 viên);57200;Celecoxib 200mg;DHG Pharma;Hộp;https://www.pharmacity.vn/product/celosti-200-hop-2-vi-x-10-vien
Viên nén Mebilax 7.5mg kháng viêm, giảm đau cơ xương khớp, viêm khớp dạng thấp (2 vỉ x 10 viên);15400;Meloxicam 7.5mg;DHG Pharma;Hộp;https://www.pharmacity.vn/product/mebilax-75-hop-2-vi-x-10-vien
Viên nén TV-Cefuroxime 250mg kháng sinh điều trị nhiễm khuẩn (2 vỉ x 10 viên);97900;Cefuroxim 250mg;TVPharma;Hộp;https://www.pharmacity.vn/product/tvcefuroxime-250mg-2-vi-x-10-vienhop
Viên tan trong ruột Pantoprazol 40mg điều trị viêm loét dạ dày tá tràng (2 vỉ x 7 viên);45500;Pantoprazol 40mg;Domesco;Hộp;https://www.pharmacity.vn/product/pantoprazol-40mg-hop-2-vi-x-7-vien
Viên nén Bilodin 10mg trị viêm mũi dị ứng, mày đay, ngứa (10 vỉ x 10 viên);4200;Loratadin 10mg;BIDIPHAR;Vỉ;https://www.pharmacity.vn/product/bilodin-10mg-10-vi-x-10-vien
Viên nén Miaryl 4mg điều trị bệnh đái tháo đường type 2 (10 vỉ x 10 viên);119000;Glimepirid 4mg;Hasan- Demarpharm;Hộp;https://www.pharmacity.vn/product/miaryl-4mg-10-vi-x-10-vienhop
Thuốc cốm Cảm xuyên hương trị các triệu chứng ho cảm thông thường (hộp 20 gói);3375;Xuyên khung 132 mg 132mg,  Bạch chỉ 165 mg  165mg,  Hương phụ 132 mg  132mg,  Quế chi 6mg  6mg;Yen Bai;Gói;https://www.pharmacity.vn/product/thuoc-dieu-tri-cam-cum-cam-lanh-nhuc-dau-cam-xuyen-huong-hop-20-goi-x-2g
Viên nén Levodhg 250mg điều trị nhiễm khuẩn (3 vỉ X 10 viên);106000;Levofloxacin 250mg;DHG Pharma;Hộp;https://www.pharmacity.vn/product/levodhg-250-hop-3-vi-x-10-vien
Viên nén Levodhg 500mg điều trị nhiễm khuẩn (3 vỉ X 10 viên);195000;Levofloxacin (dưới dạng Levofloxacin hemihydrat) 500mg;DHG Pharma;Hộp;https://www.pharmacity.vn/product/levodhg-500-hop-3-vi-x-10-vien
Viên nén bao đường Choliver điều trị rối loạn đường mật,viêm gan (chai 100 viên);36100;Cao actiso  25mg,  cao mật heo   5mg,  bột nghệ 50mg;DHG Pharma;Tuýp;https://www.pharmacity.vn/product/thuoc-phong-va-dieu-tri-roi-loan-viem-gan-duong-mat-choliver-hop-1-tuyp-100-vien
Viên nén phân tán trong miệng Trosicam 7,5mg kháng viêm, giảm đau cơ xương khớp (3 vỉ x 10 viên);150000;Meloxicam 7.5mg;Alpex Pharma S.A;Hộp;https://www.pharmacity.vn/product/thuoc-dieu-tri-viem-khop-giam-dau-trosicam-75mg-3-vi-x-10-vien
Viên nén Waisan 50mg cải thiện các triệu chứng tăng trương lực cơ (10 vỉ x 10 viên);87000;Eperison 50mg;BIDIPHAR;Hộp;https://www.pharmacity.vn/product/thuoc-dieu-tri-trieu-chung-tang-truong-luc-co-liet-cung-waisan-50mg-10-vi-x-10-vien-hop
Viên nén Neutrifore 3B điều trị rối loạn do thiếu vitamin B1, B6, B12 (10 vỉ x 10 viên);149900;Vitamin B1 250mg, Vitamin B6 250mg, Vitamin B12 1000mcg;BIDIPHAR;Hộp;https://www.pharmacity.vn/product/thuoc-bo-sung-vitamin-nhom-b-neutri-fore-10-vi-x-10-vien-hop
Viên đặt âm đạo Canvey điều trị nhiễm khuẩn, nhiễm nấm âm đạo (2 vỉ x 5 viên);260000;Metronidazol 225mg, Chloramphenicol 100mg, Nystatin 75mg, Dexamethason 0.5mg;Công ty Ltd Farmaprim – MOLDOVA;Hộp;https://www.pharmacity.vn/product/canvey-2-vi-x-5-vienhop
Viên nang Prazopro 40mg điều trị loét dạ dày (2 vỉ x 7 viên);28000;Esomeprazol 40mg;TVPharma;Hộp;https://www.pharmacity.vn/product/prazopro-40mg-hop-2-vi-x-7-vien
Viên nang Galanmer 500mcg trị thiếu máu, thiếu vitamin B12 (10 vỉ x 10 viên);169000;Mecobalamin 500mcg;BIDIPHAR;Hộp;https://www.pharmacity.vn/product/galanmer-500mcg-10-vi-x-10-vienhop
Thuốc bột Lacbiosyn bổ sung lợi khuẩn, điều trị phụ trợ tiêu chảy (100 gói x 1g);1632;Lactobacillus acidophilus 1g;BIDIPHAR;Gói;https://www.pharmacity.vn/product/thuoc-dieu-tri-tieu-chay-bo-sung-loi-khuan-lacbiosyn-hop-100-goi-x-1g
Viên nang Livosil 140mg điều trị viêm gan, xơ gan (8 vỉ x 15 viên);103500;Silymarin 140mg 140mg;Pymepharco;Vỉ;https://www.pharmacity.vn/product/livosil-140mg-8-vi-x-15-vien
Viên nén Zedcal OP điều trị loãng xương (5 vỉ x 6 viên);160000;Calcium carbonate 250mg,  Calcitriol 0,25mcg,  Zinc Sulphate 7,5mg;Meyer Organics Pvt;Hộp;https://www.pharmacity.vn/product/thuoc-dieu-tri-loang-xuong-thieu-calci-zedcal-op-5-vi-x-6-vien-hop
Viên nén Ipec-plus phòng ngừa và điều trị thiếu sắt, acid folic và kẽm (3 vỉ x 10 viên);97000;Iron polymaltose 47mg, Folic Acid  0,5mg,  Zinc 22,5 mg;Aristopharma;Hộp;https://www.pharmacity.vn/product/thuoc-dieu-tri-va-du-phong-cac-loai-thieu-mau-do-thieu-sat-ipec-plus-3-vi-x-10-vienhop
Viên nén Allermine 4mg điều trị triệu chứng viêm mũi dị ứng, mày đay (10 vỉ x 20 viên);3100;Clorpheniramin maleat 4mg 4mg;AGIPHARM;Vỉ;https://www.pharmacity.vn/product/thuoc-dieu-tri-di-ung-cap-va-man-tinh-allermine-4mg-10-vi-x-20-vien-hop
Viên nén Betahistine 16mg DHG điều trị chóng mặt, rối loạn tiền đình (3 vỉ x 10 viên);58800;Betahistine 16mg 16mg;DHG Pharma;Hộp;https://www.pharmacity.vn/product/betahistine-16-hop-3-vi-x-10-vien
Viên nang Genshu hỗ trơ điều trị rối loạn cương dương, yếu sinh lý (3 vỉ x 10 viên);522000;Bạch tật lê, Dâm dương hoắc, Hải mã, Lộc nhung, Nhân sâm...;Sagopha;Hộp;https://www.pharmacity.vn/product/thuoc-ho-tro-dieu-tri-roi-loan-cuong-yeu-sinh-ly-nam-genshu-3-vi-x-10-vien-hop
Viên nang Silymax complex điều trị viêm gan, xơ gan (6 vỉ x 10 viên);360000;Silymarin 70mg;Mediplantex;Hộp;https://www.pharmacity.vn/product/thuoc-dieu-tri-viem-gan-xo-gan-men-gan-tang-silymax-complex-70mg-6-vi-x-10-vien-hop
Viên nén Tadimax Danapha điều trị phì đại lành tính tuyến tiền liệt và u xơ tử cung (2 vỉ x 21 viên);150000;Lá trinh nữ hoàng cung 2000mg, Tri mẫu 666mg, Hoàng bá 666mg, ích mẫu 666mg, Đào nhân 83mg, Trạch tả 830mg, Xích thược 500mg, Nhục quế 8,3mg;Danapha;Hộp;https://www.pharmacity.vn/product/thuoc-dieu-tri-phi-dai-tuyen-tien-liet-tadimax-danapha-21-vien-x-2-vihop
Thuốc mỡ tra mắt Tetracycline 1% Quapharco trị nhiễm khuẩn mắt, viêm kết mạc, đau mắt hột (tuýp 5g);4900;Tetracycline 0.01;Công ty cổ phần Dược phẩm Quảng Bình;Tuýp;https://www.pharmacity.vn/product/tetracyclin-1-tuyp-5g
Hỗn dịch dùng ngoài Hồ Nước trị viêm da, làm dịu da (chai 20g);4500;Kẽm oxyd 3g, Bột Tacl 3g;Duoc VTYT Hai Duong;Lọ;https://www.pharmacity.vn/product/thuoc-tri-benh-da-va-nhiem-khuan-ho-nuoc-20g
Viên nhai Ideos 500mg/400IU bổ sung calci, D3, phòng và trị loãng xương (4 tuýp x 15 viên);246200;Calcium (tương đương Calcium carbonate1250mg) 500mg, Cholecalciferol (Vitamin D3) 400IU;InnotheraChouzy;Hộp;https://www.pharmacity.vn/product/thuoc-dieu-tri-thieu-hut-calci-va-vitamin-d-ideos-500mg400iu-4-tuyp-x-15-vien-nhaihop
Thuốc nhỏ mắt Cravit 1.5% Ophthalmic Solution điều trị các bệnh nhiễm khuẩn mắt (chai 5ml);125000;Levofloxacin 0.015;Santen;Chai;https://www.pharmacity.vn/product/dung-dich-nho-mat-cravit-15-ophthalmic-solution-5ml
Viên nén bao phim SaVi Telmisartan 40mg điều trị tăng huyết áp (3 vỉ x 10 viên);86000;Telmisartan 40mg;Savi;Hộp;https://www.pharmacity.vn/product/thuoc-dieu-tri-tang-huyet-ap-savi-telmisartan-40mg-savi-10-vien-x-3-vihop
Thuốc cốm pha hỗn dịch uống Amoxicillin 250mg Imexpharm điều trị nhiễm khuẩn (hộp 12 gói);32400;Amoxicillin 250mg;Imexpharm;Hộp;https://www.pharmacity.vn/product/thuoc-dieu-tri-nhiem-khuan-amoxicillin-250mg-imexpharm-12-goi-hop
Viên nén Urdoc 300mg điều trị sỏi mật, cải thiện chức năng gan (8 vỉ x 10 viên);600000;Ursodeoxycholic acid 300mg;AGIPHARM;Hộp;https://www.pharmacity.vn/product/thuoc-tieu-hoa-urdoc-300mg-8-vi-x-10-vien
β-Sol (Hộp 1 tuýp x 10g);16000;Clobetasol Propionate 0.05%w/w;AGIPHARM;Hộp;https://www.pharmacity.vn/product/b-sol-hop-1-tuyp-x-10g
Thuốc cốm Agimoti-S điều trị triệu chứng buồn nôn, nôn (hộp 30 gói);60000;Domperidon 2.5mg,  Simethicon 50mg;AGIPHARM;Hộp;https://www.pharmacity.vn/product/thuoc-dieu-tri-trieu-chung-non-va-buon-non-agimoti-s-30-goi-x-1ghop
Bột pha tiêm Solu-Medrol 125mg trị viêm thấp khớp, hen suyễn, lupus ban đỏ hệ thống (hộp 25 ống);1982882;Methylprednisolon 125mg;Pfizer PBG;Hộp;https://www.pharmacity.vn/product/solu-medrol-125-mg-hop-25ong-inj
Viên nén Neuractine 2mg điều trị mất ngủ (3 vỉ x 10 viên);219000;Eszopiclon 2mg;Savi;Hộp;https://www.pharmacity.vn/product/thuoc-dieu-tri-chung-mat-ngu-neuractine-2mg-3-vi-x-10-vien-hop
Dung dịch khí dung Zencombi kiểm soát co thắt phế quản (hộp 10 ống);139000;Salbutamol 0,25mg,  Ipratropium 0,5mg/2,5ml;Công ty cổ phần Dược phẩm CPC1 Hà Nội;Hộp;https://www.pharmacity.vn/product/thuoc-dieu-tri-co-that-phe-quan-lien-quan-den-benh-tac-nghen-duong-tho-zencombi-10-lo-x-25mlhop
Dung dịch uống Brometic 2mg/10ml làm loãng đờm trong bệnh phế quản cấp và mạn tính (4 vỉ x 5 ống);4990;Bromhexin 2mg/10ml;Công ty cổ phần Dược phẩm CPC1 Hà Nội;Ống;https://www.pharmacity.vn/product/brometic-2mg10ml-4-vi-x-5-ong-x-10ml
Dung dịch uống Conipa Pure 70mg phòng ngừa và điều trị thiếu kẽm (4 vỉ x 5 ống);109800;Kẽm 10mg/10ml;DP Trung uong CPC1;Hộp;https://www.pharmacity.vn/product/thuoc-bo-sung-kem-do-thieu-hut-kem-conipa-pure-4-vi-x-5-onghop
Bột sủi bọt Effer- Paralmax 250mg điều trị các chứng đau/sốt từ nhẹ đến vừa ở trẻ em (hộp 30 gói);2300;Paracetamol 250mg;Boston;Gói;https://www.pharmacity.vn/product/effer-paralmax-250-hop-30-goi
Viên nén Rostor 10mg điều trị tăng cholesterol máu, giảm mỡ máu (2 vỉ x 14 viên);80000;Rosuvastatin 10mg;Pymepharco;Hộp;https://www.pharmacity.vn/product/thuoc-tim-mach-huyet-ap-rostor-10mg-2-vi-x-14-vien
Viên nén Pyzacar HCT 100mg/12.5mg điều trị tăng huyết áp (3 vỉ x 10 viên);195000;Losartan 100mg, Hydroclorothiazid 12,5mg;Pymepharco;Hộp;https://www.pharmacity.vn/product/thuoc-tim-mach-huyet-ap-pyzacar-hct-100125mg-3-vi-x-10-vien
Viên nén Angut 300mg trị gout, sỏi thận (10 vỉ x 10 viên);100000;Allopurinol 300mg;DHG Pharma;Hộp;https://www.pharmacity.vn/product/thuoc-tim-mach-huyet-ap-angut-300mg-10-vi-x-10-vien
Viên nén Garosi 500mg điều trị nhiễm khuẩn đường hô hấp (1 vỉ x 3 viên);154000;Azithromycin 500mg;Bluephama;Hộp;https://www.pharmacity.vn/product/thuoc-khang-sinh-garosi-500mg-1-vi-x-3-vien
Viên nén Zanicidol điều trị các triệu chứng đau nhức (10 vỉ x 10 viên);8100;Paracetamol 500mg 500mg,  Codein Phosphate 8mg 8mg;TVPharma;Vỉ;https://www.pharmacity.vn/product/zanicicol-500mg8mg-10vi-x-10vien
Cao lỏng Viêm da bảo phương trị viêm da, mụn cóc, giời leo (chai 80ml);33000;Khương hoàng 2,3g, Ngải cứu 2,2g, Hoàng bá 1g;Cơ sở sản xuất thuốc Y học cổ truyền Bảo Phương;Lọ;https://www.pharmacity.vn/product/viem-da-bao-phuong-lo-8ml
Viên nén Bisoprolol 2,5mg điều trị tăng huyết áp, đau thắt ngực, suy tim (3 vỉ x 10 viên);24000;Bisoprolol fumarat 2.5mg;STELLA;Hộp;https://www.pharmacity.vn/product/bisoprolol-25-mg-tablets-hop-3-vi-x-10-vien
Thuốc cốm phóng thích kéo dài Pentasa 2g điều trị viêm loét đại trực tràng (hộp 60 gói);2638000;Mesalazine 2000mg;Ferring Pharma;Hộp;https://www.pharmacity.vn/product/pentasa-sachet-2g-60goi
Viên nén Medi-Levosulpirid 25mg điều trị tâm thần phân liệt cấp và mạn tính (3 vỉ x 10 viên);75000;Levosulpirid 25mg;Medisun;Hộp;https://www.pharmacity.vn/product/thuoc-dieu-tri-tam-than-phan-liet-medi-levosulpirid-25mg-10-vien-x-3-vihop
Viên nén Rebastric 100mg Medisun loét dạ dày, tổn thương niêm mạc dạ dày (10 vỉ x 10 viên);249000;Rebamipid 100mg;Medisun;Hộp;https://www.pharmacity.vn/product/thuoc-dieu-tri-loet-da-day-ton-thuong-niem-mac-da-day-rebastric-100mg-10-vi-x-10-vienhop
Viên nén tác dụng kéo dài Gluzitop MR 60mg điều trị đái tháo đường type 2 (2 vỉ x 30 viên);102000;Gliclazid 60mg;Hasan- Demarpharm;Hộp;https://www.pharmacity.vn/product/thuoc-dieu-tri-benh-dai-thao-duong-gluzitop-mr-60-2-vi-x-30-vienhop
Thuốc cốm pha hỗn dịch uống Hapenxin 250mg Kids điều trị nhiễm khuẩn (24 gói x 1.4g);30618;Cephalexin 250mg;DHG Pharma;Hộp;https://www.pharmacity.vn/product/thuoc-khang-sinh-hapenxin-250-kids-hop-24-goi
Viên nén Coperil 4mg điều trị tăng huyết áp, suy tim (1 vỉ x 30 viên);116000;Perindopril 4mg;DHG Pharma;Hộp;https://www.pharmacity.vn/product/coperil-4-hop-1-vi-x-30-vien
Viên nén Hagifen 400mg giảm đau và kháng viêm (10 vỉ x 10 viên);5260;Ibuprofen 400mg;DHG Pharma;Vỉ;https://www.pharmacity.vn/product/hagifen-hop-10-vi-x-10-vien
Bột pha uống Smecgim 3g điều trị tiêu chảy, rối loạn tiêu hóa (hộp 30 gói);43000;Dioctahedral Smectite 3g;AGIPHARM;Hộp;https://www.pharmacity.vn/product/thuoc-dieu-tri-tieu-chay-cap-va-man-tinh-smecgim-30-goi-x-376ghop
Viên nén Zoamco 20mg điều trị tăng cholesterol máu, giảm mỡ máu (2 vỉ x 15 viên);96000;Atorvastatin 20mg;Pymepharco;Hộp;https://www.pharmacity.vn/product/thuoc-lam-giam-cholesterol-zoamco-20mg-2-vi-x-15-vienhop
Viên nén bao đường Cynaphytol giải độc gan, thông mật, lợi tiểu, nhuận tràng (10 vỉ x 10 viên);5000;Cao khô Actiso 0.16g;Ladophar - VN;Vỉ;https://www.pharmacity.vn/product/thuoc-giai-doc-gan-thong-mat-loi-tieu-nhuan-trang-cynaphytol-10-vi-x-10-vien-hop
Viên uống GAZGO 200mg trị đầy hơi, chướng bụng, khó tiêu (Hộp 3 vỉ x 10 viên);60000;Simethicon 200mg;Mega Lifesciences;Vỉ;https://www.pharmacity.vn/product/thuoc-dieu-tri-day-hoi-truong-bung-kho-tieu-gazgo-200mg-3-vi-x-10-vien-hop
Bột pha uống Flexsa 1500 giảm triệu chứng của thoái hóa khớp gối nhẹ và trung bình (30 gói x 3,7g);11830;Glucosamin 1500mg;Mega Lifesciences;Gói;https://www.pharmacity.vn/product/thuoc-dieu-tri-viem-khop-flexsa-1500-30-goi-x-3-7g-hop
Viên nén Losartan Boston 50mg điều trị tăng huyết áp (4 vỉ x 15 viên);120000;Losartan Kali 50mg;Boston;Hộp;https://www.pharmacity.vn/product/losartan-boston-50-hop-4-vi-x-15-vien
Viên nén Atorhasan 20mg điều trị tăng cholesterol máu, giảm mỡ máu (10 vỉ x 10 viên);200000;Atorvastatin 20mg;Hasan- Demarpharm;Hộp;https://www.pharmacity.vn/product/thuoc-dieu-tri-roi-loan-lipid-huyet-du-phong-bien-co-tim-mach-atorhasan-20mg-10-vi-x-10-vienhop
Viên nang Acehasan 200mg hỗ trợ tan đờm trong hô hấp cấp và mạn tính (10 vỉ x 10 viên);7390;Acetylcystein 200mg;Hasan- Demarpharm;Vỉ;https://www.pharmacity.vn/product/thuoc-he-ho-hap-acehasan-200mg-10-vi-x-10-vien
Viên nén phóng thích chậm Perglim M-1 1mg/500mg điều trị bệnh đái tháo đường type 2 (5 vỉ x 20 viên);286000;Glimepiride USP 1mg, Metformin Hydrocloride BP 500mg;Inventia;Hộp;https://www.pharmacity.vn/product/perglim-m-1-hop-5-vi-x-20-vien
Viên nén Boncium điều trị, phòng ngừa thiếu D3 và calci (3 vỉ x 10 viên);38334;Calci Carbonat 500mg, Colecalciferol 250IU;Novartis;Vỉ;https://www.pharmacity.vn/product/thuoc-phong-va-dieu-tri-tinh-trang-thieu-calci-va-vitamin-d3-boncium-3-vi-x-10-vienhop
Moxydar Grimberg (5 vỉ x 6 viên);261000;Nhôm oxid hydrat hóa 500mg, Magnesi hydroxyd 500mg, Nhôm Phosphat hydrat hóa 300mg, Gôm Guar 200mg;Grimberg;Hộp;https://www.pharmacity.vn/product/moxydar-grimberg-5-vi-x-6-vien
Viên nén Haginat 250mg DHG kháng sinh điều trị nhiễm khuẩn (2 vỉ x 5 viên);60100;Cefuroxim 250mg;DHG Pharma;Hộp;https://www.pharmacity.vn/product/haginat-250-hop-2-vi-x-5-vien
Viên nén bao phim Esseil-5 Davipharm điều trị tăng huyết áp (10 vỉ x 10 viên);477000;Cilnidipin 5mg;Davipharm;Hộp;https://www.pharmacity.vn/product/esseil-5-10-vi-x-10-vienhop
Viên nén Glomoti-M 10mg Glomed điều trị triệu chứng nôn và buồn nôn (10 vỉ x 10 viên);53000;Domperidon 10mg;GLOMED-ABBOTT;Hộp;https://www.pharmacity.vn/product/glomoti-m-10-vi-x-10-vienhop
Viên nén Vazigoc 500mg điều trị nhiễm giun (4 vỉ x 7 viên);1070000;Thiabendazol 500mg;Phong Phu;Hộp;https://www.pharmacity.vn/product/vazigoc-4-vi-x-7-vienhop
Siro Atisyrup zinc 2mg/ml An Thiên phòng và điều trị thiếu kẽm, tiêu chảy (chai 100ml);22700;Kẽm sulfat 10mg;An Thien;Chai;https://www.pharmacity.vn/product/siro-atisyrup-zinc-2mgml-an-thien-phong-va-dieu-tri-thieu-kem-tieu-chay-chai-100ml
Viên nang Denesity 200mg hỗ trợ điều trị các rối loạn cảm giác do bệnh viêm đa dây thần kinh đái tháo đường (2 vỉ x 15 viên);246000;Acid alpha lipoic 200mg;Công ty cổ phần Dược phẩm CPC1 Hà Nội;Hộp;https://www.pharmacity.vn/product/vien-nang-denesity-200mg-ho-tro-dieu-tri-cac-roi-loan-cam-giac-do-benh-viem-da-day-than-kinh-dai-thao-duong-2-vi-x-15-vien
Viên nang Totcal Dongkoo Bio & Pharma bổ sung calci, D3, ngừa còi & loãng xương (20 vỉ x 5 viên);19700;Calci carbonatp 750mg, vitamin D3 0.1mg;Dongkoo Bio & Pharma Co;Vỉ;https://www.pharmacity.vn/product/totcal-soft-dongkoo-bio-pharma-20vi-x-5vien
Viên nang Mezathin 500mg Ha Tay điều trị viêm gan, xơ gan (12 vỉ x 5 viên);126000;L-Ornithin-L-Aspartat 500mg;Ha Tay;Hộp;https://www.pharmacity.vn/product/thuoc-dieu-tri-viem-gan-cap-va-man-tinh-gan-nhiem-mo-xo-gan-mezathin-500mg-12-vi-x-5-vienhop
Viên nén PM Remem BV Pharma cải thiện trí nhớ, giảm đau đầu mất ngủ (4 vỉ x 15 viên);133750;Ginkgo biloba 120mg;BV Pharma;Vỉ;https://www.pharmacity.vn/product/thuoc-pm-remem-bv-pharma-4vi-x-15vien
Dung dịch uống Ciheptal 1200 Medisun trị triệu chứng rối loạn nhận thức, chóng mặt (20 ống x 10ml);210000;Piracetam 1200mg;Medisun;Hộp;https://www.pharmacity.vn/product/thuoc-dieu-tri-ton-thuong-nao-roi-loan-nao-ciheptal-1200-20-ong-x-10ml-hop
Viên nén Alphachymotrypsin Glomed 4200USP phù nề sau chấn thương, phẫu thuật, bỏng (2 vỉ x 10 viên);36000;Alphachymotrypsin 4200UI;GLOMED-ABBOTT;Hộp;https://www.pharmacity.vn/product/alphachymotrypsin-glomed-hop-2-vi-x-10-vien
Viên nang Gaberon 300mg - Domesco trị động kinh, viêm dây thần kinh (5 vỉ x 10 viên);367500;Gabapentin 300mg;Domesco;Hộp;https://www.pharmacity.vn/product/gaberon-300mg-hoopj-5-vir-x-10-vien
Dung dịch súc miệng Natri clorid 0.9% Pharmedic 500ml trị tiêu đờm, sát trùng họng (chai 500ml);13900;Natri Cloride 0.90%;Pharmedic;Chai;https://www.pharmacity.vn/product/natri-clorid-09-chai-500ml
Viên nén Astmodil 10mg dự phòng và điều trị hen phế quản mạn tính (hộp 28 viên);307000;Natri montelukast 10mg;Polfamex S.A;Lọ;https://www.pharmacity.vn/product/astmodil-10mg-lo-28-vien
Viên nén Adagrin 100mg điều trị rối loạn cương dương (1 vỉ x 3 viên);148500;Sildenafil 100mg;Dược phẩm CIA;Hộp;https://www.pharmacity.vn/product/thuoc-dieu-tri-roi-loan-cuong-duong-adagrin-100mg-1-vi-x-3-vienhop
Thuốc dùng ngoài Acyclovir 5% Quảng Bình trị trường hợp nhiễm virus herpes simplex trên da (tuýp 5g);11000;Acyclovir 0.05;Công ty cổ phần Dược phẩm Quảng Bình;Tuýp;https://www.pharmacity.vn/product/acyclovir-5-tuyp-5g
Thuốc dùng ngoài Betamethason trị viêm da, giảm ngứa (tuýp 30g);32000;Betamethason dipropionat 0,064%;Phong Phu;Tuýp;https://www.pharmacity.vn/product/thuoc-boi-dieu-tri-vay-nenseo-loi-betamethason-30g-1-tuyphop
Torexvis (5ml);32000;Tobramycin 0.3%/5ml;Gia Nguyen;Chai;https://www.pharmacity.vn/product/thuoc-nho-mat-torexvis-5ml
Ramipril GP Farmalabor (Hộp 8 vỉ x 7 viên);380000;Ramipril 5mg;Farmalabor;Hộp;https://www.pharmacity.vn/product/ramipril-gp-8-vi-x-7-vienhop
Viên nén Clealine 50mg Atlantic trị trầm cảm, rối loạn hoảng sợ và ám ảnh cưỡng chế (6 vỉ x 10 viên);545000;Sertralin 50mg;Atlantic Pharma- Producoes Farmaceuticas S.A (Fab. Abrunheir;Hộp;https://www.pharmacity.vn/product/thuoc-dieu-tri-benh-tram-cam-nang-clealine-50-6-vi-x-10-vien-hop
Entacron 50 (Hộp 3 vỉ x 10 viên);92700;Spironolacton 50mg;Savi;Hộp;https://www.pharmacity.vn/product/entacron-50-3-vi-x-10-vienhop
Viên nén bao phim Domela 300mg điều trị viêm loét dạ dày và tá tràng (10 vỉ x 10 viên);599000;Bismuth tripotassium dicitrat 300mg;Dong Nam;Hộp;https://www.pharmacity.vn/product/domela-300mg-10-vi-x-10-vien
Hỗn dịch uống Vilanta trị viêm loét dạ dày tá tràng, trào ngược dạ dày thực quản (20 gói x 10g);3575;Aluminium Hydroxide 4596mg, Magnesium Hydroxide 2668mg, Simethicon 276mg;Pharimexco;Gói;https://www.pharmacity.vn/product/vilanta-10g-hop-20goi
Ống hít Star 1,5g Danapha giảm triệu chứng nghẹt mũi, sổ mũi (ống 1.5g);9000;Menthol 769mg, Camphor 145mg, Tinh dầu Đinh hương 312,5mg, Tinh dầu Quế 7,5mg, Tinh dầu Tràm 39mg;Danapha;Hộp;https://www.pharmacity.vn/product/ong-hit-sao-vang-15g
Viên nén Zealargy 10mg điều trị chứng viêm mũi dị ứng và mày đay (3 vỉ x 10 viên);240000;Rupatadin 10mg;Cadila Pharm;Hộp;https://www.pharmacity.vn/product/zealargy-10mg-hop-3-vi-x-10-vien
Viên nén Mecabamol 750mg trị giảm triệu chứng của các bệnh lý cơ xương cấp tính (6 vỉ x 10 viên);105000;Methocarbamol 750mg;Ha Tay;Hộp;https://www.pharmacity.vn/product/mecabamol-hop-6-vi-x-10-vien
Duraject 60 (1 vỉ x 4 viên/hộp);154500;Dapoxetin 60mg;Akums Drugs and Pharmaceuticals Ltd;Hộp;https://www.pharmacity.vn/product/duraject-60-1-vi-x-4-vienhop
Viên nén Dolnaltic 500 Nadyphar giảm đau, kháng viêm đau khớp, đau răng, đau đầu (25 vỉ x 4 viên);5000;Acid mefenamic 500mg;Nadyphar;Vỉ;https://www.pharmacity.vn/product/dolnaltic-500-nadyphar-25vi-x-4vien
Viên nén bao phim Esoragim 40mg trị loét dạ dày tá tràng, viêm thực quản trào ngược (3 vỉ x 10 viên);317800;Esomeprazol 40mg;Excl. Agimexpharm;Hộp;https://www.pharmacity.vn/product/esoragim-40-hop-3-vi-x-10-vien
Viên nén Becacold-E trị các triệu chứng ho cảm thông thường (5 vỉ x 20 viên);20800;Acetaminophen, Cafein, Phenylephrin HCl 500mg, 25mg, 5mg;Excl. Enlie;Vỉ;https://www.pharmacity.vn/product/becacold-e-hop-5-vi-x-20-vien
Thuốc nhỏ mắt Hameron 5mg/5ml giảm khô mắt, bôi trơn khi dùng kính áp tròng (chai 5ml);49900;Natri hyaluronate 5mg;Samchundang;Hộp;https://www.pharmacity.vn/product/hameron-5ml
Dung dịch uống Duchat CPC1 trị và phòng ngừa trong các trường hợp thiếu vitamin (20 ống x 7.5ml);12500;Calci (Calci lactat pentahydrat 66,66mg) 8,67 mg,  Thiamine hydrochloride  0,2 mg,  Riboflavine sodium phosphate  0,23 mg,  Pyridoxine hydrochloride  0,40 mg,  Cholecalciferol  1 mcg,  Alpha tocopheryl acetate  1,00 mg,  Nicotinamide  1,33 mg,  Dexpanthenol  0,67 mg,  Lysin hydrochloride  20,0 mg.;DP Trung uong CPC1;Ống;https://www.pharmacity.vn/product/duchat-75ml-20ong
Viên nang Mesogold 500mg kháng sinh điều trị nhiễm khuẩn (2 vỉ x 10 viên);600000;Cefprozil 500mg;Codupha (TW2);Hộp;https://www.pharmacity.vn/product/cefprozil-500-us-hop-2-vi-x-10-vien
Viên nén Co-Trupril 20mg/12.5mg điều trị tăng huyết áp (2 vỉ x 14 viên);92400;Lisinopril ,  Hydrochlorothiazide;Getz Pharm;Hộp;https://www.pharmacity.vn/product/co-trupril-hop-2-vi-x-14-vien
Siro Desbebe 2,5mg/5ml trị viêm mũi dị ứng, mày đay, ngứa (chai 60ml);70000;Desloratadin 0.5mg;Excl - Dai Nam;Hộp;https://www.pharmacity.vn/product/desbebe-chai-60ml
Viên nang Sovegal điều trị suy tuần hoàn não, suy giảm trí nhớ (10 vỉ x 10 viên);529000;Cao khô lá Bạch quả, Cao khô rễ Đinh lăng 100 mg, 300 mg;Phương Đông;Hộp;https://www.pharmacity.vn/product/sovegal-bo-nao-10-vi-x-10-vien
Cordaflex (Hộp 6 vỉ x 10 viên);95900;Nifedipine 20mg;Gonsa;Hộp;https://www.pharmacity.vn/product/cordaflex-hop-6vi-x-10-vien
Viên nén Savi Quetiapine 25mg điều trị tâm thần phân liệt, các cơn hưng cảm (3 vỉ x 10 viên);174000;Quetiapin fumarat 25mg;Savi;Hộp;https://www.pharmacity.vn/product/savi-quetiapine-25mg-3-vi-x-10-vien
Orgyl 500mg (1 vỉ x 10 viên);170000;Ornidazol  500mg;Kusum Healthcare Pvt.Ltd.;Hộp;https://www.pharmacity.vn/product/orgyl-500mg-10-vien
Thuốc nhỏ tai Mepatyl 2% 10ml điều trị các bệnh nhiễm khuẩn bề mặt của ống tai ngoài (chai 10ml);54500; Acid acetic 0,208g 0;Merap Group;Chai;https://www.pharmacity.vn/product/mepatyl-2-10mlhop1-chai
Viên nén Auclanityl 875mg/125mg điều trị nhiễm khuẩn (2 vỉ x 7 viên);93380;Amoxicilin 875mg, Acid Clavulanic 125mg;TIPHARCO;Hộp;https://www.pharmacity.vn/product/auclanityl-2vi-x-7-vien
Rocephin 1G I.V B/1 inj 10ml;180000;Ceftriaxon 1g;Roche;Hộp;https://www.pharmacity.vn/product/rocephin-1g-iv-b1-inj-10ml
Viên nén Diltiazem Stella 60 mg dùng trong điều trị và dự phòng cơn đau thắt ngực (3 vỉ x 10 viên);35970;Diltiazem Hydrochloride 60mg;STELLA;Hộp;https://www.pharmacity.vn/product/diltiazem-stella-60-mg-hop-3-vi-x-10-vien
Viên nén bao phim Lorista 50 điều trị tăng huyết áp (2 vỉ x 14 viên);74984;Losartan potassium 50mg;Novo Mesto- Xlo Ven Ni A;Hộp;https://www.pharmacity.vn/product/lorista-5028-vien
Mỡ bôi da Asosalic điều trị sừng hóa, khô da (tuýp 30g);104000;Salicylic acid,Betamethason dipropionat 30mg/g + 0,5mg/g;Replek Farm Ltd. Skopje;Tuýp;https://www.pharmacity.vn/product/asosalic-30g
Bột hít phân liều Anoro Ellipta 62,5/25mcg trị giãn phế quản (hộp có 1 dụng cụ hít chứa 30 liều xịt);803000;Umeclidinium (dạng bromide) + vilanterol (dạng trifenatate) 62,5mcg + 25mcg;GSK ETC;Chai;https://www.pharmacity.vn/product/anoro-ellipta-62525mcg-1x30-dose
Flusort  50 mcg 120 dose;165000;Fluticasone propionat 50mcg 50mcg;Glenmark;Chai;https://www.pharmacity.vn/product/flusort-50-mcg-120-dose
Viên nén SaVi Valsartan 80mg điều trị tăng huyết áp, suy tim (3 vỉ x 10 viên);96000;Valsartan 80mg;Savi;Hộp;https://www.pharmacity.vn/product/savi-valsartan-80-3vi-x-10-vien
Febustad 80Mg (3 Vỉ x 10 Viên);509000;Febuxostat 80mg;STELLA;Hộp;https://www.pharmacity.vn/product/febustad-80mg-3vi-x10vien
Viên nang mềm Tussiday OPC điều trị các chứng ho, đau họng, sổ mũi, cảm cúm (10 vỉ x 10 viên);88000;Eucalyptol (Cineolum) 100 mg, Tinh dầu Tần dày lá (Aetheroleum Plectranthi amboinici) 0,6 mg, Tinh dầu Gừng (Aetheroleum Zingiberis) 1 mg;OPC;Hộp;https://www.pharmacity.vn/product/vien-tri-ho-tussiday-hop-10-vi-x-10-vien
Viên nén Bivolcard 5mg Savi điều trị tăng huyết áp vô căn, suy tim mạn tính (3 vỉ x 10 viên);93000;Nebivolol 5mg;Savi;Hộp;https://www.pharmacity.vn/product/bivolcard-5-3-vi-x-10-vienhop
Thuốc dùng ngoài Canesten 1% điều trị nấm ngoài da, viêm bộ phận sinh dục do nấm (tuýp 10g);38200;Clotrimazol 100mg 0;Bayer HealthCare;Tuýp;https://www.pharmacity.vn/product/canesten-cream-10g
Viên nén Coveram 10mg/5mg điều trị tăng huyết áp và/hoặc bệnh mạch vành ổn định (chai 30 viên);392000;Perindopril, Amlodipine 10mg, 5mg;Servier International;Hộp;https://www.pharmacity.vn/product/coveram-10mg5mg-30viennew
Viên nén Xarelto 15mg điều trị, phòng ngừa huyết khối tĩnh mạch (1 vỉ x 14 viên);824900;Rivaroxaban 15mg 15mg;Bayer (Others);Hộp;https://www.pharmacity.vn/product/xarelto-tab-15mg-h14-viennew
Viên nén bao phim Robestatine 10mg điều trị rối loạn mỡ máu (2 vỉ x 14 viên);238000;Rosuvastatin 10mg;Excl. Enlie;Hộp;https://www.pharmacity.vn/product/robestatine-10mg-2-vi-x-14-vien
Viên nén Agimstan-H 80/25 điều trị tăng huyết áp (4 vỉ x 7 viên);144004;Telmisartan, Hydroclorothiazid 80mg, 25mg;Agimexpharm;Hộp;https://www.pharmacity.vn/product/agimstan-h-8025-hop-4-vi-x-7-vien
Viên nén Amlodac 5mg điều trị tăng huyết áp, đau thắt ngực (10 vỉ x 10 viên);34900;Amlodipin 5mg 5mg;Cadila Pharma;Hộp;https://www.pharmacity.vn/product/amlodac-5mg100vien
Viên nén Bihasal 2.5mg điều trị tăng huyết áp, đau thắt ngực, suy tim (5 vỉ x 10 viên);54400;bisoprolol fumarat  2.5mg;Hasan- Demarpharm;Hộp;https://www.pharmacity.vn/product/bihasal-25mg-hop5-vi-x-10-vien
Dung dịch uống Calcium Corbiere Extra bổ sung calci, ngừa loãng xương, còi xương (3 vỉ x 10 ống);5300;Calcium 0.55g, Vitamin C 0.05g, Vitamin PP 0.025g;Sanofi CHC Local;Ống;https://www.pharmacity.vn/product/thuoc-bo-sung-canxi-dang-uong-calcium-corbiere-extra-hop-30-ong-x-5ml
Nước muối Natri clorid 0,9% khô mắt, rửa mắt, sinh mũi (chai 10ml);30900;Natri Cloride 0.9%/10ml;Vidipha;Lốc;https://www.pharmacity.vn/product/natriclorid-09-10ml-loc-10-chai
Viên nén MHAescin 40mg điều trị suy tĩnh mạch, trĩ, chống phù nề (3 vỉ x 10 viên);205000;Escin 40mg;Minh Hai;Hộp;https://www.pharmacity.vn/product/aescin-40mg-3vi-x-10vien
Viên nang CITROPHOLI 500mg tăng cường hệ miễn dịch (10 vỉ x 10 viên);1549000;Cốm vân chi 500mg;CITROPHOLI;Hộp;https://www.pharmacity.vn/product/citropholi-500mg-10-vi-x-10-vien
Viên nén DH-Metglu 850mg điều trị đái tháo đường type 2 (10 vỉ x15 viên);112500;Metformin hydrochloride 850mg;Hasan- Demarpharm;Hộp;https://www.pharmacity.vn/product/dh-metglu-850mg-10-vi-x15-vienhasan
Hỗn dịch uống Sucrafil Suspension 200ml trị viêm loét, trào ngược dạ dày thực quản (chai 200ml);140000;Sucralfate 1g/10ml;Fourrts (India) Laboratories Pvt Ltd;Hộp;https://www.pharmacity.vn/product/sucrafil-suspension-200ml
Hỗn dịch uống Phospha gaspain 20% điều trị viêm loét dạ dày tá tràng, viêm thực quản (20 gói x 20g);3875;Gel nhôm phosphat 20% 12,38g 12,38g;BIDIPHAR;Gói;https://www.pharmacity.vn/product/phospha-gaspain-h20-1238g
Viên nén Pyme Am 5mg điều trị tăng huyết áp, đau thắt ngực (10 vỉ x 14 viên);155400;Amlodipine 5mg;Pymepharco;Hộp;https://www.pharmacity.vn/product/pyme-am5-tab-5mg-10vi-x-14vien
Viên ngậm Bozypaine trị đau họng (tuýp 24 viên);33000;Bromelain 20mg,  Menthol  2mg,  Eucalyptol  1mg;Boston;Hộp;https://www.pharmacity.vn/product/bozypaine-hop-1tuyp-x-24vien
GLUMERON MR 30MG (Hop 100 vien);114000;Gliclazid 30mg;DHG Pharma;Hộp;https://www.pharmacity.vn/product/glumeron-mr-30mg-hop-100-vien
Viên nén Pitator 2mg điều trị rối loạn lipid máu (2 vỉ x 14 viên);418000;Pitavastatin 2mg;Molped;Hộp;https://www.pharmacity.vn/product/thuoc-pitator-tablets-2mg-hop-2-vi-x-14-vien
Viên nén Fexophar 60mg trị viêm mũi dị ứng, mày đay (5 vỉ x 10 viên);70000;Fexofenadine 60mg 60mg;Tra Vinh;Hộp;https://www.pharmacity.vn/product/fexophar-60mg-hop-5vi-x-10vien-tv
Viên nén Coldfed điều trị các triệu chứng cảm cúm (chai 80 viên);24000;Paracetamol 400mg,  Clorpheniramin maleat  2mg;Pharmedic;Chai;https://www.pharmacity.vn/product/coldfed-chai-80-vien
Thuốc nhỏ mắt ESKAR khô mắt, ngứa mắt , nhìn mờ (chai 15ml);23000;Natri clorid, Acid boric, Natri borate, Benzalkonium chloride, Natri edetat, Borneol tự nhiên, Camphor, Menthol, nước cất vừa đủ 15ml. 0.042g;DK-Betics;Lọ;https://www.pharmacity.vn/product/eskar-drops-eye-lo-15ml
Hỗn dịch uống Algelstad Stella 20% điều trị viêm loét dạ dày tá tràng, viêm thực quản (20 gói x 20g);3000;Gel phosphat nhôm 20% 20g;STELLA;Gói;https://www.pharmacity.vn/product/algelstad-sac-susp-20-20g-hop-20-goi
Viên nén BOCINOR 1.5MG thuốc tránh thai khẩn cấp trong vòng 72 giờ (1 vỉ X 1 viên);9800;LEVONORGESTREL 1,5mg;Ba Đình;Hộp;https://www.pharmacity.vn/product/bocinor-tab-15mg-hop-1-vi-x-1-vien
Dung dịch dùng ngoài Natri Clorid 0.9% rửa vết thương, phẫu thuật, sát trùng họng (chai 500ml);12400;NaCl 0.9% 0;Duoc VTYT Hai Duong;Chai;https://www.pharmacity.vn/product/natri-clorid-09-chai-500ml-hai-duong
Viên nang CHOLINA 400MG điều trị và phục hồi chức năng sau đột quỵ, sa sút trí tuệ (3 vỉ x 10 viên);438000;CHOLINE ALFOSCERATE 400mg;Phil Inter Pharma;Hộp;https://www.pharmacity.vn/product/cholina-softcap-400mg-hop-3-vi-x-10-vien
Viên nang Atsyp 40mg điều trị viêm loét thực quản do trào ngược, tăng tiết acid (3 vỉ x 10 viên);330000;Esomeprazol 40 mg;Mebiphar;Hộp;https://www.pharmacity.vn/product/atsyp-40mg-hop-3vi-x-10-vien
Viên nang Ceftenmax 200mg kháng sinh điều trị nhiễm khuẩn (2 vỉ x 10 viên);713000;Ceftibuten 200mg;US Pharma;Hộp;https://www.pharmacity.vn/product/ceftenmax-200-2vi-x-10vien
Viên bao tan ở ruột Arazol 40mg trị viêm loét dạ dày tá tràng (3 vỉ x 10 viên);450000;Esomeprazol (dưới dạng Esomeprazol magnesi trihydrat) 40mg;Apimed;Hộp;https://www.pharmacity.vn/product/arazol-40mg-hop-3vi-x10-vien
Viên nén Methyl prednisolone 16mg kháng viêm, trị viêm thấp khớp, chống dị ứng (10 vỉ x 10 viên);159200;methyl prednisolon 16mg 16mg;Mekophar;Hộp;https://www.pharmacity.vn/product/methyl-prednisolone-16mg-hop-10-x-10-vien
Thuốc dùng ngoài Bacterocin điều trị tại chỗ bệnh chốc lỡ, viêm nang lông và mụn mủ (tuýp 15g);105000;Mupirocin 20mg 20mg;;Tuýp;https://www.pharmacity.vn/product/bacterocin-15g
Viên nén Fexofenaderm 120mg trị viêm mũi dị ứng, mày đay (10 vỉ x 10 viên);158000;FEXOFENADINE 120mg;Hasan- Demarpharm;Hộp;https://www.pharmacity.vn/product/fexofenaderm-capl-fc-120mg-hop-10-vi-x-10-vien
Viên nang Linh Chi Domesco hỗ trợ điều trị suy nhược thần kinh, tăng miễn dịch (4 vỉ x 10 viên);69000;Cao lỏng Linh chi (10/1) (tương đương 600 mg linh chi ) 60 mg 150mg;Domesco;Hộp;https://www.pharmacity.vn/product/linh-chi-hop-4-vi-x-10-vien
Viên ngậm Difflam Lozenges (Honey & Lemon) giảm triệu chứng đau họng (1 vỉ x 8 viên);44500;Benzydamine hydrochloride ,  Cetylpyridinium chloride;Difflam;Hộp;https://www.pharmacity.vn/product/difflam-lozenges-honey-lemon
Viên nén Ursomaxe 200mg hỗ trợ điều trị các bệnh gan mạn tính, sỏi mật (3 vỉ x 10 viên);279000;Ursodeoxycholic acid 200mg;ARLICO;Hộp;https://www.pharmacity.vn/product/ursomaxe-200mg-3-vi-x-10-vien
Viên nén Cepmox-Clav 875mg/125mg điều trị nhiễm khuẩn (2 vỉ x 7 viên);128800;Amoxicillin 875mg,Acid clavulanic 125mg;Excl. Imexpharm;Hộp;https://www.pharmacity.vn/product/cepmox-clav-875mg-125mg-2-vi-x-7-vien
Bột pha uống Imefed 250mg/31,25mg điều trị nhiễm khuẩn (hộp 12 gói);98800;Amoxicillin 250mg,Acid clavulanic 31.25mg;Excl. Imexpharm;Hộp;https://www.pharmacity.vn/product/imefed-250mg3125mg-hop-1-tui-x-12-goi
Viên nang cứng Azizi 500mg điều trị nhiễm khuẩn (hộp 1 vỉ x 3 viên);22700;Azithromycin 500mg;Traphaco;Hộp;https://www.pharmacity.vn/product/azizi-500mg-hop-1-vi-x-3-vien
Hỗn dịch uống AMEBISMO điều trị rối loạn tiêu hóa, ăn không tiêu, tiêu chảy (chai 30ml);32000;Bismuth Subsalicylate 525 mg;OPV;Chai;https://www.pharmacity.vn/product/amebismo-suspension-chai-30ml
Dung dịch uống Rupafin 1mg/ml điều trị triệu chứng viêm mũi dị ứng và mày đay (chai 120ml);128800;Rupatadine 1mg/ml;Hyphens Pharma;Chai;https://www.pharmacity.vn/product/rupafin-1mgml-oral-solution
Bixazol Vial 240mg (Hộp 20 ống x 10ml);114300;Sulfamethoxazol, Trimethoprim 240mg;Công ty cổ phần Dược phẩm CPC1 Hà Nội;Hộp;https://www.pharmacity.vn/product/bixazol-vial-240mg-hop-20-ong-x-10ml
Viên nén Mibelaxol 500mg trị đau cơ, co thắt cơ, bong gân (10 vỉ x 10 viên);170000;Methocarbamol 500mg;Hasan- Demarpharm;Hộp;https://www.pharmacity.vn/product/mibelaxol-500mg-10-vi-x-10-vien
Viên nén Mexams 10mg dự phòng và điều trị hen phế quản mạn tính, viêm mũi dị ứng (3 vỉ x 10 viên);180000;Montelukast 10mg;Celogen Pharma;Hộp;https://www.pharmacity.vn/product/mexams-10mg-3-vi-x-10-vien
Viên nén Cuellar 150mg điều trị sỏi mật (6 vỉ x 10 viên);215000;Ursodeoxycholic acid 150mg 150mg;Davipharm;Hộp;https://www.pharmacity.vn/product/cuellar-150mg-6vix10vien
Viên nhai Molukat 4mg DHG Pharma dự phòng và điều trị hen phế quản mạn tính (3 vỉ x 10 viên);97500;Montelukast  4mg;DHG Pharma;Hộp;https://www.pharmacity.vn/product/molukat-4mg-dhg-pharma-hop-3-vi-x-10-vien
Viên nén Erecfil-100 mg điều trị rối loạn cương dương (1 vỉ x 4 viên);80000;Sildenafil 100mg;Stallion Laboratories;Hộp;https://www.pharmacity.vn/product/erecfil-100-sildenafil-citrate-100mg-stallion-hop-4-vien
Thuốc cốm LUKACINCO 4MG dự phòng và điều trị hen phế quản mạn tính, viêm mũi dị ứng (hộp 30 gói);297000;MONTELUKAST 4mg;Ha Nam;Hộp;https://www.pharmacity.vn/product/lukacinco-sac-susp-4mg-1g-30
Bột pha uống Taromentin 457mg/5ml điều trị nhiễm khuẩn (chai 70ml);250000;Amoxicillin 80mg,  Acid clavulanic  11,4mg;Tarchomin;Chai;https://www.pharmacity.vn/product/taromentin-457mg5ml-chai-70ml
Viên nén Ryzonal 50mg giãn cơ, cải thiện triệu chứng tăng trưởng lực cơ (6 vỉ x 10 viên);72000;Eperison HCl 50mg;Davipharm;Hộp;https://www.pharmacity.vn/product/ryzonal-hop-6-vi-x-10-vien
Hỗn dịch uống Sucrapi trị viêm loét dạ dày, tá tràng (20 gói x 5ml);7000;Sucrafat 1g/5ml;Apimed;Gói;https://www.pharmacity.vn/product/sucrapi-hop-20-goi-5ml
Viên nén Amisea 167mg điều trị viêm gan, xơ gan (6 vỉ x 10 viên);394900;Silymarin 167mg;Hataphar;Hộp;https://www.pharmacity.vn/product/amisea-6-vi-x-10-vien
Bột pha uống Macetux 200mg Hasan tiêu chất nhầy trong bệnh nhầy nhớt (30 gói x 1g);2000;Acetylcystein 200MG;Hasan- Demarpharm;Gói;https://www.pharmacity.vn/product/macetux-hasan-200mg-hop-30-goi-x-1g
Viên nén Zynadex 40mg điều trị suy tĩnh mạch, trĩ, phù nề sau phẫu thuật (3 vỉ x 10 viên);300000;Aescin 40 mg 40mg;STELLA;Hộp;https://www.pharmacity.vn/product/zynadex-40-hop-3-vi-x-10-vien
Viên phóng thích kéo dài Alanboss XL 10mg trị phì đại lành tính tuyến tiền liệt (3 vỉ x 10 viên);269000; Alfuzosin hydrochloride 10mg;Hasan- Demarpharm;Hộp;https://www.pharmacity.vn/product/alanboss-xl-10mg-3-vi-x-10vien
Viên nang Doxycycline 100mg Mekophar điều trị nhiễm khuẩn (10 vỉ x 10 Viên);83500;Doxycyclin (dưới dạng Doxycyclin hyclat) 100mg;Mekophar;Hộp;https://www.pharmacity.vn/product/doxycycline-100mg-hop-10-vi-x-10-vien
Viên nén phân tán trong miệng Ebastine Normon 10mg trị triệu chứng dị ứng, mày đay (2 vỉ x 10 viên);212000; Ebastin 10mg;Normon, S.A;Hộp;https://www.pharmacity.vn/product/ebastine-normon-10mg-orodispersible-hop-2-vi-x-10-vien
Bột pha uống Cefdinir 125mg S.Pharm kháng sinh điều trị nhiễm khuẩn (30 gói x 1,5g);169000;Cefdinir  250mg;Công ty cổ phần dược S.Pharm;Hộp;https://www.pharmacity.vn/product/cefdinir-125mg-spharm-hop-30-goi-x-15g
Viên nén Sita-Met 50mg/1000mg Amvipharm điều trị đái tháo đường type 2 (2 vỉ x 7 viên);153800;Sitagliptin, Metformin 50mg,1000mg;Amvi;Hộp;https://www.pharmacity.vn/product/sita-met-tablets-501000-amvipharm-hop-2-vi-x-7-vien
Viên nang Paralmax 500mg giảm đau từ nhẹ đến vừa và hạ sốt (15 vỉ x 12 viên);144000;Paracetamol 500mg;Boston;Hộp;https://www.pharmacity.vn/product/paralmax-500mg-15-vi-x-12-vien
Viên nén Ucolic 200mg Nexpharm điều trị sỏi mật, cải thiện chức năng gan (5 vỉ x 10 viên);620000;Acid ursOdeOxychOlic 200mG;Nexpharm;Hộp;https://www.pharmacity.vn/product/ucolic-200mg-nexpharm-hop-5-vi-x-10-vien
Dung dịch uống Catefat Cho-A thiếu carnitin nguyên phát và thứ phát, rối loạn cơ tim (20 ống x 10ml);430000;LeVOcarnitin  1G;Cho-A pharm;Hộp;https://www.pharmacity.vn/product/catefat-cho-a-20-ong-x-10ml
Dung dịch phụ khoa Camisept vệ sinh, phòng ngừa các bệnh nấm phụ khoa (chai 220ml);150000;ClOtrimazOl  100mG;US Pharma;Chai;https://www.pharmacity.vn/product/dung-dich-phu-khoa-camisept-hop-1-chai-220ml
Viên nén LipirOz-10mg điều trị tăng cholesterol máu, giảm mỡ máu (10 vỉ x 10 viên);480000;ROsuVastatin 10mG;Axon Drugs Private;Hộp;https://www.pharmacity.vn/product/lipiroz-10-hop-10-vi-x-10-vien
Viên nén Savi Metoc trị các trường hợp đau có liên quan đến co thắt cơ-xương khớp (3 vỉ x 10 viên);131000;METHOCARBAMOL + PARACETAMOL 400mG;Savi;Hộp;https://www.pharmacity.vn/product/savimetoc-capl-fc-400mg-325box-30
Viên nén UbVix 500mg điều trị nhiễm khuẩn (1 vỉ x 10 viên);160000;LeVOflOxacin 500mG 500mG;Roussel;Hộp;https://www.pharmacity.vn/product/ubvix-500mg-hop-1vix10vien
Viên nén Idatril 5mg điều trị tăng huyết áp, suy tim (3 vỉ x 10 viên);105000;IMIDAPRIL 5mg;Mebiphar;Hộp;https://www.pharmacity.vn/product/idatril-tab-5mg-box-30
Viên nang Fluzinstad 5mg điều trị phòng ngừa cơn đau nữa đầu (10 vỉ x 10 viên);162800;FLUNARIZINE 5mg;STELLA;Hộp;https://www.pharmacity.vn/product/fluzinstad-caps-5mg-hop-100-vien
Viên nén CYSTIN B6 BOSTON 500mg điều trị rụng tóc, tóc dễ gãy, loạn dưỡng móng (5 vỉ x 20 viên);376200;L-cystin 500mg, Pyridoxin hydroclorid 50mg;Boston;Hộp;https://www.pharmacity.vn/product/cystin-b6-boston-500mg-hop-5-vi-x-20-vien
Viên nang AMELICOL hỗ trợ sát trùng đường hô hấp (10 vỉ x 10 viên);92700;Eucalyptol 100mg, Oleum cajuputi  50mg, Oleum Zingiberis 0.75mg, Oleum Plectranthi amboinici  0.36mg, Menthol  0.5mg;BIDIPHAR;Hộp;https://www.pharmacity.vn/product/amelicol-10vix10vien
Hỗn dịch uống Atinalox trị viêm loét dạ dày tá tràng, trào ngược dạ dày thực quản (20 gói x 15g);7000;Magnesium hydroxide 800,4mg, Aluminium hydroxide 612mg, Simethicone 80mg;An Thien;Gói;https://www.pharmacity.vn/product/atinalox-hop-20-goi-x-15g
Thuốc bột Biosubtyl - II điều trị tiêu chảy, viêm ruột và rối loạn tiêu hoá (25 gói x 1g);2080;BACILLUS SUBTILIS 1g;Biopharco;Gói;https://www.pharmacity.vn/product/biosubtyl-ii-sac-pwd-1g-25-biopharco-vcsp-2
Viên nén Giải Độc Gan Nhất Nhất hạ men gan, tăng cường chức năng gan, bổ gan (2 vỉ x 10 viên);95000;Diệp hạ châu 840mg,Bạch thược 420mg,Bạch truật 420mg,Cam thảo 420mg,Đảng sâm 420mg,Đương quy 420mg,Nhân trần 840mg,Phục linh 420mg,Trần bì 420mg;Nhat Nhat;Hộp;https://www.pharmacity.vn/product/giai-doc-gan-nhat-nhat-2vix10vien
Bút tiêm Saxenda Flextouch 6mg/ml điều trị béo phì (hộp 3 bút);4199000;Liraglutide 6mg;Novo Nordisk A/S;Hộp;https://www.pharmacity.vn/product/saxenda-flextouch-6mg-ml-hop-3-but
ORNISID TAB F.C 500MG (30 viên);580000;ORNIDAZOLE 500mg;BV Pharma;Hộp;https://www.pharmacity.vn/product/ornisid-tab-fc-500mg-box-30
Viên đặt âm đạo/hậu môn Cyclogest Accord 400mg (Hộp 3 vỉ x 5 viên);590000;Progesterone 400mg;Accord - UK Limited;Hộp;https://www.pharmacity.vn/product/cyclogest-accord-400mg-hop-3-vi-x-5-vien-dan-dat-am-dao-hau-mon
Pokemine 50mg (Hộp 20 ống);152000;Sắt III hydroxid polymaltose 50mg 50mg;Medisun;Hộp;https://www.pharmacity.vn/product/pokemine-50mg-hop-20-ong
Promethazin 2% Medipharco (1 tuýp x 10g);11000;Promethazin hydroclorid 2%: 200mg 200mg;Promescent;Hộp;https://www.pharmacity.vn/product/promethazin-2-medipharco-1-tuyp-x-10g
CAO SAO VÀNG BALM 3G 1 (TW3);5000;Long não, Menthol, Tinh dầu bạc hà, Tinh dầu tràm, Hương nhu trắng, Tinh dầu quế 3g;OPC;Hộp;https://www.pharmacity.vn/product/cao-sao-vang-balm-3g-1-tw3
Kofio Viên đặt âm đạo Kofio Merap (3 vỉ x 5 Viên);209000;Estriol 0.5mg;Sao Kim;Hộp;https://www.pharmacity.vn/product/kofio-vien-dat-am-dao-kofio-merap-3-vi-x-5-vien
Dung dịch xịt ngoài da Sebosan 100ml Đức Phúc vệ sinh, làm sạch các loại ký sinh trùng khỏi da;160000;Permethrin 5% Natri laureth sulfat Menthol Eucaliptol Polyethylene Polysorbat 80 Nước tinh khiết 0;;Lọ;https://www.pharmacity.vn/product/dung-dich-xit-ngoai-da-sebosan-100ml-duc-phuc-ve-sinh-lam-sach-cac-loai-ky-sinh-trung-khoi-da
Betamox ES 1 Chai 100ml Atral;369200;Amoxicilin (dưới dạng amoxicillin trihydrat) 600mg/5ml,  acid clavulanic (dưới dạng Potassium clavulanate, diluted) 42.9 mg/5ml;;Chai;https://www.pharmacity.vn/product/betamox-es-1-chai-100ml-atral
Soares Davipharm loét dạ dày - tá tràng, viêm dạ dày (30 gói x 15g);6234;Almagat 1,5g  1,5g;Công ty Cổ Phần Dược Phẩm Đạt Vi Phú – Việt Nam;Gói;https://www.pharmacity.vn/product/soares-davipharm-loet-da-day-ta-trang-viem-da-day-30-goi-x-15g
A.T Mometasone Furoate 0,1% An Thiên (10g);42000;Mometason furoat 0,1%;An Thien;Tuýp;https://www.pharmacity.vn/product/at-mometasone-furoate-01-an-thien-10g-
Thuốc Ucyrin 75mg Lesvi giảm những biến cố xơ vữa động mạch (2 vỉ x 14 viên);369000;Clopidogrel  75mg;NeuraxPharm;Hộp;https://www.pharmacity.vn/product/ucyrin-tab-fc-75mg-box-28
Viên uống Lostad T50 STELLA điều trị tăng huyết áp (Hộp 100 Viên);256600;Losartan kali 50mg 50mg;STELLA;Hộp;https://www.pharmacity.vn/product/lostad-t50-stella-hop-100-vien
Viên nén Nebivolol STELLA 5mg điều trị tăng huyết áp (Hộp 50 Viên);150000;Nebivolol 5mg 5mg;STELLA;Hộp;https://www.pharmacity.vn/product/nebivolol-stella-5mg-hop-50-vien
Viên nén Acyclovir Stella 800mg trị nhiễm virus thủy đậu và zona, herpes simplex (Hộp 50 viên);195000;Acyclovir 800mg 800mg;STELLA;Hộp;https://www.pharmacity.vn/product/acyclovir-stella-800mg-hop-50-vien
Forgout 40mg Foripharm (Hộp 2 vỉ x 15 viên);417000;FEBUXOSTAT + PANAX NOTOGINSENG + SALVIA MILTIORRHIZA 40mg;Foripharm (TW3);Hộp;https://www.pharmacity.vn/product/forgout-tab-40mg-foripharm-hop-2-vi-x-15-vien
Dexamethasone Inj 10 ong;22000;Dexamethasone;Fresenius Kabi;Hộp;https://www.pharmacity.vn/product/dexamethasone-inj-10-ong
Glimepiride STELLA 4mg điều trị đái tháo đường type 2 (6 vỉ x 10 viên);1800;Glimepiride 4mg;STELLA;Viên;https://www.pharmacity.vn/product/glimepiride-stella-4mg-hop60vien
Vitaplex injection chai 500ml;60000;Acid ascorbic 500mg,  Dextrose 25g,  Nicotinamid 625mg,  Dexpanthenol 250mg,  Pyridoxin HCl 25mg,  RiboflaVin (dưới dạng riboflaVin natri phosphat) 25mg,  Thiamin HCl 125mg; Siu Guan;Chai;https://www.pharmacity.vn/product/vitaplex-injection-chai-500ml
LIPOFUNDIN MCT/LCT INF 10% 250ML 1;160000;250ml 250ml;B. Braun Indonesia;Chai;https://www.pharmacity.vn/product/lipofundin-mctlct-inf-10-250ml-1
Siro Pharmaton Kiddi Giúp tăng cường sức khỏe, giúp xương chắc khỏe cho trẻ (Chai 100ml);170050;Lysin hydroclorid, Calci, Vitamin E, Vitamin PP, Vitamin B6, Vitamin B2, Vitamin B1;Opella VMS;Hộp;https://www.pharmacity.vn/product/pharmaton-kiddi-syrup-chai-100ml
Bổ phế TW 3 (Chai 125ml);45000;Bạch linh, Cát cánh, Tỳ bà diệp 125ml;Foripharm (TW3);Chai;https://www.pharmacity.vn/product/bo-phe-tw-3-chai-125ml
Viên uống Lorastad 10 Tab để điều trị viêm mũi dị ứng (Hộp 100 viên);80000;Loratadine 10mg 10mg;STELLA;Hộp;https://www.pharmacity.vn/product/lorastad-10-tab-hop-100-vien
Pro-Acidol Plus 100g (hop 1 chai);249000;Bacillus subtilis >= 108 CFU/g,  Lactobacillus acidophilus >= 108 CFU/g;Biopharco;Hộp;https://www.pharmacity.vn/product/pro-acidol-plus-100g-hop-1-chai
GLUCOSE INF PLS BTTL 5% 100ML KABI;13000;Glucose khan 5g 5g/100ml;Fresenius Kabi;Chai;https://www.pharmacity.vn/product/glucose-inf-pls-bttl-5-100ml-kabi
Viên nén bao phim SitoVia 50mg điều trị đái tháo đường (Hộp 28 Viên);4600;Sitagliptin 50mg;Boston;Viên;https://www.pharmacity.vn/product/sitovia-50mg-hop-28-vien
Fugacar EU 500Mg (1 vỉ x 1 viên) – Tẩy sạch các loại giun phổ biến;22000;Mebendazol 500mg;Janssen;Hộp;https://www.pharmacity.vn/product/fugacar-eu-500mg-1vi-x-1vien
Tazoretin 0.1% 30g;165000;Adapalene 15mg;Medisun;Tuýp;https://www.pharmacity.vn/product/tazoretin-01-30g
Zustafa 40mg Mebiphar (Hop 30 Goi x 3g);390000;Omeprazol 40mg  40mg ,  Natri bicarbonat 1680 mg  1680 mg;Mebiphar;Hộp;https://www.pharmacity.vn/product/zustafa-40mg-mebiphar-hop-30-goi-x-3g
Vasitimb 10mg/20mg KRKA (Hộp 30 viên);440000;Ezetimibe 10mg, Simvastatin 40mg;KRKA,D,D;Hộp;https://www.pharmacity.vn/product/vasitimb-10mg20mg-krka-hop-30-vien
Natri Clorid INF PLS BTTL 0.9% Kabi (Chai 100ml);12000;Natri clorid 0.9% 0.009;Fresenius Kabi;Chai;https://www.pharmacity.vn/product/natri-clorid-inf-pls-bttl-09-kabi-chai-100ml
Oprymea Prolonged 0.52mg (Hộp 30 Viên);803400;Pramipexol (dưới dạng Pramipexol dihydrochloride monohydrat 0,75mg) 0,52mg 0.52mg;KRKA,D,D;Hộp;https://www.pharmacity.vn/product/oprymea-prolonged-052mg-hop-30-vien
Otibone Plus Boston (Hop 3 Vi x 10 Vien);5150;Natri chondroitin sulfat 400mg,  Glucosamin hydroclorid 500mg,  Methyl sulfonyl methan 167mg;Boston;Viên;https://www.pharmacity.vn/product/
Ezecept 10/10 Stella (Hộp 30 Viên );6664;AtorVastatin, Ezetimibe 10mg;STELLA;Viên;https://www.pharmacity.vn/product/ezecept-10-10-stella-hop-30-vien
Hebozeta 20 Hamedi ( Hộp 30 gói );300000;Mỗi gói chứa: Omeprazol 20mg 20mg,  Natri bicarbonat 1680mg  1680mg;Ha Nam;Hộp;https://www.pharmacity.vn/product/hebozeta-20-hamedi-hop-30-goi
PtroVit (Hop 20 ong x 10ml);10815;Mỗi 10ml chứa: Calci gluconat (dưới dạng calci gluconat monohydrat) 500mg 500mg,  Calci lactat pentahydrat 350mg  350mg;Phương Đông;Ống;https://www.pharmacity.vn/product/
RemotiV 500 (Hop 3 Vi x 10 Vien);26267;Cao khô cỏ thánh John chiết bằng Ethanol 57.9% (V/V) theo tỷ lệ [(4-7):1] 500mg 500mg;Glenmark;Viên;https://www.pharmacity.vn/product/
Seacaminfort (Hộp 10 Vỉ x 10 Viên);4000;Methylcobalamin 1500Mcg 1500µg (mcg);Công ty Cổ phần Dược Hà Tĩnh;Viên;https://www.pharmacity.vn/product/
StadfoVir 25 STELLA (Hop 30 Vien);536000;TenofoVir alafenamide 25mg;STELLA;Hộp;https://www.pharmacity.vn/product/stadfovir-25-stella-hop-30-vien
AIR-X SF 40mg R.X (Hop 10 vỉ x 10 viên);100000;40 mg simethicon 40mg;R.X;Hộp;https://www.pharmacity.vn/product/air-x-sf-40mg-rx-hop-10-vi-x-10-vien
Sumakin 1g Mekophar (Hộp 14 Viên);246200;Amoxicillin 875mg/Sulbactam 125mg 875mg/125mg;Mekophar;Hộp;https://www.pharmacity.vn/product/sumakin-1g-mekophar-hop-14-vien
Salzol 4mg Windlas Biotech (Hop 100 Vien);824;Salbutamol 4mg 4mg;Windlas;Viên;https://www.pharmacity.vn/product/salzol-4mg-windlas-biotech-hop-100-vien
Braiporin syrup Allegens (Chai 100ml);142000;"Natri Valproat
200mg 200mg";Akums Drugs and Pharmaceuticals Ltd;Chai;https://www.pharmacity.vn/product/braiporin-syrup-allegens-chai-100ml
Clonafos 50mg DaVipharm (Hộp 10 Vỉ x 10 Viên);770;Propylthiouracil 50mg 50mg;Davipharm;Viên;https://www.pharmacity.vn/product/clonafos-50mg-davipharm-hop-10-vi-x-10-vien
Statinrosu 20 Meyer (Hộp 30 Viên);4600;"RosuVastatin 
20mg 20mg";Meyer-BPC;Viên;https://www.pharmacity.vn/product/statinrosu-20-meyer-hop-30-vien
Feritonic Traphaco (Hộp 20 ống x 10ml);100000;Acid Folic (Vitamin B9),  Choline,  Taurine (Aminoethyl sulfonic acid),  Lysine,  Sắt (III) hydroxide polymaltose,  FOS (Fructose Oligosaccharide);Traphaco;Hộp;https://www.pharmacity.vn/product/feritonic-traphaco-hop-20-ong-x-10ml
Periboston 4mg Boston (Hộp 100 Viên);100000;Cyproheptadin hydroclorid 4 mg 4mg;Boston;Hộp;https://www.pharmacity.vn/product/periboston-4mg-boston-hop-100-vien-
Olimestra (Olmesartan medoxomil) 20mg KRKA (Hộp 30 Viên);11000;Olmesartan medoxomil 20mg 20mg;KRKA, D.D, Novo Mesto;Viên;https://www.pharmacity.vn/product/olimestra-olmesartan-medoxomil-20mg-krka-hop-30-vien
Pecrandil 10 Hataphar (Hộp 60 Viên);3300;Nicorandil 10MG 10 mg;Ha Tay;Viên;https://www.pharmacity.vn/product/pecrandil-10-hataphar-hop-60-vien
Tux-asol 60mg Medisun (Hộp 30 Viên);186900;"
LeVodropropizin 60mg 60mg";Medisun;Hộp;https://www.pharmacity.vn/product/
Fudareus-B VCP (Tuýp 15g);60000;Acid fusidic (dưới dạng hemihydrat) 2% (w/w),  betamethason (dưới dạng este Valerat) 0,1 % (w/w);CÔNG TY CỔ PHẦN DƯỢC PHẨM VCP;Tuýp;https://www.pharmacity.vn/product/fudareus-b-vcp-tuyp-15g
Mibefen NT Hasan 145mg (Hop 30 Vien);3100;Fenofibrate 145mg;Hasan- Demarpharm;Viên;https://www.pharmacity.vn/product/mibefen-nt-hasan-145mg-hop-30-vien
Thuốc nhỏ tai Fosmitic Ear drops 300mg (Hộp 10ml);113300;Fosfomycin 10ml;Công ty cổ phần Dược phẩm CPC1 Hà Nội;Lọ;https://www.pharmacity.vn/product/thuoc-nho-tai-fosmitic-ear-drops-300mg-hop-10ml
Varogel S (20 gói x 10 ml);2800;Gói 10ml chứa: Magnesi hydroxyd (dưới dạng Magnesi hydroxyd 30% past) 800,4mg 400mg,  Nhôm oxyd (dưới dạng Nhôm hydroxyd gel) 400mg  800,4mg;SHINPOONG;Gói;https://www.pharmacity.vn/product/varogel-s-20-goi-x-10-ml
Heparine Sodique Panpharma (Hộp 10 lọ x 5ml);270000;Heparin sodium 25000IU/5ml;PANPHARMA;Lọ;https://www.pharmacity.vn/product/heparine-sodique-panpharma-hop-10-lo-x-5ml
Thuốc Univixin Clopidogrel 75mg Korea United;8000;Clopidogrel (dưới dạng Clopidogrel bisulfat) 75mg;Korea United Pharm;Viên;https://www.pharmacity.vn/product/thuoc-univixin-clopidogrel-75mg-korea-united
Losarlife-H 50mg/12.5mg Eurolife (Hop 30 Vien);68000;Hydrochlorothiazide 12.5mg, Losartan kali 50mg 50mg/12,5mg;Eurolife;Hộp;https://www.pharmacity.vn/product/losarlife-h-50mg125mg-eurolife-hop-30-vien
Kalira 5g CPC1HN (Hộp 20 gói);355000;Calcium polystyren sulfonat 5000mg 5000mg;Công ty cổ phần Dược phẩm CPC1 Hà Nội;Hộp;https://www.pharmacity.vn/product/kalira-5g-cpc1hn-hop-20-goi
Bột pha hỗn dịch uống Augmentin ES GSK điều trị các nhiễm trùng do vi khuẩn gây ra ở trẻ (100ml);439000;Sau khi hoàn nguyên,  mỗi 5 mL hỗn dịch thuốc chứa 600mg amoxicillin (dưới dạng amoxicillin trihydrate) Và 42, 9mg acid claVulanic (dưới dạng kali claVulanate),  tỷ lệ 14:1;GSK ETC;Chai;https://www.pharmacity.vn/product/bot-pha-hon-dich-uong-augmentin-es-gsk-100ml
Calcolife 520mg/8ml (Hộp 20 ống);8250;Calci lactat pentahydrat 520mg/8ml 520mg/8ml;Công ty cổ phần 23 tháng 9;Ống;https://www.pharmacity.vn/product/calcolife-520mg8ml-hop-20-ong
Pasigel 10ml Apimed (30 gói x 10ml);101829;Mỗi 1 ml chứa Magnesi hydroxyd 40mg 40mg,  Simethicon 5mg  5mg,  Gel nhôm hydroxyd khô 46mg  46mg;Apimed;Hộp;https://www.pharmacity.vn/product/pasigel-10ml-apimed-30-goi-10ml
Ciprofibrate-5A Farma 100mg (Hộp 30 Viên);200000;Ciprofibrate 100mg 100mg;5A Farma;Hộp;https://www.pharmacity.vn/product/ciprofibrate-5a-farma-100mg-hop-30-vien
Losarlife 50mg Eurolife (Hộp 30 Viên);38000;Losartan kali 50mg 50mg;Eurolife;Hộp;https://www.pharmacity.vn/product/losarlife-50mg-eurolife-hop-30-vien
Loreze Kiddz Mega (Chai 60ml);65000;Desloratadin 0.5 mg/ml 0.5mg;Mega Lifesciences;Chai;https://www.pharmacity.vn/product/loreze-kiddz-mega-chai-60ml
Doropanto 40mg Domesco (2 Vỉ x 7 Viên);45400;Pantoprazol (dưới dạng Pantoprazol natri) 40mg 40mg;Domesco;Hộp;https://www.pharmacity.vn/product/doropanto-40mg-domesco-2-vi-x-7-vien
HoAstex-S 5ml (Hộp 30 Gói);102000;Húng chanh 2,5g Gói 5ml chứa dịch chiết dược liệu tương đương Húng chanh 2,5g,  Núc nác 0,625g  Núc nác 0,625g,  Tinh dầu Bạch đàn (tương đương với hàm lượng Cineol ≥ 4,65mg) 6,64mg  Tinh dầu Bạch đàn (tư;OPC;Hộp;https://www.pharmacity.vn/product/hoastex-s-5ml-hop-30-goi
Trisula An Thiên 20g (Hộp x 1 Tuýp);30000;Betamethasone dipropionate, Clotrimazole, Gentamicin;An Thien;Tuýp;https://www.pharmacity.vn/product/trisula-an-thien-20g-hop-x-1-tuyp
Ferion Gracure (10 Chai x 15ml);200000;Sắt protein Succinnylate 40mg;Gracure Pharmaceuticals, India;Hộp;https://www.pharmacity.vn/product/ferion-gracure-10-chai-x-15ml
Mesalazine 500mg SaviPharm (Hộp 100 viên);790000;Mesalazin 500mg;Savi;Hộp;https://www.pharmacity.vn/product/mesalazine-500mg-savipharm-hop-100-vien
Omeprazol 40mg TVPharm (Hop 30 vien);30900;Omeprazol 40mg Omeprazol 40mg;TVPharma;Hộp;https://www.pharmacity.vn/product/omeprazol-40mg-tvpharm-hop-30-vien-
Hapacol paracetamol  650mg DHG sủi (Hộp 16 viên);38400;Paracetamol 650mg;DHG Pharma;Hộp;https://www.pharmacity.vn/product/hapacol-paracetamol-650mg-dhg-sui-hop-16-vien
DexlanzoMR 30mg Dopharma (Hộp 28 Viên);515000;Dexlansoprazol 30mg 30mg;Dopharma;Hộp;https://www.pharmacity.vn/product/dexlanzomr-30mg-dopharma-hop-28-vien
Rileptid 2mg Egis Pharma(6vỉ x 10viên);264000;"
Risperidone 2 mg 2mg";Egis Pharma;Hộp;https://www.pharmacity.vn/product/rileptid-2mg-egis-pharma6vi-x-10vien
Dorzox 25mg (3 vỉ x 10 viên) ;750000;Acitretin 25mg;USV Ltd;Hộp;https://www.pharmacity.vn/product/dorzox-25mg-3vi-x-10vien
Tridjantab 5mg (3 vỉ x 10 viên);6967;Linagliptin 5mg 5mg;Imexpharm;Viên;https://www.pharmacity.vn/product/tridjantab-5mg-3-vi-x-10-vien
Ranexicor 375mg Menarini (Hộp 2 vỉ x 15 viên);204000;Ranolazin 375mg 375mg;Menarini;Hộp;https://www.pharmacity.vn/product/ranexicor-375mg-menarini-hop-2-vi-x-15-vien
Carbovis Dai Y (Tuýp 15 viên);14000;Than hoạt tính 150 mg, Calci carbonate 200 mg, Tricalci phosphate 50 mg, Cao cam thảo 15 mg, Cao mộc hương 12 mg Than hoạt tính 150 mg, Calci carbonate 200 mg, Tricalci phosphate 50 mg, Cao cam thảo 15 mg, Cao mộc;Công Ty Cổ Phần Dược Phẩm Đại Y;Tuýp;https://www.pharmacity.vn/product/carbovis-dai-y-tuyp-15-vien
Lyapi 100mg/5ml Apimed (Hộp 20 ống x 5ml);226600; Pregabalin 100mg 100mg;Apimed;Hộp;https://www.pharmacity.vn/product/lyapi-100mg5ml-apimed-hop-20-ong-x-5ml
Salfortabs Gramon Bago (Hộp 2 vỉ x 6 viên);323900;Clotrimazole 100mg, Metronidazole 500mg, Neomycin 55mg 100mg, 500mg, 55mg;Gramon Bago;Hộp;https://www.pharmacity.vn/product/salfortabs-gramon-bago-hop-2-vi-x-6-vien
Thực phẩm bảo vệ sức khỏe UPSA DIGESTION hỗ trợ tiêu hóa (Hộp 10 gói);129000;Calci citat tetrahydrat,  Betain citrat;UPSA SAS;Hộp;https://www.pharmacity.vn/product/thuc-pham-bao-ve-suc-khoe-upsa-digestion-ho-tro-tieu-hoa-hop-10-goi
Sâm Nhung Bổ Thận TW3 Plus (Hộp 30 Viên);220000;"Thành phần: Mỗi Viên nang cứng chứa:

Bột hỗn hợp: .................................................................................................... 370,6 mg
(tương đương thảo mộc gồm: Liên nhục 88 mg,  Hoài sơn 76 mg,  Ba kích 60 mg,  Đương quy 40 mg,  Bạch linh 40 mg,  Xuyên khung 28 mg,  Đảng sâm 24 mg,  Nhãn sâm 7,2 mg,  Cam thảo 5 mg,  Nhung hươu 2,4 mg)

Cao đặc hỗn hợp: ......................................................................................... 310 mg
(tương đương thảo mộc gồm: Th";Foripharm (TW3);Hộp;https://www.pharmacity.vn/product/sam-nhung-bo-than-tw3-plus-hop-30-vien
Pharmaton Vitality (Hộp 30 Viên);224100;Magnesi (dưới dạng Magnesi oxyd nặng): 77,5 mgVitamin C (Ascorbic acid) (dưới dạng Canxi ascorbat): 80 mgChiết xuất nhân sâm chuẩn hóa G115: 40 mgKẽm (dưới dạng Kẽm sulfat monohydrat): 10 mgSắt (dưới dạng Sắt sulfat khan): 8,3 mgVitamin E (DL-alpha Tocopherol) (dưới dạng DL-α-Tocopheryl acetat): 12 mgNiacin (dưới dạng Nicotinamid): 17,5 mgVitamin B5 (Pantothenic acid) (dưới dạng Canxi pantothenat): 6,3 mgMangan (dưới dạng Mangan sulfat monohydrat): 2 mgVitamin B6 (Pyridoxin) (dưới dạng Magnesi (dưới dạng Magnesi oxyd nặng): 77,5 mgVitamin C (Ascorbic acid) (dưới dạng Canxi ascorbat):;Opella VMS;Hộp;https://www.pharmacity.vn/product/pharmaton-vitality-hop-30-vien
Cozz xanh DHG ( 10 vĩ x 10 viên);70000;Eucalyptol 100mg, Menthol 0,5mg, tinh dầu tần 0,18mg, Tinh dầu gừng 0,5mg 100mg, 0.5mg, 0.18 mg, 0.5mg;DHG Pharma;Hộp;https://www.pharmacity.vn/product/cozz-xanh-dhg-10-vi-10-vien
Racedagim 100mg Agimexpharm (Hộp 20 viên);40200;Racecadotril 100mg;Agimexpharm;Hộp;https://www.pharmacity.vn/product/racedagim-100mg-agimexpharm-hop-20-vien
Nhóm sản phẩm giảm đau dạ dày cho người lớn;220900;;;Bộ;https://www.pharmacity.vn/product/nhom-san-pham-giam-dau-da-day-cho-nguoi-lon
Bột sủi bọt Efferalgan 80mg giảm đau từ nhẹ đến vừa và hạ sốt (hộp 12 gói);2309;Paracetamol 80mg;Efferalgan;Gói;https://www.pharmacity.vn/product/thuoc-dieu-tri-cac-trieu-chung-dau-dau-dang-bot-sui-efferalgan-80mg
Viên đặt trực tràng Efferalgan 150mg giảm đau, hạ sốt (2 vỉ x 5 viên);13500;Paracetamol 150mg;Efferalgan;Vỉ;https://www.pharmacity.vn/product/thuoc-giam-dau-ha-sot-efferalgan-150mg
Viên giải phóng có kiểm soát Adalat LA 30mg điều trị tăng huyết áp, đau thắt ngực (3 vỉ x 10 viên);312990;Nifedipin 30mg;Bayer (Others);Hộp;https://www.pharmacity.vn/product/thuoc-dieu-tri-tang-huyet-ap-va-co-that-nguc-adalat-la-30mg-3-vi-x-10-vienhop
Viên nang Coldacmin Flu trị các triệu chứng ho cảm thông thường (10 vỉ x 10 viên);3310;Paracetamol 325mg, Clorpheniramin 2mg;DHG Pharma;Vỉ;https://www.pharmacity.vn/product/coldacmin-flu-hop-10-vi-x-10-vien
Bột sủi bọt Hapacol 80mg điều trị hạ sốt, giảm đau (hộp 24 gói);1075;Paracetamol 80mg;DHG Pharma;Gói;https://www.pharmacity.vn/product/thuoc-giam-dau-ha-sot-cho-tre-hapacol-80mg
Viên nén Cataflam 25mg trị viêm và giảm đau khớp, đau do chấn thương, đau bụng kinh (1 vỉ x 10 viên);42000;Diclofenac 25mg;Novartis;Hộp;https://www.pharmacity.vn/product/thuoc-khang-viem-va-chong-thap-khop-cataflam-25-10-vienhop
Viên nén Paracetamol Choay 500mg giảm đau từ nhẹ đến vừa và hạ sốt (10 vỉ x 10 viên);7450;Paracetamol 500mg;Sanofi CHC Local;Vỉ;https://www.pharmacity.vn/product/thuoc-giam-dau-ha-sot-paracetamol-choay-500mg-10-vi-x-10-vienhop
Bisolvon 8mg Tablets (3 vỉ x 10 viên) – Long đờm, giảm ho hiệu quả;20000;Bromhexin 8mg;Sanofi CHC import;Vỉ;https://www.pharmacity.vn/product/thuoc-dieu-tri-loang-dom-tieu-chat-nhay-cac-benh-phe-quan-phoi-cap-va-man-tinh-bisolvon-30-vien-hop
Thuốc cung cấp vitamin và muối khoáng Homtamin Ginseng (Hộp 12 vỉ x 5 viên);143000;Ginseng 40mg, Retinol 5000mg, Cholecalciferol 400mg, Cyanocobalamin 45mg;Korea United Pharm;Hộp;https://www.pharmacity.vn/product/thuoc-cung-cap-vitamin-va-muoi-khoang-homtamin-ginseng-hop-12-vi-x-5-vien
Viên nén sủi bọt Upsa-C 1g điều trị tình trạng thiếu vitamin C, mệt mỏi (tuýp 10 viên);37000;Vitamin C 1000mg;BristolMyersSquibb;Tuýp;https://www.pharmacity.vn/product/vien-sui-dieu-tri-thieu-hut-vitamin-c-upsa-c-1g
Augmentin BD Tab 1g (2 vỉ x 7 viên) - Kháng sinh phổ rộng, trị nhiễm khuẩn;286000;Amoxicilin 875mg, Acid Clavulanic 125mg;GSK ETC;Hộp;https://www.pharmacity.vn/product/thuoc-khang-sinh-dieu-tri-cac-benh-nhiem-khuan-augmentin-1g
Augmentin BD Tab 625mg (2 vỉ x 7 viên) – Kháng sinh trị nhiễm khuẩn phổ rộng;181000;Amoxicilin 500mg, Acid Clavulanic 125mg;GSK ETC;Hộp;https://www.pharmacity.vn/product/thuoc-khang-sinh-dieu-tri-cac-benh-nhiem-khuan-augmentin-625g
Dầu gió xanh Eagle Brand trị cảm cúm, sổ mũi, nghẹt mũi, chóng mặt, say tàu xe (chai 24ml);74999;Menthol, Methyl Salicylat, Eucalyptus Oil;Eagle;Chai;https://www.pharmacity.vn/product/dau-gio-xanh-con-o-eagle-24ml
Viên nén Mercilon 0,15mg/0,02mg thuốc tránh thai hàng ngày (1 vỉ x 21 viên);92000;Desogestrel 0.15mg, Ethinyl Estradiol 0.02mg;Organon;Hộp;https://www.pharmacity.vn/product/thuoc-tranh-thai-hang-ngay-mercilon-21-vienhop
Viên nén Rigevidon 21+7 0,03mg/0,15mg thuốc tránh thai hàng ngày (3 vỉ x 28 viên);70000;Levonorgestrel 0.15mg, Ethinylestradiol 0.03mg;Gedeon Richter;Hộp;https://www.pharmacity.vn/product/thuoc-tranh-thai-rigevidon-3-vi-217-vien-nen-hop
Magne B6 Corbiere Tab (Hộp/50 viên) – Bổ sung Magie B6, giảm stress;19800;Magnesi Lactat Dihydrat 470mg, Vitamin B6 5mg;Sanofi CHC Local;Vỉ;https://www.pharmacity.vn/product/thuoc-dieu-tri-thieu-hut-magne-b6-corbiere-5-vi-x-10-vien-hop
Viên nén Coversyl 5mg điều trị tăng huyết áp, suy tim (hộp 30 viên);209000;Perindopril 5mg;Servier International;Chai;https://www.pharmacity.vn/product/thuoc-dieu-tri-tang-huyet-ap-suy-tim-coversyl-5mg
Viên nén Diatabs 600mg điều trị tiêu chảy, rối loạn tiêu hóa (25 vỉ x 4 viên);5480;Attapulgite 600mg;United Pharma;Vỉ;https://www.pharmacity.vn/product/thuoc-ho-tro-dieu-tri-benh-tieu-chay-cap-va-man-tinh-diatabs-attapulgite-600mg-100-vien-hop
Cốm pha uống Azicine 250mg Stella điều trị nhiễm khuẩn đường hô hấp (hộp 6 gói);19900;Azithriomycin 250mg;STELLA;Hộp;https://www.pharmacity.vn/product/thuoc-dieu-tri-nhiem-trung-duong-ho-hap-tren-duoi-azicine-250mg
Viên giải phóng có kiểm soát Diamicron MR 30mg điều trị đái tháo đường type 2 (2 vỉ x 30 viên);220000;Gliclazid 30mg;Servier International;Hộp;https://www.pharmacity.vn/product/thuoc-dieu-tri-dai-thao-duong-typ-2-o-nguoi-lon-diamicron-mr-30mg
Lotion Oxy 5 điều trị tại chỗ mụn trứng cá (tuýp 10g);50000;Benzoyl Peroxid 5%/10g;Oxy;Hộp;https://www.pharmacity.vn/product/kem-tri-mun-boc-va-mun-sung-do-oxy-5-10g
Siro thuốc Tiffy Siro trị các triệu chứng ho cảm thông thường (chai 30ml);16000;Paracetamol 150mg, Phenylephrin 5mg, Chlorpheniramin 1mg;Tiffy;Chai;https://www.pharmacity.vn/product/siro-dieu-tri-giam-cac-chung-cam-thong-thuong-tiffy-30ml
Viên nén Concor Tab 5mg điều trị tăng huyết áp, đau thắt ngực, suy tim (3 vỉ x 10 viên);149000;Bisoprolol 5mg;Concor;Hộp;https://www.pharmacity.vn/product/thuoc-dieu-tri-tang-huyet-ap-va-benh-mach-vanh-concor-5mg
Viên nén Novomycine 3M.IU điều trị nhiễm khuẩn đường răng miệng (2 vỉ x 5 viên);45000;Spiramicin 3.000.000IU;Mekophar;Hộp;https://www.pharmacity.vn/product/novomycine-3miu-hop-2-vi-x-5-vien
Viên nén bao đường Rutin-Vitamin C trị chảy máu, tăng sức bền thành mạch, xơ mạch (10 vỉ x 10 viên);2700;Rutin 50mg, Vitamin C 50mg;Mekophar;Vỉ;https://www.pharmacity.vn/product/thuoc-ho-tro-dieu-tri-hoi-chung-chay-mau-xo-cung-mach-mau-tang-huyet-ap-rutin-vitamin-c-10-vi-x-10-vien
Rhumenol Flu 500 (25 vỉ x 4 viên/hộp);75000;Paracetamol 500mg, Dextromethorphan 15ng, Loratadin 5mg;Medipharco- Tenamyd;Hộp;https://www.pharmacity.vn/product/thuoc-dieu-tri-cac-chung-dau-dau-va-sot-nhe-rhumenol-flu-500-25-vi-x-4-vienhop
Viên Xông Hương Tràm xông trị cảm cúm, sát trùng mũi, họng (2 vỉ x 20 viên);17500;Menthol 12mg, Eucalyptol 12mg, Camphor 12mg;Nature Vietnam;Vỉ;https://www.pharmacity.vn/product/thuoc-xong-hoi-tri-cam-sat-trung-mui-hong-vien-xong-huong-tram-vim-bao-gam-2-vi-x-20-vienhop
Prospan siro 100ml (Hộp/Chai) – Siro ho thảo dược, long đờm, giảm ho;93000;Cao Lá Thường Xuân Khô 700mg/100ml;Prospan;Chai;https://www.pharmacity.vn/product/siro-dieu-tri-viem-duong-ho-hap-kem-theo-ho-prospan-100ml
Berocca Performance Eff Tabs (Tuýp/10 viên) – Tăng năng lượng, tỉnh táo;75000;Vitamin B5 23mg, Vitamin B6 10mg, Calcium 100mg, Vitamin B12 0.01mg, Vitamin B2 15mg, Vitamin C 500mg, Magnesium 100mg, Zin 10mg, Vitamin B1 15mg, Vitamin B3 50mg, Vitamin B8 0.15mg, Vitamin B9 0.4mg;Bayer HealthCare;Tuýp;https://www.pharmacity.vn/product/vien-sui-bo-sung-vitamin-berocca-performance-10-vien-tuyp
Dầu Phật Linh 5ml – Dầu gió đa năng, giảm đau hiệu quả;17000;Tinh dầu bạc hà 55ml, Methol 20g, Tinh dầu đinh hương 3ml, Tinh dầu khuynh diệp 2ml, Long não 2g/5ml;Dau Phat Linh;Chai;https://www.pharmacity.vn/product/dau-phat-linh-l
Dầu nóng Trường Sơn điều trị cảm, ho, số mũi, trúng gió (chai 10ml);21000;Methol 16g, Tinh dầu bạc hà 1, Khuynh diệp 10g, Dầu nóng 38g, Long não 10g/10ml;Truong Son;Chai;https://www.pharmacity.vn/product/dau-nong-truong-son-10ml
VRohto New ( Lo 13 ml ) - Thuốc nhỏ mắt giảm mỏi, đỏ mắt;55000;Panthenol 13mg, Vitamin B6 6.5mg, Potassium L-aspartat 130mg, Dipotassium glycyrrhizinat 13mg, Chlorpheniramin 1.3mg, Sodium chondroitin sulfat 13mg, Tetrahydrozolin hydrochlorid 1.3mg/13ml;Vrohto;Hộp;https://www.pharmacity.vn/product/thuoc-nho-mat-dieu-tri-moi-mat-do-mat-va-giu-am-cho-mat-v-rohto-new-13ml
Siro Pectol Siro trị ho, cảm, viêm phế quản (chai 90ml);39000;Cồn Bọ mắm 1.8g, Eucalyptol 0.18g, Natri Benzoat 2.7g, Cao Núc nác 1.8g, Dịch chiết Viễn chí 1.8g, Dịch chiết trần bì 14.85g, Dịch chiết an tức hương 10.26g, Dịch chiết húng chanh 16.2g/90ml;Sagopha;Chai;https://www.pharmacity.vn/product/siro-tri-ho-cho-tre-em-pectol-e-90ml
Thuốc dùng ngoài Remos IB ngứa, vết côn trùng cắn, chàm, viêm da (tuýp 10g);55000;Prednisolon 15mg, Crotamiton 10mg, Allantoin 20mg, Isopropyl Methylphenol 500mg, Menthol  350mg/10g;Vrohto;Tuýp;https://www.pharmacity.vn/product/remos-ib-hop-1-tuyp-10g
Marvelon (1 vỉ x 21 viên) – Tránh thai hàng ngày, an tâm cho bạn;81000;Desogestrel 0.15mg, Ethinyl Estradiol 0.03mg;Organon;Hộp;https://www.pharmacity.vn/product/marvelon-bayer-hop-1-vi-x-21-vien
Dung dịch Povidine 20ml sát khuẩn da và niêm mạc (chai 20ml);7000;Povidon Iodin 0;Pharmedic;Chai;https://www.pharmacity.vn/product/dung-dich-sat-khuan-povidine-povidon-iod-10-10-chai-x-20mlloc
Viên đặt âm đạo Polygynax điều trị viêm âm đạo (2 vỉ x 6 viên);143500;Neomycin 35000UI, Polymyxin B 35000UI, Nystatin 100000UI;InnotheraChouzy;Hộp;https://www.pharmacity.vn/product/polygynax-hop-2-vi-x-6-vien
Viên nén Captopril 25mg Domesco điều trị tăng huyết áp, suy tim (10 vỉ x 10 viên);70000;Captopril 25mg;Domesco;Hộp;https://www.pharmacity.vn/product/thuoc-dieu-tri-tang-huyet-ap-suy-tim-captopril-25mg-10-vi-x-10-vienhop
Dung dịch Betadine Antiseptic Solution 10% sát khuẩn da và niêm mạc (chai 125ml);62000;Povidine iodine 0;Betadine;Chai;https://www.pharmacity.vn/product/betadine-antiseptic-sol-10-125ml
Viên giải phóng có kiểm soát Diamicron MR 60mg điều trị đái tháo đường type 2 (2 vỉ x 15 viên);211000;Gliclazid 60mg;Servier International;Hộp;https://www.pharmacity.vn/product/diamicron-mr-60mg-hop-2-vi-x-15-vien
Thuốc dùng ngoài Levigatus sát khuẩn, liền da, tránh lên sẹo (tuýp 20g);19000;Cetrimid,Nghệ;Traphaco;Tuýp;https://www.pharmacity.vn/product/kem-sat-khuan-lien-da-tranh-seo-levigatus-20g
Eumovate Cream 0.05%kl/kl (tuýp 5g);24000;Clobetason Butyrat 0.05%w/w;GSK ETC;Tuýp;https://www.pharmacity.vn/product/thuoc-dieu-tri-lam-giam-cac-trieu-chung-viem-va-ngua-da-eumovate-cream-5g
Viên nang Lomac-20mg trị loét dạ dày tá tràng, viêm thực quản trào ngược (10 vỉ x 10 viên);275000;Omeprazol 20mg;Cipla;Hộp;https://www.pharmacity.vn/product/thuoc-dieu-tri-va-du-phong-tai-phat-loet-da-day-ta-trang-lomac-20-20mg
Thuốc nhỏ mắt Vigamox 0.5% điều trị viêm kết mạc do vi khuẩn nhạy cảm (chai 5ml);96000;Moxifloxacin 5mg;Novartis;Chai;https://www.pharmacity.vn/product/thuoc-nho-mat-vo-trung-dieu-tri-viem-ket-mac-vigamox-05-5ml
Viên nén Stamlo 5mg điều trị tăng huyết áp, đau thắt ngực (2 vỉ x 10 viên);27800;Amlodipine 5mg;Reddy;Hộp;https://www.pharmacity.vn/product/stamlo-5-hop-2-vi-x-10-vien
Thuốc dùng ngoài Fucicort điều trị viêm da nhiễm khuẩn hoặc có thể bị nhiễm khuẩn (tuýp 15g);105000;Acid Fusidic 20mg, Betamethason 1mg;Leo Pharma;Tuýp;https://www.pharmacity.vn/product/fucicort-cream-tuyp-15g
Thuốc cốm Hidrasec Children 30mg trị tiêu chảy cấp ở trẻ trên 3 tháng và trẻ em (hộp 30 gói);210000;Racecadotril 30mg;Abbott;Hộp;https://www.pharmacity.vn/product/thuoc-bot-com-dieu-tri-tieu-chay-cap-tinh-o-tre-so-sinh-tre-em-hidrasec-children-30mg-30-goihop
Mekocoramin (Hộp 20 viên);50000;Nikethamid 125mg, Glucose 1500mg;Mekophar;Hộp;https://www.pharmacity.vn/product/vien-ngam-dieu-tri-suy-ho-hap-suy-tuan-hoan-meko-coramin-20-vien-hop
Viên nén Nexium-mups 20mg điều trị viêm loét thực quản do trào ngược, tăng tiết acid (2 vỉ x 7 viên);310000;Esomeprazol 20mg;Nexium;Hộp;https://www.pharmacity.vn/product/thuoc-dieu-tri-benh-trao-nguoc-da-day-thuc-quan-nexium-mups-esomeprazole-20mg
Canesten 6-Day-Therapy (Hộp 6 viên);102000;"Clotrimazol 
 100mg";Bayer HealthCare;Hộp;https://www.pharmacity.vn/product/thuoc-dieu-tri-viem-am-dao-canesten-6-day-therapy-6-vienhop
Bột pha uống Forlax trị táo bón (20 gói x 10,176g);5750;Macrogol 10g;Ipsen Pharma;Gói;https://www.pharmacity.vn/product/thuoc-dieu-tri-tao-bon-forlax-10g
Viên nén Biseptol 480mg điều trị nhiễm khuẩn (1 vỉ x 20 viên);60000;Trimethoprim;Pharbaco (TW1);Hộp;https://www.pharmacity.vn/product/thuoc-dieu-tri-cac-benh-nhiem-khuan-duong-tiet-nieu-biseptol-480mg
Viên nang Lansoprazol STELLA 30mg trị viêm loét dạ dày tá tràng (3 vỉ x 10 viên);45000;Lansoprazol 30mg;STELLA;Hộp;https://www.pharmacity.vn/product/thuoc-dieu-tri-loet-da-day-viem-thuc-quan-lansoprazol-30mg
Dung dịch bơm trực tràng Rectiofar Người lớn trị táo bón (40 ống x 5ml);4000;Glycerin 5ml;Pharmedic;Ống;https://www.pharmacity.vn/product/dung-dich-bom-truc-trang-tri-tao-bon-o-nguoi-lon-rectiofar-5ml
Viên nén Cefixime 200mg T.V pharm kháng sinh điều trị nhiễm khuẩn (2 vỉ x 10 viên);69800;Cefixime 200mg;TVPharma;Hộp;https://www.pharmacity.vn/product/cefixime-200mg-hop-1-vi-x-10-vien
Viên nén Crestor 20mg điều trị tăng cholesterol máu, giảm mỡ máu (2 vỉ x 14 viên);476000;Rosuvastatin 20mg;Crestor;Hộp;https://www.pharmacity.vn/product/thuoc-dieu-tri-tang-cholesterol-mau-nguyen-phat-roi-loan-lipid-mau-hon-hop-crestor-20mg-2-vi-x-14-vienhop
Viên nén Tanatril 10mg điều trị tăng huyết áp (10 vỉ x 10 viên);590000;Imidapril 10mg;Abbott;Hộp;https://www.pharmacity.vn/product/thuoc-chi-dinh-dieu-tri-tang-huyet-ap-tanatril-tablets-10mg-10-vi-x-10-vienhop
Viên nang Fluconazol Stella 150mg điều trị bệnh nhiễm nấm (1 vỉ x 1 viên);12000;Fluconazol 150mg;STELLA;Hộp;https://www.pharmacity.vn/product/thuoc-dieu-tri-nhiem-nam-toan-than-fluconazol-stada-150mg-1-vien-hop
Viên đặt âm đạo Neo-Penotran điều trị bệnh nấm candida âm đạo và viêm âm đạo (2 vỉ x 7 viên);150000;Metronidazol 500mg, Miconazol Nitrat 100mg;Exeltis;Hộp;https://www.pharmacity.vn/product/thuoc-dieu-tri-nam-candida-am-dao-neo-penotran-2-vi-x-7-vienhop
Hoạt Huyết Nhất Nhất (3 vỉ x 10 viên) – Bổ huyết, tăng cường tuần hoàn máu;135000;Đương quy, Ích mẫu, Ngưu tất, Thục địa, Xích thược, Xuyên khung;Nhat Nhat;Hộp;https://www.pharmacity.vn/product/thuoc-tri-thieu-nang-tuan-hoan-hoat-huyet-nhat-nhat-3-vi-x-10-vien-hop
Viên nén Mobic 15mg điều trị viêm xương khớp, viêm khớp dạng thấp (2 vỉ x 10 viên);372380;Meloxicam 15mg;Boehringer Ingelheim;Hộp;https://www.pharmacity.vn/product/thuoc-dieu-tri-viem-dau-xuong-khop-viem-khop-dang-thap-mobic-15mg
Viên nén Hapacol 650mg giảm đau từ nhẹ đến vừa và hạ sốt (10 vỉ x 5 viên);2860;Paracetamol 650mg;DHG Pharma;Vỉ;https://www.pharmacity.vn/product/thuoc-giam-dau-ha-sot-hapacol-650mg-10-vi-x-5-vien-hop
Viên nén Cinnarizin 25mg điều trị triệu chứng đau cách hồi, lạnh đầu chi (3 vỉ x 10 viên);6267;Cinnarizin 25mg;Domesco;Vỉ;https://www.pharmacity.vn/product/thuoc-chong-say-tau-xe-roi-loan-tien-dinh-cinnarizin-25mg
Viên nén không tan trong dạ dày Voltaren ECT 50mg trị viêm và giảm đau khớp (10 vỉ x 10 viên);397000;Diclofenac 50mg;Novartis;Hộp;https://www.pharmacity.vn/product/thuoc-dieu-tri-viem-khop-dang-thap-voltaren-50mg
Thuốc xịt mũi Coldi-B trị viêm xoang, viêm mũi, nghẹt mũi, sổ mũi, hắt hơi (chai 15ml);30000;Oxymetazolin 7,5mg, Camphor 1.1mg, Menthol 1.5mg;Nam Ha;Hộp;https://www.pharmacity.vn/product/thuoc-xit-mui-dieu-tri-cac-trieu-chung-ngat-mui-so-mui-coldi-b-15ml
Viên nén Exforge 5mg/80mg điều trị tăng huyết áp (2 vỉ x 14 viên);284100;Amlodipin 5mg, Valsartan 80mg;Novartis;Hộp;https://www.pharmacity.vn/product/thuoc-dieu-tri-tang-huyet-ap-vo-can-exforge-580mg
Viên giải phóng có kiểm soát Betaloc ZOK 25mg điều trị tăng huyết áp, đau thắt ngực (1 vỉ x 14 viên);64960;Metoprolol Succinat 25mg;Betaloc;Hộp;https://www.pharmacity.vn/product/thuoc-dieu-tri-tang-huyet-ap-dau-that-nguc-betaloc-zok-25mg
Viên bao tan ở ruột Rabestad 20mg Stella điều trị loét dạ dày, tá tràng (3 vỉ x 10 viên);75000;Rabeprazole 20mg;STELLA;Hộp;https://www.pharmacity.vn/product/thuoc-dieu-tri-benh-trao-nguoc-da-day-thuc-quan-rabestad-20-3-vi-x-10-vienhop
Medrol Tab 16mg (3 vỉ x 10 viên) – Chống viêm, giảm dị ứng mạnh mẽ;131500;Methyl Prednisolon 16mg;Pfizer PBG;Hộp;https://www.pharmacity.vn/product/thuoc-dieu-tri-roi-loan-di-ung-benh-ly-ve-da-medrol-16mg
Thuốc dùng ngoài Betaderm Neomycin trị dị ứng và viêm da do nhiễm trùng (tuýp 10g);17000;Betamethason 10mg, Neomycin 35mg;Phil Inter Pharma;Tuýp;https://www.pharmacity.vn/product/kem-tri-viem-da-betaderm-neomycin-cream-10g
Viên nén Dexamethasone 0.5mg Mekophar kháng viêm, trị viêm thấp khớp, chống dị ứng (chai 200 viên);41200;Dexamethasone 0.5mg;Mekophar;Chai;https://www.pharmacity.vn/product/thuoc-dieu-tri-chong-viem-do-cac-benh-di-ung-dexamethasone-05mg-mkp-chai-200-vien
Kem bôi ngoài da Hirudoid cream 14g điều trị viêm giãn tĩnh mạch (tuýp 14g);133900;Mucopolysaccharide polySulfate 0.3g;Medinova;Tuýp;https://www.pharmacity.vn/product/hirudoid-cream-14g
Thuốc xịt mũi Rhinocort Aqua Spr 64mcg trị viêm xoang, viêm mũi dị ứng, polyp mũi (chai 120 liều);234000;Budesonid 64mcg/dose;Johnson & Johnson;Chai;https://www.pharmacity.vn/product/hon-dich-xit-mui-dieu-tri-viem-mui-di-ung-rhinocort-aqua-64mcg-120-lieuchai
Hỗn dịch uống Brufen Suspension 60ml giảm đau, hạ sốt (chai 60ml);60000;Ibuprofen 100mg/5ml/60ml;Abbott;Chai;https://www.pharmacity.vn/product/siro-giup-ha-sot-huong-cam-cho-tre-em-brufen-60ml
Thuốc nhỏ mũi Otrivin 0.1% trị sung huyết mũi, viêm xoang, viêm mũi dị ứng (chai 10ml);52000;Xylometazolin 0.1%/10ml;GSK OTC;Chai;https://www.pharmacity.vn/product/thuoc-nho-mui-giam-nghet-mui-otrivin-0-1-colds-nasal-drops-10ml
Thuốc cốm Singulair 4mg dự phòng và điều trị hen phế quản mạn tính, viêm mũi dị ứng (hộp 28 gói);392000;Montelukast 4mg;Singulair;Hộp;https://www.pharmacity.vn/product/thuoc-com-du-phong-va-dieu-tri-hen-phe-quan-man-tinh-o-nguoi-lon-va-tre-em-tren-6-thang-tuoi-singulair-4mg-28-goi-hop
Viên nén Betaserc 16mg điều trị chóng mặt, rối loạn tiền đình (3 vỉ x 20 viên);240000;Betahistin 16mg;Abbott;Hộp;https://www.pharmacity.vn/product/thuoc-dieu-tri-chong-mat-tien-dinh-betaserc-16mg
Viên nén Mobic 7.5mg kháng viêm, giảm đau cơ xương khớp, viêm khớp dạng thấp (2 vỉ x 10 viên);209820;Meloxicam 7.5mg;Boehringer Ingelheim;Hộp;https://www.pharmacity.vn/product/thuoc-dieu-tri-thoai-hoa-khop-viem-cot-song-mobic-75mg
Thuốc nhỏ mắt Oflovid 5ml trị viêm bờ mi, viêm túi lệ, lẹo, viêm kết mạc, viêm sụn mi (chai 5ml);60000;Ofloxacin 0.3%/5ml;Santen;Chai;https://www.pharmacity.vn/product/dung-dich-nho-mat-dieu-tri-viem-giac-mac-oflovid-5ml
Viên nang Lincomycin 500mg - Domesco điều trị nhiễm khuẩn (20 vỉ x 10 viên);300000;Lincomycin 500mg;Domesco;Hộp;https://www.pharmacity.vn/product/lincomycin-500mg-hop-20-vi-x-10-vien
Tomax genta 6g;8000;Clotrimazole 10mg, Gentamycin 1mg, Triamcinolone 1mg;Binh Nguyen;Tuýp;https://www.pharmacity.vn/product/tomax-genta
Viên nén Tegretol 200mg điều trị động kinh (5 vỉ x 10 viên);140000;Carbamazepin 200mg;Novartis;Hộp;https://www.pharmacity.vn/product/thuoc-dieu-tri-dong-kinh-tegretol-cr-200mg-5-vi-x-10-vienhop
Viên nén nhai Saferon điều trị thiếu máu do thiếu sắt (3 vỉ x 10 viên);150000;Ferrous 100mg, Acid folic 500mcg;Glenmark;Hộp;https://www.pharmacity.vn/product/thuoc-dieu-tri-thieu-mau-saferon-3vi-x-10vien
Thuốc nhỏ mắt Vigadexa điều trị nhiễm khuẩn ở mắt (chai 5ml);112000;Moxifloxacin 5mg, Dexamethasone 1mg;Novartis;Chai;https://www.pharmacity.vn/product/thuoc-nho-mat-vigadexa-5ml
Viên nang Cebraton phòng và trị các bệnh suy giảm trí nhớ, thiểu năng tuần hoàn não (5 vỉ x 10 viên);32000;Cao Đinh Lăng 300mg, Cao Bạch Quả 100mg;Traphaco;Vỉ;https://www.pharmacity.vn/product/thuoc-bo-nao-dieu-tri-va-phong-ngua-cac-benh-suy-giam-tri-nho-cebraton-5-vi-x-10-vien-hop
Viên nén Mucosta 100mg loét dạ dày, tổn thương niêm mạc dạ dày (10 vỉ x 10 viên);420000;Rebamipide 100mg;Otsuka;Hộp;https://www.pharmacity.vn/product/thuoc-dieu-tri-loet-da-day-mucosta-100mg
Viên nang Artrodar Diacerein 50 mg điều trị triệu chứng thoái hóa khớp (3 vỉ x 10 viên);375000;Diacerein 50mg;TRB  Chemedica;Hộp;https://www.pharmacity.vn/product/thuoc-dieu-tri-cac-benh-thoai-hoa-khop-artrodar-diacerein-50mg-3-vi-x-10-vienhop
Thuốc dùng ngoài Erylik điều trị tại chỗ mụn trứng cá mức độ trung bình (tuýp 30g);115000;Erythrommycin 400mg, Tretinoin 2.5mg;Chemineau;Hộp;https://www.pharmacity.vn/product/gel-dieu-tri-tai-cho-mun-trung-muc-do-trung-binh-erylik-30g
Scanneuron - Forte (Hộp 10 vỉ x 10 viên);159700;Vitamin B1 250mg, Vitamin B6 250mg, Vitamin B12 1000mcg;STELLA;Hộp;https://www.pharmacity.vn/product/thuoc-dieu-tri-ho-tro-cac-benh-roi-loan-ve-he-than-kinh-scanneuron-forte-10-vi-x-10-vienhop
Viên nén Sulcilat 750mg điều trị nhiễm khuẩn (1 vỉ x 10 viên);279500;Sultamicilin 750mg;Atabay, Turkey;Hộp;https://www.pharmacity.vn/product/sulcilat-750mg-hop-1-vi-x-10-vien
Viên nén Spiromide giảm phù, lợi tiểu, hạ huyết áp (2 vỉ x 10 viên);62000;Spironolactone 50mg,20mg;Searle;Hộp;https://www.pharmacity.vn/product/spiromide-hop-2-vi-x-10-vien
Bột pha uống Lactéol 340mg trị tiêu chảy cho người lớn, trẻ em và trẻ sơ sinh (hộp 10 gói);17400;Lactobaccillus 340mg;Aptalis;Gói;https://www.pharmacity.vn/product/thuoc-dieu-tri-tieu-chay-cho-nguoi-lon-tre-em-va-tre-so-sinh-lacteol-sachet-340mg
Viên nén Dopegyt 250mg điều trị tăng huyết áp (10 vỉ x 10 viên);340000;Methyldopa 250mg;Egis Pharma;Hộp;https://www.pharmacity.vn/product/thuoc-dieu-tri-tang-huyet-ap-dopegyt-250mg-h100v
Hỗn dịch uống Trimafort giảm các triệu chứng do tăng acid dạ dày, đầy hơi (20 gói x 10ml);5250;Aluminum 3g, Simethicon 267mg, Magnesium 800mg;Daewoong Pharm;Gói;https://www.pharmacity.vn/product/thuoc-dieu-tri-dau-da-day-o-nong-day-hoi-trimafort-20-goihop
Viên nang PM Branin cải thiện và duy trì chức năng não, trí nhớ, khả năng học tập (5 vỉ x 12 viên);446000;Bacopa monnieri 3g;Probiotec;Hộp;https://www.pharmacity.vn/product/pm-branin-5vi-x-12vien
Viên nén Claminat 625mg điều trị nhiễm khuẩn (2 vỉ x 7 viên);89900;Amoxicilin 500mg, Acid Clavulanic 125mg;Imexpharm;Hộp;https://www.pharmacity.vn/product/thuoc-dieu-tri-nhiem-khuan-duong-ho-hap-claminat-625mg
Thuốc dùng ngoài Hiteen điều trị tại chỗ mụn trứng cá (tuýp 10g);30000;Erythrommycin 400mg, Tretinoin 2.5mg;Phil Inter Pharma;Tuýp;https://www.pharmacity.vn/product/hiteen-gel-hop-1-tuyp-x-10-g
Gel Zytee giảm đau răng, viêm loét miệng (tuýp 10ml);30000;Choline Salicylat, Benzalkonium Chlorid Solution B.P;Raptakos Brett;Tuýp;https://www.pharmacity.vn/product/thuoc-dieu-tri-lo-mieng-dau-rang-kich-ung-rang-gia-zytee-10ml
Bequantene  100mg ( Hộp 2 Vỉ x10 viên);38000;Dexpanthenol 100mg;Mediplantex;Hộp;https://www.pharmacity.vn/product/bequantene20vien
Viên nang Moriamin Forte bổ sung vitamin, duy trì và phục hồi sức khỏe (10 vỉ x 10 viên);34890;L-Leucine, L-Lysin, L-Phenylalanin, L-Threonine, L-Valin, L-Tryptophan, Methionin, Thiamin, Cyanocobalamin, Riboflavin, Pyridoxine, Ascorbic acid, Vitamin E;Roussel;Vỉ;https://www.pharmacity.vn/product/thuoc-duy-tri-va-phu-hoi-suc-khoe-moriamin-forte-10-vi-x-10-vien-hop
L-cystine Phil Inter 500mg (Hộp 12 Vỉ x 5 Viên);83000;L-Cysteine 500mg;Phil Inter Pharma;Hộp;https://www.pharmacity.vn/product/l-cystine60vien
Thuốc dạng phun mù định liều Flixotide Evohaler Spr 125mcg điều trị hen phế quản (chai 120 liều);108000;Fluticason 125mcg;GSK ETC;Hộp;https://www.pharmacity.vn/product/thuoc-dang-xit-dieu-tri-hen-phe-quan-flixotide-evohaler-125mcg
Thuốc dùng ngoài Daivobet trị bệnh vảy nến mảng mạn tính thông thường (tuýp 15g);300000;Calcipotriol 50mcg/g, Betamethason 0.5mg/g;Leo Pharma;Tuýp;https://www.pharmacity.vn/product/thuoc-mo-dieu-tri-benh-vay-nen-daivobet-ointment-15g
Viên nén Seroquel XR 50mg điều trị rối loạn lưỡng cực, tâm thần phân liệt (3 vỉ x 10 viên);325000;Quetiapine fumarate 50mg;AstraZeneca;Hộp;https://www.pharmacity.vn/product/seroquel-xr-tab-50mg30vien
Bột pha uống Zitromax 200mg/5ml điều trị nhiễm khuẩn đường hô hấp (chai 15ml);132900;Azithriomycin 200mg/5ml;Pfizer PBG;Hộp;https://www.pharmacity.vn/product/bot-pha-hon-dich-uong-dieu-tri-nhung-nhiem-khuan-gay-ra-boi-vi-khuan-nhay-cam-zitromax-pos-sus-200mg5ml-15ml
Viên giải phóng có kiểm soát Komboglyze XR 5mg/500mg điều trị đái tháo đường type 2 (4 vỉ x 7 viên);602000;Saxagliptin 5mg, Metformin 500mg;AstraZeneca;Hộp;https://www.pharmacity.vn/product/thuoc-dieu-tri-benh-dai-thao-duong-komboglyze-xr-tab-5mg500mg-4-vi-x-7-vien
Viên nén Janumet 50mg/850mg điều trị đái tháo đường type 2 (4 vỉ x 7 viên);305000;Metfomin 850mg, Stitagliptin 50mg;Merck Sharp & Dohme;Hộp;https://www.pharmacity.vn/product/thuoc-ho-tro-che-do-an-kieng-cai-thien-kiem-soat-duong-huyet-o-benh-nhan-dai-thao-duong-typ-2-janumet-50mg850mg
Viên nén Luvox 100mg điều trị trầm cảm, rối loạn xung lực cưỡng bức ám ảnh (2 vỉ x 15 viên);229900;Fluvoxamin 100mg;Abbott;Hộp;https://www.pharmacity.vn/product/luvox-100mg-hop-2-vi-x-15-vien
Viên nén Klacid 250mg điều trị nhiễm khuẩn đường hô hấp (1 vỉ x 10 viên);210000;Clarithromycin 250mg;Abbott;Hộp;https://www.pharmacity.vn/product/klacid-tab-250mg10vien
Viên nén Coveram 5mg/10mg điều trị tăng huyết áp (hộp 30 viên);255000;Amlodipin 5mg, Atenolol 10mg;Servier International;Chai;https://www.pharmacity.vn/product/thuoc-dieu-tri-benh-tang-huyet-ap-vo-can-va-benh-mach-vanh-on-dinh-coveram-5mg10mg-30-vienchai
Viên nén Gasmotin 5mg trị nóng ruột, buồn nôn, trào ngược dạ dày (3 vỉ x 10 viên);150000;Mosaprid 5mg;Eisai Ltd;Hộp;https://www.pharmacity.vn/product/thuoc-dieu-tri-cac-chung-kho-tieu-chuc-nang-da-day-ruot-gasmotin-5mg
Viên nang Pradaxa 110mg phòng ngừa tai biến, đột quỵ, trị huyết khối tĩnh mạch sâu (3 vỉ x 10 viên);990000;Dabigatran Etexilat 110mg;Boehringer Ingelheim;Hộp;https://www.pharmacity.vn/product/pradaxa-hop-3-vi-x-10-vien
Viên giải phóng có kiểm soát Sifrol 0,75mg trị bệnh parkinson (3 vỉ x 10 viên);959800;Pramipexole 0.75mg;Boehringer Ingelheim;Hộp;https://www.pharmacity.vn/product/sifrol-075mg-hop-3-vi-x-10-vien
Viên nén Trajenta 5mg điều trị đái tháo đường type 2 (3 vỉ x 10 viên);561000;Linagliptin 5mg;Boehringer Ingelheim;Hộp;https://www.pharmacity.vn/product/thuoc-dieu-tri-dai-thao-duong-typ-2-trajenta-5mg
Viên ngậm Bảo Thanh (20 vỉ x 5 viên ngậm) – Bổ phế, giảm ho, dịu họng;232000;Gừng 0.1g, Bạc hà 0.1mg, Qua lâu 0.2g, Xuyên bối mẫu 0.4g, Cát cánh 0.4g, Tỳ bà diệp 0.5g, Viễn chí 0.1g, Thanh b 0.1g, Mật ong 0.125g, Ngũ vị 0.05g, Nhân sâm 0.1g, Phục linh 0.1g,  Bán hạ 0.1g, Mơ 0.2g, Ô ma 0.5g, Cam thảo bắc 0.1g;Bao Thanh;Hộp;https://www.pharmacity.vn/product/vien-ngam-bo-phe-tru-ho-hoa-dom-bao-thanh-20-vi-x-5-vien-hop
Viên giải phóng có kiểm soát Imdur 60mg điều trị dự phòng đau thắt ngực (2 vỉ x15 viên);195000;Isosorbid 60mg;AstraZeneca;Hộp;https://www.pharmacity.vn/product/thuoc-du-phong-dau-that-nguc-imdur-60mg-2-vi-x-15-vien
Cao xoa Tiger Balm White trị cảm cúm, sổ mũi, nghẹt mũi, chóng mặt, say tàu xe (hộp 19.4g);48000;Camphor 25%, Dementholised Mint Oil 6%, Cajuput Oi 7%, Menthol 10%, Clove Oil 5%, Cassia Oil 5%, Hard Paraffin và Yellow Solf Paraffin vừa đủ. 15.3% ;Tiger balm;Hộp;https://www.pharmacity.vn/product/tiger-balm-white-194g
Viên nhai Azoltel 400mg điều trị nhiễm giun, sán (1 vỉ x 1 viên);5000;Albendazol 400mg;STELLA;Hộp;https://www.pharmacity.vn/product/thuoc-tay-giun-san-albendazol-stada-400mg
Viên nén Fexostad 180mg trị viêm mũi dị ứng, mày đay (1 vỉ x 10 viên);34000;Fexofenadin 180mg;STELLA;Hộp;https://www.pharmacity.vn/product/thuoc-dieu-tri-benh-viem-mui-di-ung-noi-me-day-vo-can-man-tinh-fexostad-180-10-vien-hop
Viên giải phóng có kiểm soát Glucophage XR 750mg điều trị đái tháo đường type 2 (2 vỉ x 15 viên);128000;Metfomin 750mg;Glucophage;Hộp;https://www.pharmacity.vn/product/glucophage-xr-750-hop-2-vi-x-15-vien
Viên nén Bestrip 50mg phòng ngừa và điều trị say tàu xe (3 vỉ x 10 viên);4000;Dimenhydrinat 50mg;Pharmedic;Vỉ;https://www.pharmacity.vn/product/thuoc-phong-va-dieu-tri-chung-buon-non-non-do-say-tau-xe-bestrip-3-vi-x-10-vienhop
Viên giải phóng có kiểm soát Trimetazidin Stella 35mg MR trị đau thắt ngực ổn định (3 vỉ x 10 viên);29900;Trimetazidin 35mg;STELLA;Hộp;https://www.pharmacity.vn/product/trimetazidine-stella-35-mg-hop-3-vi-x-10-vien
Dung dịch nhỏ mắt Duotrav 40mcg/ml + 5mg/ml làm giảm nhãn áp (chai 2.5ml);322000;Travoprost 40mcg, Timolol 5mg/2.5ml;Alcon Pharmaceuticals;Chai;https://www.pharmacity.vn/product/duotrav
Viên nang Hornol 3mg/5mg điều trị đau thần kinh, bệnh xương khớp do thần kinh (3 vỉ x 10 viên);116800;Cytidin monophosphate 5mg, Uridin monophosphate disodium 3mg;Other;Hộp;https://www.pharmacity.vn/product/hornol-3vi-x-10vien
Viên nén Diurefar 40mg lợi tiểu - hạ huyết áp (10 vỉ x 12 viên);26000;Furosemid 40mg;Pharmedic;Hộp;https://www.pharmacity.vn/product/diurefar-40mg-hop-10-vi-x-12-vien
Viên nang Omez 20mg điều trị loét dạ dày, tá tràng, viêm thực quản (2 vỉ x 10 viên);32000;Omeprazole 20mg;Reddy;Hộp;https://www.pharmacity.vn/product/thuoc-dieu-tri-tieu-hoa-omez-20mg
Luotai (Chai/30vien);285000;Panax notoginseng saponins 100mg;Kunming;Chai;https://www.pharmacity.vn/product/luotai-chai30vien
Viên nén Progynova 2mg điều trị thiếu estrogen do mãn kinh (1 vỉ x 28 viên);112000;Estradiol valerate 2mg;Bayer (Others);Hộp;https://www.pharmacity.vn/product/progynova-2mg-hop-1-vi-x-28-vien
Viên nén VG 5 hạ men gan, tăng cường chức năng gan, bổ gan (chai 40 viên);40000;Cao Diệp Hạ Châu 100mg, Cao Nhân trần 130 mg, Cao Cỏ Nhọ nồi 50mg, Cao râu bắp 50 mg;Danapha;Hộp;https://www.pharmacity.vn/product/thuoc-dieu-tri-ha-men-gan-dieu-tri-viem-gan-cap-va-man-tinh-vg-5-40-vien-lo
Viên nén Acetazolamid 250mg điều trị glaucoma (10 vỉ x 10 viên);105000;Acetazolamid 250mg;Pharmedic;Hộp;https://www.pharmacity.vn/product/thuoc-dieu-tri-loi-tieu-giam-nhan-ap-acetazolamid-10-vi-x-10-vienhop
Dung dịch uống Depakine 200mg/ml điều trị động kinh (chai 40ml);95000;Valproate 200mg/ml;Sanofi GEM;Hộp;https://www.pharmacity.vn/product/depakine-solution-fl-40ml-200mgml
Bột pha uống Zaromax 100mg DHG Pharma điều trị nhiễm khuẩn đường hô hấp (hộp 24 gói);72000;Azithriomycin 100mg;DHG Pharma;Hộp;https://www.pharmacity.vn/product/azithromycin-100-hop-24-goi
Viên nhai Montiget 5mg dự phòng và điều trị hen phế quản mạn tính, viêm mũi dị ứng (2 vỉ x 7 viên);63000;Montelukast 5mg;Getz Pharm;Hộp;https://www.pharmacity.vn/product/thuoc-phong-va-dieu-tri-suyen-man-tinh-cho-tre-em-tu-6-thang-tuoi-tro-len-montiget-5mg
Viên nén Devodil 50mg điều trị ngắn hạn chứng lo âu, rối loạn hành vi nghiêm trọng (2 vỉ x 10 viên);59500;Sulpiride 50mg;Remedica;Hộp;https://www.pharmacity.vn/product/devodil-50mg-hop-2-vi-x-10-vien
Viên nhai Montiget 4mg dự phòng và điều trị hen phế quản mạn tính, viêm mũi dị ứng (2 vỉ x 7 viên);50400;Montelukast 4mg;Getz Pharm;Hộp;https://www.pharmacity.vn/product/thuoc-phong-va-dieu-tri-hen-suyen-man-tinh-montiget-4mg-2-vi-x-7-vienhop
Viên nén Parokey 20mg DaViPharm trị trầm cảm, rối loạn hoảng sợ và ám ảnh cưỡng chế (3 vỉ x 10 viên);125000;paroxetin HCl 20 mg 20mg;Davipharm;Hộp;https://www.pharmacity.vn/product/thuoc-dieu-tri-hoi-chung-loan-than-kinh-am-anh-parokey-3vi-x-10vien
Thuốc nhỏ tai Otipax điều trị chứng đau tại chỗ viêm tai giữa (chai 15ml);60000;Phenazone 4g, Lidocaine 1g;Biocodex;Chai;https://www.pharmacity.vn/product/otipax-15ml-dung-dich-nho-tai
Viên nén Xương Khớp Nhất Nhất trị đau nhức xương khớp (2 vỉ x 10 viên);105000;Đương quy 750mg, Đỗ trọng 600mg, Cẩu tích 600mg, Đan sâm 450mg, Liên nhục 450mg, Tục đoạn 300mg, Thiên ma 300mg, Cốt toái bổ 300mg, Độc hoạt 600mg, Sinh địa 600mg, Uy linh tiên  450mg, Thông thảo 450mg, Khương hoạt 300mg, Hà thủ ô đỏ 300mg;Nhat Nhat;Hộp;https://www.pharmacity.vn/product/thuoc-dieu-tri-dau-lung-dau-cot-song-dau-than-kinh-toa-xuong-khop-nhat-nhat-2-vi-x-10-vien
Siro Hen PH Phúc Hưng trị hen, viêm phế quản và phổi tắt nghẽn mạn tính (chai 250ml);125000;Ma hoàng 20g, Bán hạ 30g, Ngũ vị tử 20g, Tỳ bà diệp 20g, Cam thảo 20g, Tế tân 6g, Can khương 20g, Hạnh nhân 20g, Bối mẫu 20g,  Trần bì   20g/250ml;Dong Duoc Phuc Hung;Hộp;https://www.pharmacity.vn/product/thuoc-hen-ph-250ml
Thuốc bột uống Glomoti-M 5/50 sachet điều trị triệu chứng buồn nôn, nôn (12 gói x 1.5g);36000;Domperidone 5mg, Simethicone 50mg;GLOMED-ABBOTT;Hộp;https://www.pharmacity.vn/product/glomoti-m-h12goi
Thuốc xịt mũi Nazoster 0,05% trị và dự phòng viêm mũi dị ứng theo mùa (chai 140 liều);270000;Mometason 0,5%(kl/kl);Santa;Chai;https://www.pharmacity.vn/product/nazoster-005-chai-18g
Viên nén Cozaar XQ 5mg/100mg điều trị tăng huyết áp (3 vỉ x 10 viên);375000;Amlodipin 5mg, Losartan 100mg;Merck Sharp & Dohme;Hộp;https://www.pharmacity.vn/product/thuoc-dieu-tri-cao-huyet-ap-vo-can-o-nguoi-lon-cozaar-xq-5mg100mg
Viên nén Vascam 5mg điều trị tăng huyết áp (3 vỉ x 10 viên);38900;Amlodipine besylate 5mg;United Pharma;Hộp;https://www.pharmacity.vn/product/thuoc-dieu-tri-tim-mach-vascam-5mg-3vi-x-10vien
Dung dịch tiêm Lantus Solostar 100IU/ml insulin trị đái tháo đường 0;1450000;Insulin glargine 100IU/ml;Sanofi GEM;Hộp;https://www.pharmacity.vn/product/thuoc-dieu-tri-insulin-lantus-solostar-100iuml-5-x-3ml-h5but-r
Steroid Tobradex (Tuýp 3.5g);62000;Dexamethason 3mg, Tobramycin 1mg/5ml;Novartis;Hộp;https://www.pharmacity.vn/product/thuoc-mo-tra-mat-chi-dinh-cho-nhung-tinh-trang-viem-o-mat-co-dap-ung-voi-steroid-tobradex-35g
Viên nén Zanimex 500mg kháng sinh điều trị nhiễm khuẩn (2 vỉ x 5 viên);140000;Cefuroxim 500mg;Imexpharm;Hộp;https://www.pharmacity.vn/product/zanimex-500-hop-2-vi-x-5-vien
Viên giải phóng có kiểm soát Imdur 30mg điều trị dự phòng đau thắt ngực (2 vỉ x15 viên);97900;Isosorbid 30mg;AstraZeneca;Hộp;https://www.pharmacity.vn/product/thuoc-dieu-tri-du-phong-dau-that-nguc-imdur-tab-30mg-2-vi-x-15-vienhop
Viên nén bao đường Tiêu Độc PV hạ men gan, tăng cường chức năng gan, bổ gan (hộp 60 viên);75000;Kim ngân hoa 600mg, Thổ phục linh 600mg, Mã đề 300mg;Duoc Phuc Vinh;Hộp;https://www.pharmacity.vn/product/thuoc-dieu-tri-cac-chung-di-ung-mun-nhot-ho-tro-giai-doc-gan-tieu-doc-pv-60-vien-hop
Viên nén Osteomed Meyer bổ sung calci, magne, kẽm, vitamin D3 và khoáng chất (2 vỉ x 15 viên);134000;Calcium Carbonate 400mg, Magnesium Hydroxide 150mg, Zinc Sulfate 5mg, Cholecalciferol 100IU;MeyerHealthcare;Hộp;https://www.pharmacity.vn/product/osteomed-2vi-x-15vien
Viên nén Glotadol F trị các triệu chứng ho cảm thông thường (10 vỉ x 10 viên);121900;Loratadin 5mg, Paracetamol 500mg, Phenylephrin 7.5mg, Dextromethorphan 15mg;GLOMED-ABBOTT;Hộp;https://www.pharmacity.vn/product/thuoc-dieu-tri-cac-trieu-chung-cam-lanh-va-cam-cum-glotadol-f-10-vi-x-10-vienhop
EyeBi ( Hộp 3 Vỉ x 10 Viên);134000;Vaccinium myrtillus 50mg, Tocopherol 50mg;Interpharma;Hộp;https://www.pharmacity.vn/product/eyebi-3vi-x-10vien
Viên nén Hapacol CS day trị các triệu chứng cảm thông thường (10 vỉ x 10 viên);6720;Paracetamol, Phenylephrin;DHG Pharma;Vỉ;https://www.pharmacity.vn/product/hapacol-cs-day-hop-10-vi-x-10-vien
Viên nén Atasart - H 16mg điều trị tăng huyết áp (4 vỉ x 7 viên);145000;Hydrohclorothiazide, Candesartan;Getz Pharm;Hộp;https://www.pharmacity.vn/product/atasart-h-16mg-hop-4-vi-x-7-vien
Thuốc dùng ngoài PhilClobate trị viêm da, chàm, dị ứng, ngứa (tuýp 15g);22000;Clobetasol Propionat 0;Phil Inter Pharma;Tuýp;https://www.pharmacity.vn/product/thuoc-mo-dieu-tri-viem-da-philclobate-oint-15g
Viên nang Mecefix-B.E 250mg kháng sinh điều trị nhiễm khuẩn (2 vỉ x 10 viên);240000;Cefixime 250mg;Merap Group;Hộp;https://www.pharmacity.vn/product/mecefix-be-250mg-2vi-x-10vien-merap
Norash cream 20g;31800;Dimethicone 20%v/v, Zincum oxide 7.5%v/v, Calamine 1.5%v/v, Cetrimide 1.125%v/v;Raptakos Brett;Tuýp;https://www.pharmacity.vn/product/norash-cream-20g
Viên nang Permixon 160mg phì đại lành tính của tuyến tiền liệt ở người lớn (4 vỉ x 15 viên);461000;Lipidosterolic 160mg;Pierre-Fabre;Hộp;https://www.pharmacity.vn/product/permixon-160mg-4-vi-x-15-vienhop
viên nén Vitamin PP 50mg phòng ngừa và điều trị bệnh Pellagra (chai 60 viên);8000;Nicotinamid 50mg;Pharmedic;Chai;https://www.pharmacity.vn/product/thuoc-ngan-ngua-thieu-hut-nicotinamid-dieu-tri-benh-pellagra-vitamin-pp-50mg-chai-60-vien
Trà hòa tan Trà gừng thái dương trị các triệu chứng ho cảm thông thường (10gói x 3g);1760;Bột gừng 900mg;Sao Thai Duong;Gói;https://www.pharmacity.vn/product/tra-gung-dung-cho-cac-truong-hop-cam-lanh-non-mua-tieu-chay-thai-duong-hop-10-goi-x-3g
Viên nén Cetirizine 10mg điều trị triệu chứng viêm mũi dị ứng, mày đay (10 vỉ x 10 viên);4310;Cetirizine HCL 10 mg 10mg;Imexpharm;Vỉ;https://www.pharmacity.vn/product/thuoc-dieu-tri-viem-mui-di-ung-pms-cetirizine-10mg-10-vi-x-10-vien
Viên nén Franilax 50mg/20mg trị phù, tăng huyết áp (3 vỉ x 10 viên);47900;Spironolacton 50mg, Furosemid 20mg;Davipharm;Hộp;https://www.pharmacity.vn/product/thuoc-dieu-tri-phu-bang-bung-do-suy-tim-sung-huyet-va-xo-gan-tang-huyet-ap-hoi-chung-than-hu-franilax-3-vi-x-10-vienhop
Viên nang Neubatel 300mg trị động kinh, viêm dây thần kinh (10 vỉ x 10 viên);150000;Gabapentin 300mg 300mg;Davipharm;Hộp;https://www.pharmacity.vn/product/neubatel-300mg-10-vi-x-10-vien
Viên nén Forxiga 5mg điều trị đái tháo đường type 2 (2 vỉ x 14 viên);545000;Dapagliflozin 5mg;Nexium;Hộp;https://www.pharmacity.vn/product/thuoc-dieu-tri-dai-thao-duong-typ-2-forxiga-5mg-2-vi-x-14-vien
Dung dịch uống Lactulose Stella trị táo bón, bệnh lý não do gan (20 gói x 15ml);4250;Lactulose 10g;STELLA;Gói;https://www.pharmacity.vn/product/dung-dich-uong-dieu-tri-tao-bon-man-tinh-lactulose-hop-20-goi-x-15ml
Viên nén Coirbevel 150mg/12.5mg điều trị tăng huyết áp (2 vỉ x 14 viên);89600;Irbesartan 150mg, Hydrochlorothiaz 12.5mg;Hasan- Demarpharm;Hộp;https://www.pharmacity.vn/product/coirbevel-150125mg-2-vi-x-14-vienhop
Viên nén Molitoux 50mg tiêu nhầy, loãng đàm, giảm ho (2 vỉ x 15 viên);20700;Eprazinon 50mg;Domesco;Vỉ;https://www.pharmacity.vn/product/molitoux-50mg-hop-2-vi-x-15-vien
Viên nén Atheren 5mg điều trị triệu chứng dị ứng, mất ngủ (2 vỉ x 25 viên);9050;Alimemazin 5mg 5mg;Pymepharco;Vỉ;https://www.pharmacity.vn/product/thuoc-dieu-tri-di-ung-ho-hap-giam-ho-khan-va-ho-do-kich-ung-atheren-5mg-2-vi-x-25-vienhop
Viên nén Agietoxib 90mg điều trị viêm và giảm các cơn đau cơ xương khớp (3 vỉ X 10 viên);75000;Etoricoxib 90mg;AGIPHARM;Hộp;https://www.pharmacity.vn/product/agietoxib-90mg-3-vi-x-10-vienhop
Viên nén Alenbe 70mg điều trị loãng xương ở phụ nữ sau mãn kinh (2 vỉ x 2 viên);53500;Alendronic Acid 70mg;Hasan- Demarpharm;Hộp;https://www.pharmacity.vn/product/alenbe-70mg-2-vi-x-2-vienhop
Viên nén Mirastad 30mg Stella điều trị các cơn trầm cảm lớn (2 vỉ x 14 viên);98000;Mirtazapin 30mg;STELLA;Hộp;https://www.pharmacity.vn/product/mirastad-30-hop-2-vi-x-14-vien
Viên nén Spiromide 40mg giảm phù, lợi tiểu, hạ huyết áp (3 vỉ x 10 viên);108000;Spironolacton 50mg, Furosemid 40mg;Searle;Hộp;https://www.pharmacity.vn/product/spiromide-40mg-3-vi-x-10-vienhop
Viên nén Savi Telmisartan 80mg điều trị tăng huyết áp (3 vỉ x 10 viên);84800;Telmisartan 80mg;Savi;Hộp;https://www.pharmacity.vn/product/savi-telmisartan-80mg-3-vi-x-10-vienhop
Viên nén bao phim Neo-Nidal 100mg giảm đau và giảm viêm xương khớp (3 vỉ x 10 viên);28500;Aceclofenac 100mg;Ampharco U.S.A;Hộp;https://www.pharmacity.vn/product/neo-nidal-100mg-3-vi-x-10-vienhop
Viên nang Flunarizine 5mg điều trị phòng ngừa cơn đau nữa đầu (3 vỉ x 10 viên);21000;Flunarizil 5mg;TVPharma;Hộp;https://www.pharmacity.vn/product/thuoc-dieu-tri-du-phong-con-dau-nua-dau-flunarizine-5mg-3-vi-x-10-vien-hop
Viên nang Piromax 10mg kháng viêm, giảm đau xương khớp, viêm khớp dạng thấp (10 vỉ x 10 viên);36000;"Piroxicam 
 10mg";TVPharma;Hộp;https://www.pharmacity.vn/product/piromax-10mg-10-vi-x-10-vienhop
Viên nén Halozam 400mg/25mg rối loạn mạch máu não, rối loạn tiền đình (10 vỉ x 10 viên);105000;Piracetam 400mg, Cinnarizin 25mg;Hasan- Demarpharm;Hộp;https://www.pharmacity.vn/product/thuoc-dieu-tri-roi-loan-mach-mau-nao-roi-loan-tien-dinh-halozam-400mg25mg-10-vi-x-10-vienhop
Viên đặt âm đạo Agimycob điều trị viêm âm đạo (1 vỉ x 10 viên);35000;Metronidazol, Neomycin, Nystatin;AGIPHARM;Hộp;https://www.pharmacity.vn/product/agimycob-hop-10-vien
Hỗn dịch Gaviscon Dual Action 10ml (Hộp/24 Gói) - Giảm trào ngược, bảo vệ dạ dày;10000;Natri Alginat 500mg, Natri Bicarbonat 213mg, Calci Carbonat 235mg;Gaviscon;Gói;https://www.pharmacity.vn/product/thuoc-dieu-tri-benh-dau-trao-nguoc-da-day-gaviscon-dual-action-24-goi-x-10ml-hop
Viên nén Venlafaxine Stella 75mg trị cơn trầm cảm nặng và rối loạn lo âu (2 vỉ x 14 viên);168000;Venlafaxin 75mg;STELLA;Hộp;https://www.pharmacity.vn/product/venlafaxine-stella-75-mg-hop-2-vi-x-14-vien
Thuốc bột Tydol 80mg giảm đau từ nhẹ đến vừa và hạ sốt (hộp 12 gói);1500;Paracetamol 80mg;OPV;Gói;https://www.pharmacity.vn/product/bot-uong-giup-giam-dau-ha-sot-tydol-sachet-powder-80mg-12-goihop
Bột dùng ngoài Nadyrosa làm mát da trị rôm sảy, ngứa, sần đỏ da (chai 80g);45000;Kẽm oxyd 0,5g 0.5g,  Acid boric 0,1g 0.1g,  Titan dioxyd 0,3g 0.3g;Nadyphar;Chai;https://www.pharmacity.vn/product/phan-thoa-da-tri-rom-say-ngua-nadyrosa-chai-80g
Cao lỏng Cao Ích Mẫu điều hòa kinh nguyệt, giảm triệu chứng tiền mãn kinh (chai 100ml);32900;Ích mẫu 72g, Hương phụ 22.5g, Ngải cứu 18.00g/100ml;OPC;Chai;https://www.pharmacity.vn/product/cao-ich-mau-chai-100ml
Dung dịch dùng ngoài Phytogyno phòng và điều trị các bệnh viêm nhiễm đường sinh dục (chai 250ml);71800;Alpha-Terpineol 0.75g/250ml;Opodis Pharma;Chai;https://www.pharmacity.vn/product/dung-dich-ve-sinh-phu-nu-phytogyno-chai-250ml
Siro Ho Bảo Thanh trị ho, tiêu đờm, viêm họng, viêm phế quản (chai 90ml);50000;Dịch chiết (5:1) xuyên bối mẫu (tương đương xuyên bối mẫu 0,4g) 0,08 ml,  Cao lỏng (1,2:1) của hỗn hợp dược liệu (tương đương tỳ bà diệp 0,5g,  Sa sâm 0,1g,  Phục linh 0,1g,  Trần bì 0,1g,  Cát cánh 0,4g,  Bán hạ 0,1g,  Ngũ vị tử 0,05g,  Qua lâu nhân 0,2g,  Viễn chí 0,1g,  khổ hạnh nhân 0,2g,  Gừng 0,1g,  Ô mai 0,5g,  Cam thảo 0,1g) 2,125ml,  Tinh dầu bạc hà 0,1mg,  Mật ong 1g;Bao Thanh;Chai;https://www.pharmacity.vn/product/siro-dieu-tri-ho-viem-phe-quan-viem-phoi-bao-thanh-90ml
Viên Hoàn Bát Vị Bổ Thận Dương hội chứng thận hư, ù tai, tiểu đêm, đau lưng (chai 240 viên);58000;Hoài, Sơn thù , Mẫu đơn bì, Thục địa;OPC;Chai;https://www.pharmacity.vn/product/thuoc-dung-cho-nguoi-than-duong-yeu-hoan-bat-vi-bo-than-duong-chai-240-vien
Thuốc dùng ngoài Tacroz 0.1% Fort điều trị viêm da cơ địa từ vừa đến nặng (tuýp 10g);292000;Tacrolimus 100% 0.1%w/w;Glenmark;Tuýp;https://www.pharmacity.vn/product/tacroz-100-fort-10g-oint
Thuốc dùng ngoài Canasone C.B điều trị nhiễm nấm ngoài da (tuýp 5g);17600;Betamethason 5mg, Clotrimazol 15mg;Tiffy;Tuýp;https://www.pharmacity.vn/product/canasone-cb-hop-1-tuyp-5g
Thuốc dùng ngoài Enoti 1 % trị viêm da, chàm, dị ứng, ngứa (tuýp 10g);19000;Hydrocortison 10mg 10g;Phil Inter Pharma;Tuýp;https://www.pharmacity.vn/product/thuoc-dieu-tri-benh-da-lieu-enoti-1-10g-cream
Viên nén Carbamazepine 200mg Danapha điều trị động kinh (chai 100 viên);100000;Carbamazepin 200mg;Danapha;Chai;https://www.pharmacity.vn/product/thuoc-dieu-tri-cac-benh-than-kinh-carbamazepine-200mg-chai100-vien
Viên nén Amitriptylin Danapha 25mg điều trị trầm cảm (chai 100 viên);25000;Amitriptylin 25mg;Danapha;Chai;https://www.pharmacity.vn/product/thuoc-dieu-tri-trieu-chung-tram-cam-amitriptylin-25mg-chai-100-vien
Viên nén Phenytoin 100mg Danapha điều trị động kinh (chai 100 viên);36800;Phenytoin 100mg;Danapha;Chai;https://www.pharmacity.vn/product/thuoc-dieu-tri-dong-kinh-phenytoin-100mg-chai-100-vien
Viên nang Dexipharm 15mg trị ho khan do kích thích (chai 200 viên);115990;Dextromethorphan HBr 15 mg 15mg;Imexpharm;Chai;https://www.pharmacity.vn/product/dexipharm-15mg-chai-200-vien
Viên nén Stadeltine Stella 5mg điều trị triệu chứng viêm mũi dị ứng, mày đay (5 vỉ x 10 viên);18000;Levocetirizin 5mg;STELLA;Vỉ;https://www.pharmacity.vn/product/thuoc-dieu-tri-cac-trieu-chung-do-viem-mui-di-ung-stadeltine-5mg
Cao sao vàng trị cảm cúm, sổ mũi, nghẹt mũi, chóng mặt, say tàu xe (hộp 10g);18000;Camphor 849.20mg, Menthol 425.20mg, Tinh dau Bac ha 525.20mg, Tinh dau Tram 210.80mg, Tinh dau huong nhu 130.80mg;OPC;Hộp;https://www.pharmacity.vn/product/cao-sao-vang-10g
Viên bao tan ở ruột Pantostad 40mg điều trị trào ngược dạ dày – thực quản (4 vỉ x 7 viên);62000;Pantoprazol 40mg;STELLA;Hộp;https://www.pharmacity.vn/product/pantostad-40-hop-4-vi-x-7-vien
Viên nén Galvus Met 50mg/500mg trị đái tháo đường tuýp 2 (6 vỉ x 10 viên);580000;Vildagliptin 50mg, Metformin 500mg;Novartis;Hộp;https://www.pharmacity.vn/product/galvus-met-50mg500mg-hop-6-vi-x-10-vien
Thuốc dùng ngoài Canesten 1% điều trị nấm ngoài da, viêm bộ phận sinh dục do nấm (tuýp 20g);53000;"Clotrimazol
 0";Bayer HealthCare;Tuýp;https://www.pharmacity.vn/product/kem-tri-cac-benh-nhiem-nam-ngoai-da-canesten-20g
Dung dịch thụt trực tràng Fleet Enema trị táo bón (chai 133ml);59500;"Monobasic Sodium Phosphat, Dibasic Sodium Phosphat
";Fleet Laboratories;Hộp;https://www.pharmacity.vn/product/thuoc-dieu-tri-tao-bon-fleet-enema-133ml-for-adlut
Thuốc tiêm Tanganil 500mg (Hộp 5 ống x 5ml);95000;Acetyl-DL-Leucine 500mg/5ml;Pierre-Fabre;Hộp;https://www.pharmacity.vn/product/thuoc-dieu-tri-chong-mat-do-tang-huyet-ap-tanganil-500mg-inj
Thuốc dùng ngoài Forsancort 1% trị viêm da, giảm ngứa (tuýp 10g);26000;"Hydrocortison 
 10g";Medipharco- Tenamyd;Hộp;https://www.pharmacity.vn/product/kem-tri-cac-benh-ngoai-da-forsancort-1-cream-10g
Viên nén Rosepire 3mg/0,02mg thuốc tránh thai hàng ngày (1 vỉ x 28 viên);139500;Drospirenon 3mg, Ethinyl Estradiol 0.02mg;Exeltis;Hộp;https://www.pharmacity.vn/product/thuoc-tranh-thai-rosepire-3002-hop28-vien
Oracortia 1g (Hộp/50 gói) – Bột trị viêm loét miệng hiệu quả;500000;"Triamcinolon
 0,1%";Thai Nakorn Patana;Hộp;https://www.pharmacity.vn/product/thuoc-tri-nhiet-mieng-oracortia-hop50-goi1g
Viên nén Furosemid 40mg lợi tiểu - hạ huyết áp (2 vỉ x 20 viên);23000;Furosemid 40mg;Traphaco;Hộp;https://www.pharmacity.vn/product/furosemid-40mg-2-vi-x-20-vien
Viên nén Cozaar 50mg điều trị tăng huyết áp (2 vỉ x 14 viên);250000;Losartan 50mg;Merck Sharp & Dohme;Hộp;https://www.pharmacity.vn/product/thuoc-dieu-tri-huyet-ap-cozaar-50mg-tab-2-vi-x-14-vien
Thuốc xịt họng Betadine Throat Spray trị nhiễm khuẩn răng miệng (chai 50ml);109000;Povidon Iodin 0,45%;Betadine;Hộp;https://www.pharmacity.vn/product/thuoc-xit-hong-betadine-045-50ml
Viên nén bao đường Chophytol Artichaut tác dụng thông mật, lợi mật (6 vỉ x 30 viên);28500;Actiso 200mg;Rosa-Phytopharma Laboratoires;Vỉ;https://www.pharmacity.vn/product/thuoc-loi-tieu-thong-mat-chophytol-artichaut-6-vi-x-30-vienhop
Viên nén Dorover Plus điều trị tăng huyết áp (1 vỉ x 30 viên);85500;Indapamid 4mg, Perindopril 1.25mg;Domesco;Hộp;https://www.pharmacity.vn/product/dorover-plus-hop-1-vi-x-30-vien
Viên nén Glucofine 1000mg điều trị đái tháo đường type 2 (3 vỉ x 10 viên);54000;Metfomin 1000mg;Domesco;Hộp;https://www.pharmacity.vn/product/glucofine-1000mg-3-vi-x-10-vienhop
Viên nén Nebicard 5mg điều trị tăng huyết áp (5 vỉ x 10 viên);295000;Nebivolol Hydrochlorid 5mg;Torrent Pharm;Hộp;https://www.pharmacity.vn/product/nebicard-5mg-5-vi-x-10-vienhop
Thuốc cốm Zinc-Kid 70mg bổ sung kẽm vào chế độ ăn, điều trị thiếu kẽm (hộp 25 gói);87000;Kẽm Gluconat 70mg;Foripharm (TW3);Hộp;https://www.pharmacity.vn/product/thuoc-bo-sung-kem-dieu-tri-thieu-kem-cho-be-zinc-kid-inmed-25-goi-x-3g-hop
Viên nang Amlodipin 5mg điều trị tăng huyết áp, đau thắt ngực (3 vỉ x 10 viên);13000;Amlodipin 5mg;Vidipha;Hộp;https://www.pharmacity.vn/product/amlodipin-5mg-3-vi-x-10-vienhop
Viên nén Dozidine MR 35mg điều trị đau thắt ngực ổn định (6 vỉ x 10 viên);108600;Trimetazidin 35mg;Domesco;Hộp;https://www.pharmacity.vn/product/dozidine-mr-35mg-6-vi-x-10-vienhop
AtiSalbu 2mg (30 ống x 5ml/hộp);119900;Salbutamol 2mg/5ml;An Thien;Hộp;https://www.pharmacity.vn/product/atisalbu-2mg-30-ong-x-5mlhop
Viên nén Glumeform 850mg điều trị đái tháo đường type 2 (10 vỉ x 5 viên);56000;Metfomin 850mg;DHG Pharma;Hộp;https://www.pharmacity.vn/product/glumeform-850-hop-10-vi-x-5-vien
Viên nén Haloperidol 1,5mg điều trị các trạng thái kích động tâm thần - vận động (10 vỉ x 25 viên);62000;Haloperidol 1.5mg;Danapha;Hộp;https://www.pharmacity.vn/product/haloperidol-15mg-10-vi-x-25-vienhop
Viên nén bao phim Femara kích trứng trưởng thành và điều trị ung thư vú (3 vỉ x 10 viên);2304000;Letrozol 2.5mg;Novartis;Hộp;https://www.pharmacity.vn/product/femara-25mg-3-vi-x-10-vienhop
Viên nén Pfertzel 150mg trị nhồi máu cơ tim, đột quỵ, bệnh động mạch ngoại biên (3 vỉ x 10 viên);173900;Clopidogrel 75mg, Aspirin 75mg;Davipharm;Hộp;https://www.pharmacity.vn/product/pfertzel-150mg-3-vi-x-10-vienhop
Viên bao phim Bisoloc 2.5mg điều trị suy tim mạn ổn định từ vừa đến nặng (3 vỉ x 10 viên);39000;Bisoprolol 2.5mg;United Pharma;Hộp;https://www.pharmacity.vn/product/bisoloc-25mg-3-vi-x-10-vienhop
Azipowder 200mg/5ml (Lọ 15ml);83000;Azithriomycin 200mg/5ml;RENATA LIMITED;Lọ;https://www.pharmacity.vn/product/azipowder-200mg5ml-lo-15ml
Viên nén phân tán trong miệng Trosicam 15mg kháng viêm, giảm đau cơ xương khớp (3 vỉ x 10 viên);262500;Meloxicam 15mg;Alpex Pharma S.A;Hộp;https://www.pharmacity.vn/product/trosicam-15mg-3-vi-x-10-vienhop
Hỗn dịch nhỏ mắt Lotemax 0.5% điều trị viêm kết mạc mí mắt, nhãn cầu, viêm giác mạc (chai 5ml);224000;Loteprednol etabonate 5ml;Hyphens Pharma;Hộp;https://www.pharmacity.vn/product/lotemax-05-lo-5ml
Viên nén Carsantin 6,25mg điều trị tăng huyết áp, suy tim (3 vỉ x 10 viên);35500;Carvedilol 6.25mg;Hasan- Demarpharm;Hộp;https://www.pharmacity.vn/product/carsantin-625mg-3-vi-x-10-vienhop
Viên nén Mosad MT 5mg trị nóng ruột, buồn nôn, trào ngược dạ dày (10 vỉ x 10 viên);300000;Mosaprid 5mg;Mosad;Hộp;https://www.pharmacity.vn/product/mosad-mt-5-hop-10-vi-x-10-vien
Dung dịch súc miệng họng Medoral 250ml hỗ trợ điều trị nhiễm khuẩn họng, loét miệng (chai 250ml);96000;Chlorhexidin Digluconat 0.2%/250ml;Merap Group;Hộp;https://www.pharmacity.vn/product/thuoc-suc-mieng-dieu-tri-viem-hong-medoral-chai-250ml
Viên nén Tocimat 60mg trị viêm mũi dị ứng, mày đay (5 vỉ x 10 viên);12500;Fexofenadin 60mg;BIDIPHAR;Vỉ;https://www.pharmacity.vn/product/tocimat-60mg-5vi-x-10vien
Dung dịch tiêm Levemir FlexPen điều trị đái tháo đường (5 bút x 3ml);1808000;Insulin Detemir 3ml;Novo Nordisk A/S;Hộp;https://www.pharmacity.vn/product/levemir-flexpen-100iuml-5but-x-3ml-inj
Viên nén Natrofen 500mg kháng sinh điều trị nhiễm khuẩn (3 vỉ x 4 viên);438000;Cefprozil 500mg;VOCATE PHARMACEUTICALS SA;Hộp;https://www.pharmacity.vn/product/thuoc-dieu-tri-nhiem-khuan-natrofen-500mg-3-vi-x-4-vien-hop
Viên nén Aleucin 500mg điều trị cơn chóng mặt (3 vỉ x 10 viên);11834;Acetyl-DL-Leucine 500mg;BIDIPHAR;Vỉ;https://www.pharmacity.vn/product/aleucin-500mg-3-vi-x-10-vienhop
Viên nang Atiliver Diệp hạ châu hạ men gan, tăng cường chức năng gan, bổ gan (10 vỉ x 10 viên);18600;Diệp hạ châu, Xuyên tâm liên, Bồ công anh, Cỏ mực 800mg, 200mg, 200mg, 200mg;Khang Minh (new);Vỉ;https://www.pharmacity.vn/product/thuoc-dieu-tri-ha-men-gan-atiliver-diep-ha-chau-10-vi-x-10-vien-hop
Viên nén Diaprid 2mg điều trị đái tháo đường không phụ thuộc insulin (type 2) (2 vỉ x 15 viên);51000;Glimepiride 2mg;Pymepharco;Hộp;https://www.pharmacity.vn/product/diaprid-2mg-2-vi-x-15-vienhop
Viên nén Diaprid 4mg điều trị đái tháo đường không phụ thuộc insulin (type 2) (2 vỉ x 15 viên);81000;Glimepiride 4mg;Pymepharco;Hộp;https://www.pharmacity.vn/product/diaprid-4mg-2-vi-x-15-vienhop
Viên nén Bisnol 120mg trị viêm loét dạ dày, tá tràng (6 vỉ x 10 viên);222000;Bismuth oxyd (dưới dạng Tripotassium dicitrato Bismuthat (TDB)) 120mg;Davipharm;Hộp;https://www.pharmacity.vn/product/bisnol-120m-6vi-x-10vien
Viên nén P/H Mộc Hương trị đại tràng, tiêu chảy, rối loạn tiêu hóa (3 vỉ x 10 viên);9967;Mộc hương 120mg, Hoàng liên 240mg;Les Laboratoires;Vỉ;https://www.pharmacity.vn/product/ph-moc-huong-hop-3-vi-x-10-vien
Viên nén Lamictal 50mg điều trị động kinh, rối loạn lưỡng cực (3 vỉ x 10 viên);159500;Lamotrigin 50 mg;GSK ETC;Hộp;https://www.pharmacity.vn/product/thuoc-than-kinh-lamictal-50mg-3-vi-x-10-vien
Viên nang Calci D 518mg/100IU cung cấp calci và D3 giúp xương chắc khỏe  (10 vỉ x 10 viên);18500;Calci Carbonat 518mg, Vitamin D3 100IU;NIC;Vỉ;https://www.pharmacity.vn/product/thuoc-cung-cap-calci-va-vitamin-giup-xuong-chac-khoe-calcid-soft-10-vi-x-10-vien-hop
Viên giải phóng có kiểm soát DH-Metglu XR 1000mg điều trị đái tháo đường type 2 (5 vỉ x 10 viên);111000;Metformin hydrochloride 1000mg;Hasan- Demarpharm;Hộp;https://www.pharmacity.vn/product/thuoc-tieu-duong-dh-metglu-xr-1000mg-5-vi-x-10-vien
Viên nén Augbactam 1g điều trị nhiễm khuẩn (2 vỉ x 7 viên);111900;Amoxicillin trihydrat, Clavulanate Potassium, Microcrystallin cellulose;Mekophar;Hộp;https://www.pharmacity.vn/product/thuoc-khang-viem-augbactam-1g-2-vi-x-7-vien-mekophar
Viên nén Bactamox 1g điều trị nhiễm khuẩn (2 vỉ x 7 viên);196000;Amoxicillin 875mg,  Sulbactam  125mg;Imexpharm;Hộp;https://www.pharmacity.vn/product/thuoc-khang-viem-bactamox-1g-2-vi-x-7-vien-imexpharm
Viên nén Dorocan 40mg Domesco trị rối loạn chú ý và trí nhớ ở người lớn tuổi (2 vỉ x 15 viên);17000;Cao khô lá Bạch quả 40mg;Domesco;Vỉ;https://www.pharmacity.vn/product/thuoc-dieu-tri-thieu-mau-cuc-bo-suy-giam-tri-nho-dorocan-40mg-2-vi-x-15-vienhop
Viên nén Lodimax 5mg điều trị tăng huyết áp, đau thắt ngực (2 vỉ x 10 viên);18500;Amlodipin 5mg;OPV;Hộp;https://www.pharmacity.vn/product/thuoc-chong-tang-huyet-ap-chong-dau-that-nguc-lodimax-5mg-2-vi-x-10-vienhop
Viên nén bao phim Opeverin 135mg giảm đau do co thắt cơ trơn ở đường tiêu hoá (5 vỉ x 10 viên);139500;Mebeverin 135mg;OPV;Hộp;https://www.pharmacity.vn/product/thuoc-dieu-tri-hoi-chung-ruot-kich-thich-opeverin-135mg-5-vi-x-10-vienhop
Dung dịch uống A.T Cetam 400mg điều trị chóng mặt, thiếu máu não, rung giật cơ (30 ống x 10ml);113000;Piracetam 400mg/10ml;An Thien;Hộp;https://www.pharmacity.vn/product/thuoc-dieu-tri-benh-do-ton-thuong-nao-cac-roi-loan-nao-at-cetam-400mg-30-ong-x-10mlhop
Gel Jasunny 5g điều trị gàu, ngứa da đầu (50 gói x 5g);362300;Ketoconazol 15mg, Clobetasol 0,25mg/5g;Novartis;Hộp;https://www.pharmacity.vn/product/thuoc-da-lieu-jasunny-5g-hop-50-goi
Viên nén Prednisolon Boston 5mg trị viêm thấp khớp, hen suyễn, lupus ban đỏ hệ thống (chai 500 viên);140000;Prednisolon 5mg;Boston;Chai;https://www.pharmacity.vn/product/thuoc-khang-viem-prednisolon-boston-5mg-chai-500-vien
Siro Zedcal bổ sung calci và vitamin D3 (chai 100ml);58800;Calcium 150mg, Calcitriol 200IU, Kẽm nguyên tố 2mg, Magnesium 25mg/100ml;Meyer Organics Pvt;Chai;https://www.pharmacity.vn/product/zedcal-100ml
Viên nén Ethambutol 400mg Mekophar trị lao, dùng phối hợp với thuốc chống lao khác (20 vỉ x 10 viên);259000;Ethambutol hydrochloride 400mg;Mekophar;Hộp;https://www.pharmacity.vn/product/thuoc-dieu-tri-lao-ethambutol-400mg-20-vi-x-10-vienhop
Viên giải phóng có kiểm soát Panfor SR-500mg Inventia trị đái tháo đường type 2 (5 vỉ x 20 viên);129000;Metformin (dưới dạng Metformin hydrochlorid) 500mg;Inventia;Hộp;https://www.pharmacity.vn/product/thuoc-dieu-tri-dai-thao-duong-typ-2-panfor-sr-500-5-vi-x-20-vienhop
Viên nén phân tán Smodir-DT 300mg kháng sinh điều trị nhiễm khuẩn (1 vỉ x 10 viên);160000;Cefdinir 300mg;Cridimax;Hộp;https://www.pharmacity.vn/product/smodir-dt-300mg-hop-1-vi-x-10-vien
Viên nang Pms Pregabalin 75mg điều trị động kinh,rối loạn lo âu (4 vỉ x 15 viên);789000;Pregabalin 75mg;Pharmascience;Hộp;https://www.pharmacity.vn/product/thuoc-dieu-tri-dau-than-kinh-goc-trung-uong-va-ngoai-vi-pms-precabalin-75mg-15-vien-x-4-vihop
Viên nang Mecefix-B.E 200mg Merap kháng sinh điều trị nhiễm khuẩn (2 vỉ x 10 viên);190000;Cefixim 200mg;Laboratorie Reig Jofre, S.A;Hộp;https://www.pharmacity.vn/product/thuoc-dieu-tri-nhiem-khuan-chong-viem-mecefix-be-200mg-2-vi-x-10-vienhop
Bột pha uống Zaromax 200mg DHG điều trị nhiễm khuẩn đường hô hấp (hộp 24 gói);77200;Azithromycin 200mg;DHG Pharma;Hộp;https://www.pharmacity.vn/product/azithromycin-200-hop-24-goi
Viên nang cứng Autifan 20mg An Thiên điều trị rối loạn mỡ máu (3 vỉ x 10 viên);119900;Fluvastatin 20mg;An Thien;Hộp;https://www.pharmacity.vn/product/thuoc-dieu-tri-tang-cholesterol-lipoprotein-trong-mau-autifan-20mg-an-thien-10-vien-x-3-vihop
Thuốc bột Enterogran Biopharco điều trị và phòng ngừa rối loạn vi sinh đường ruột (20 gói x 1g);3700;Bacillus clausii 2x10 CFU;Biopharco;Gói;https://www.pharmacity.vn/product/enterogran-biopharco-20-goi-x-1g-hop
Restasis 0.05%  (30 ống x 0,4ml);648000;Cyclosporin 0,05mg/ml;Allergan;Hộp;https://www.pharmacity.vn/product/restasis-allergan-sale-30ong
Viên nén Propranolol 40mg TV.Pharma điều trị tăng huyết áp, đau thắt ngực (10 vỉ x 10 viên);99000;Propranolol 40mg;TVPharma;Hộp;https://www.pharmacity.vn/product/thuoc-dieu-tri-chung-dau-that-nguc-propranolol-40mg-tvpharma-10-vien-x-10-vihop
Fucipa (Tuýp 10g);30000;Acid Fusidic 2%;Apimed;Tuýp;https://www.pharmacity.vn/product/thuoc-dieu-tri-nhiem-khuan-da-fucipa-tuyp-10g
Viên nén Kali Clorid 500mg điều trị phòng ngừa giảm kali-huyết (10 vỉ x 10 viên);90000;Kali clorid 500mg;Nadyphar;Hộp;https://www.pharmacity.vn/product/thuoc-phong-va-dieu-tri-cac-chung-giam-kali-huyet-kali-clorid-500mg-10-vi-x-10-vienhop
Viên nén phóng thích chậm Panfor SR-750mg điều trị bệnh đái tháo đường type 2 (10 vỉ x 10 viên);179000;Metformin Hydrochlorid 750mg;Mega Lifesciences;Hộp;https://www.pharmacity.vn/product/panfor-sr-750-hop-10-vi-x-10-vien
Viên nén Insuact 20 SaVi điều trị rối loạn lipid máu (3 vỉ x 10 viên);39000;Atorvastatin 20mg;Savi;Hộp;https://www.pharmacity.vn/product/insuact-20-3-vi-x-10-vienhop
Viên nén SaVi Carvedilol 6.25mg điều trị tăng huyết áp, suy tim (3 vỉ x 10 viên);41900;Carvedilol 6.25mg;Savi;Hộp;https://www.pharmacity.vn/product/savi-carvedilol-625-3-vi-x-10-vienhop
Dầu gội Snow Clear Merap trị chứng gàu, viêm da tiết bã nhờn và ngứa trên da đầu (Tuýp 50ml);60000;Ketoconazol 15mg, Ketoconazol 0.25mg;Merap Group;Tuýp;https://www.pharmacity.vn/product/snow-clear-merap-tuyp-50ml
Viên nang mềm Meditrol 0,25mcg Mega điều trị chứng loãng xương, suy thận (3 vỉ x 10 viên);78000;Calcitriol 0.25mcg;Mega Lifesciences;Hộp;https://www.pharmacity.vn/product/meditrol-hop-3-vi-x-10-vien
Hỗn dịch uống Agimoti Agimexpharm điều trị chứng nôn và buồn nôn (chai 60ml);32000;Domperidon 1mg/ml;Agimexpharm;Chai;https://www.pharmacity.vn/product/agimoti-agimexpharm-60ml
Thuốc dùng ngoài Ecingel Agimexpharm điều trị tại chỗ mụn trứng cá (tuýp 10g);13500;Erythromycin 0.4g;Agimexpharm;Tuýp;https://www.pharmacity.vn/product/ecingel-tuyp-10g
Viên nén Galagi 8 trị sa sút trí tuệ từ nhẹ đến trung bình trong Alzheimer (6 vỉ x 10 viên);780000;Galantamin 8mg;Agimexpharm;Hộp;https://www.pharmacity.vn/product/galagi-8-hop-6-vi-x-10-vien
Viên nén bao phim Thenadin 5mg điều trị dị ứng, ho khan (10 vỉ x 25 viên);2950;Alimemazine tartrate 5mg;Công ty cổ phần dược Đồng Nai;Vỉ;https://www.pharmacity.vn/product/thuoc-dieu-tri-di-ung-ho-hap-va-ngoai-da-thenadin-10-vi-x-25-vienhop
Dung dịch Povidon iodin 10% sát khuẩn da và niêm mạc (chai 90ml);22700;Povidon iodin 0;Duoc pham 3/2;Chai;https://www.pharmacity.vn/product/povidon-iodin-10-90mlchai-dp-32
Siro Rinofil 2.5mg/5ml trị viêm mũi dị ứng, mày đay, ngứa (chai 15ml);37000;Desloratadin 0.5mg;Abbott;Chai;https://www.pharmacity.vn/product/thuoc-giam-cac-trieu-chung-ve-viem-mui-di-ung-hoac-di-ung-quanh-nam-rinofil-syrup-25mg-5ml-15ml
Viên đặt âm đạo Ovumix trị tại chỗ viêm âm hộ - âm đạo đặc hiệu hay không đặc hiệu (1 vỉ x 6 viên);280000;Metronidazol, Miconazol Nitrat, Neomycinsulfat, Polymycin B Sulfat, Gotu Kola;Medisun;Hộp;https://www.pharmacity.vn/product/ovumix-1-vi-x-6-vienhop
Viên nén Triplixam 5mg/1.25mg/10mg điều trị tăng huyết áp (hộp 30 viên);329000;Amlodipin 5mg, Indapamid 1.25mg, Perindopril 10mg;Servier International;Lọ;https://www.pharmacity.vn/product/triplixam-5mg125mg10mg-lo-30-vien
Viên nén Esomaxcare 20mg điều trị loét dạ dày – tá tràng lành tính (3 vỉ x 10 viên);350000;Esomeprazol 20mg;Square Pharmaceuticals;Hộp;https://www.pharmacity.vn/product/esomaxcare-20-tablet-hop-3-vi-x-10-vien
Hỗn dịch uống Grafort 3g điều trị rối loạn tiêu hóa, ăn không tiêu, tiêu chảy (20 gói x 20ml);10000;Dioctahedral smectite 3g;Daewoong Pharm;Gói;https://www.pharmacity.vn/product/thuoc-dieu-tri-tieu-chay-cap-va-man-tinh-grafort-20-goi-x-20mlhop
Viên nén Bisostad 5mg điều trị tăng huyết áp, đau thắt ngực, suy tim (3 vỉ x 10 viên);41200;Bisoprolol fumarat 5mg;STELLA;Hộp;https://www.pharmacity.vn/product/bisostad-5mg-3vi-x-10vien
Bột pha uống Smecta 3g Hương Dâu điều trị tiêu chảy, rối loạn tiêu hóa (hộp 12 gói);5834;Disomectite 3g;Ipsen Pharma;Gói;https://www.pharmacity.vn/product/thuoc-tri-tieu-chay-huong-dau-smecta-hop-12-goi
Viên nén Meiact 200mg kháng sinh điều trị nhiễm khuẩn (2 vỉ x 10 viên);599990;Cefditoren (dưới dạng Cefditoren Pivoxil) 200mg;Meiji Seika;Hộp;https://www.pharmacity.vn/product/meiact-200mg-2-vi-x-10-vienhop
Viên nén Pruzena 10mg giảm nôn trong thai kì (3 vỉ x 10 viên);37667;Doxylamin succinat 10mg, Pyridoxin hydroclorid 10mg;Davipharm;Vỉ;https://www.pharmacity.vn/product/thuoc-lam-giam-tinh-trang-buon-non-va-non-mua-trong-thai-ky-pruzena-3-vi-x-10-vien-hop
Viên nén Glimepiride Stella 4mg điều trị đái tháo đường type 2 (3 vỉ x 10 viên);54000;Glimepiride 4mg;STELLA;Hộp;https://www.pharmacity.vn/product/glimepiride-stada-4mg-3-vi-x-10-vienhop
Dung dịch uống Fogyma bổ sung sắt, bổ máu (4 vỉ x 5 ống);7500;Sắt III Hydroxyd Polymaltose 50mg;Pharbaco (TW1);Ống;https://www.pharmacity.vn/product/dung-dich-uong-fogyma-bo-sung-sat-bo-mau-4-vi-x-5-ong
Viên nang Stadnex 40mg điều trị các vấn đề liên quan đến dạ dày (4 vỉ x 7 viên);182000;Esomeprazol 40mg;STELLA;Hộp;https://www.pharmacity.vn/product/thuoc-dieu-tri-benh-trao-nguoc-da-day-thuc-quan-gord-stadnex-40-cap-4-vi-x-7-vien-hop
Viên nén Tefostad T300 trị và dự phòng nhiễm HIV, viêm gan B mạn tính (3 vỉ x 10 viên);120000;Tenofovir 300mg;STELLA;Hộp;https://www.pharmacity.vn/product/tefostad-t300-3-vi-x-10-vienhop
Viên nén Pletaal 100mg điều trị các triệu chứng thiếu máu cục bộ, nhồi máu não (10 vỉ x 10 viên);900000;Cilostazol  100mg;Otsuka;Hộp;https://www.pharmacity.vn/product/pletaal-100mg-10-vi-x-10-vienhop
Viên nén Tebonin 120mg điều trị rối loạn tuần hoàn máu não (2 vỉ x 15 viên);180000;Ginkgo biloba Egb 761 120mg, Flavonoid 26,4-32,4mg, Terpene lactones 6,0-8,4mg, Ginkgolic acid ít hơn 0,6mg 120mg;Toni Pharm;Vỉ;https://www.pharmacity.vn/product/tebonin-120mg-2-vi-x-15-vienhop
Viên nén bao phim Jikagra 50mg rối loạn cương dương (1 vỉ x 4 viên);50100;Sildenafil 50mg;Gia Nguyen;Hộp;https://www.pharmacity.vn/product/jikagra-50mg-1-vi-x-4-vienhop
Medskin Ery (Tuýp 10g);16000;Erythromycin 0.4g;DHG Pharma;Tuýp;https://www.pharmacity.vn/product/medskin-ery-hop-1-tuyp-x-10g
Atozet 10mg/10mg (3 Vỉ x 10 Viên/hộp);629000;Ezetimibe 10mg, Atorvastatin 10mg;Merck Sharp & Dohme;Hộp;https://www.pharmacity.vn/product/atozet-10mg10mg-3-vi-x-10-vienhop
Viên giải phóng có kiểm soát Dorocron MR 60mg điều trị đái tháo đường type 2 (2 vỉ x 15 viên);94000;Gliclazid 60mg;Domesco;Hộp;https://www.pharmacity.vn/product/dorocron-mr-60mg-2-vi-x-15-vienhop
Viên nén Bivantox 300mg hỗ trợ điều trị rối loạn cảm giác, giải độc gan (3 vỉ x 10 viên);239000;Acid alpha lipoic 300mg;Pharbaco (TW1);Hộp;https://www.pharmacity.vn/product/thuoc-dieu-tri-cac-roi-loan-cam-giac-do-benh-viem-da-day-than-kinh-dai-thao-duong-bivantox-300-3-vi-x-10-vienhop
Siro Bổ phế TW3 trị ho, tiêu đờm, viêm họng, viêm phế quản (chai 125ml);49000;Bạch linh, Cát cánh, Tỳ bà diệp 125ml;Foripharm (TW3);Chai;https://www.pharmacity.vn/product/bo-phe-tw-3-125ml
Thuốc ho trẻ em OPC 90ml điều trị viêm nhiễm đường hô hấp, ho gió, ho có đàm, đau họng (Chai 90ml);29500;Ty ba diep, cat canh, bach bo,tien ho, tang bach bi,thien mon, phục linh,cam thao,hoang cam 90ml;OPC;Chai;https://www.pharmacity.vn/product/thuoc-ho-tre-em-opc-90ml
Viên nang Coldacmin Flu trị các triệu chứng ho cảm thông thường (chai 100 viên);33000;Paracetamol 325mg, Chlopheniramin 2mg;DHG Pharma;Chai;https://www.pharmacity.vn/product/coldacmin-flu-chai-100-vien
Thuốc dùng ngoài Kẽm oxyd 10% điều trị các bệnh da và nhiễm khuẩn da (tuýp 15g);12000;Zn oxyd 1.5g;Duoc VTYT Hai Duong;Tuýp;https://www.pharmacity.vn/product/kem-oxyd-10-15g
Viên nang Lepatis 80mg hỗ trợ điều trị rối loạn chức năng gan, giảm cholesterol máu (20 vỉ x 5 viên);17995;L-Ornithin L-Aspartat 80mg,  DL-Alpha tocopheryl  50mg;Phil Inter Pharma;Vỉ;https://www.pharmacity.vn/product/lepatis-80mg-20vi-x-5vien
Nhũ tương nhỏ giọt Colicare trị đầy hơi, khó tiêu (chai 15ml);44000;Simethicon, Dill oil, Fennel oil;Davipharm;Chai;https://www.pharmacity.vn/product/thuoc-dieu-tri-chung-day-bung-chuong-bung-colicare-drops-15ml
Meclon 500mg (2 vỉ x 5 viên/hộp);243000;Clotrimazol 100mg, Metronidazol 500mg;DOPPEL PHARMACEUTICAL;Hộp;https://www.pharmacity.vn/product/meclon-500mg-2-vi-x-5-vienhop
Viên nén bao phim Bart 20mg điều trị viêm xương khớp, viêm khớp dạng thấp (3 vỉ x10 viên);77000;Tenoxicam 20mg;Special Product's Line S. P. A;Vỉ;https://www.pharmacity.vn/product/bart-20mg-3vi-x10vien
Viên nén Cefpodoxim 200mg T.V pharm kháng sinh điều trị nhiễm khuẩn (3 vỉ x 10 viên);160700;Cefpodoxim 200mg;TVPharma;Hộp;https://www.pharmacity.vn/product/cefpodoxim-200mg-3-vi-x-10vien
Viên nén Trimebutin 100mg trị đau, rối loạn tiêu hóa, hội chứng ruột kích thích (10 vỉ x 10 viên);135000;Trimebutin 100mg;TVPharma;Hộp;https://www.pharmacity.vn/product/trimebutin-100mg-10-vi-x-10-vienhop
Viên nang Altamin hỗ trợ các bệnh lý về gan, mỡ máu, giải độc gan (10 vỉ x 10 viên);11950;Cao actiso,  Cao khô rau đắng đất,  Cao khô hạt bìm bìm biếc;BIDIPHAR;Vỉ;https://www.pharmacity.vn/product/altamin-10-vi-x-10-vienhop
Viên nén Pecrandil 5mg điều trị dự phòng đau thắt ngực (6 vỉ x 10 viên);125800;Nicorandil 5mg;Ha Tay;Hộp;https://www.pharmacity.vn/product/thuoc-kiem-soat-dai-han-benh-mach-vanh-pecrandil-5mg-6-vi-x-10-vien-hop
Siro Daleston-D chống dị ứng, hen và viêm phế quản (chai 75ml);35000;Betamethason + Dexchlorpheniramin (3,75mg + 30mg)75ml;Foripharm (TW3);Chai;https://www.pharmacity.vn/product/daleston-d-chai-75ml
Viên nén Ihybes-H 150mg điều trị tăng huyết áp (3 vỉ x 10 viên);81000;Irbesartan + Hydroclorothiazid;AGIPHARM;Hộp;https://www.pharmacity.vn/product/ihybes-h-150-hop-3-vi-x-10-vien
Dung dịch khí dung Zensalbu Nebules 2.5mg điều trị, ngăn ngừa co thắt phế quản (2 túi nhôm x 5 ống);55000;Salbutamol sulfat 2.5mg;Công ty cổ phần Dược phẩm CPC1 Hà Nội;Hộp;https://www.pharmacity.vn/product/zensalbu-nebules-25mg-2-vi-x-5-onghop
Viên nén tan trong miệng Fexofenadin 30 OTD trị viêm mũi dị ứng theo mùa (3 vỉ x 10 viên);15467;Fexofenadin hydroclorid 30mg;SPM;Vỉ;https://www.pharmacity.vn/product/fexofenadin-30-otd-3-vi-x-10-vienhop
Viên nén bao phim Tributel 200mg điều trị co thắt dạ dày-ruột (10 vỉ x 10 viên);140000;Maleat 200mg;Davipharm;Hộp;https://www.pharmacity.vn/product/tributel-200mg-10vi-x-10vien
Glockner - 5 (Hộp 10 vỉ x 10 viên);131000;Methimazol  5mg;Davipharm;Hộp;https://www.pharmacity.vn/product/glockner-5-10-vi-x-10-vienhop
Dung dịch uống Aticizal 2.5mg điều trị triệu chứng viêm mũi dị ứng, mày đay (30 ống x 5ml);129000;Levocetirizin dihydrochlorid 2,5mg;An Thien;Hộp;https://www.pharmacity.vn/product/dung-dich-uong-aticizal-25mg-dieu-tri-trieu-chung-viem-mui-di-ung-may-day-30-ong-x-5ml
Viên đặt âm đạo Vaginax điều trị viêm âm đạo (2 vỉ x 7 viên);130000;Metronidazol500mg 500mg, Miconazol nitrat100mg 100mg;BIDIPHAR;Hộp;https://www.pharmacity.vn/product/vaginax-2-vi-x-7-vienhop
Viên nén Sara 500mg điều trị các chứng đau và sốt từ nhẹ đến vừa (20 vỉ x 10 viên);8000;Paracetamol 500mg;Thai Nakorn Patana;Vỉ;https://www.pharmacity.vn/product/thuoc-giam-dau-ha-sot-sara-500mg-20-vi-x-10-vien-hop
Immubron (3vix10vien);435000;Lyophilized bacterial lysate 0,05g;Brushchettini S.r.l Genoa, Italy;Hộp;https://www.pharmacity.vn/product/immubron-3vix10vien
Viên nén Deferiprone A.T chỉ định trong trường hợp quá tải sắt ở bệnh thalassemia (3 vỉ x 10 viên);158500;Deferipron 500mg;An Thien;Hộp;https://www.pharmacity.vn/product/deferiprone-at-3-vi-x-10-vienhop
Viên nang mềm Philiver điều trị bệnh gan mạn tính, gan nhiễm mỡ, xơ gan (12 vỉ x 5 viên);19500;Cao Cardus Marianus 200mg, Thiamin Nitrat 8mg, Pyridoxin Hydroclonde 10mg, Riboflavin 8mg, Nicotinamid 24mg, Calci Pantothenat 16mg;Phil Inter Pharma;Vỉ;https://www.pharmacity.vn/product/thuoc-dieu-tri-roi-loan-chuc-nang-gan-roi-loan-tieu-hoa-philiver-12-vi-5-vienhop
Thuốc xịt mũi Benita 64mcg trị viêm mũi dị ứng, polyp mũi (chai 120 liều);96000;Budesonid 64mcg/dose;Merap Group;Lọ;https://www.pharmacity.vn/product/benita-64mcg-chai-xit-120-lieu
Viên nén Dalekine 200mg điều trị động kinh (4 vỉ x 10 viên);60000;Natri valproat 200mg;Danapha;Hộp;https://www.pharmacity.vn/product/dalekine-200mg-4-vi-x-10-vienhop
Strepsils Maxpro mật ong & chanh (16 viên) – Giảm đau họng, kháng viêm;44000;Flurbiprofen 8.75mg;Strepsils;Hộp;https://www.pharmacity.vn/product/strepsils-maxpro-hop-16-vien
Viên nén Alpha 4200IU DHG điều trị phù nề sau chấn thương, phẫu thuật, bỏng (2 vỉ x 10 viên);22000;Alphachymotrypsin 4200UI;DHG Pharma;Hộp;https://www.pharmacity.vn/product/alpha-dhg-hop-2-vi-x-10-vien
Viên nén SILVERZINC 50mg OPV phòng ngừa và điều trị kẽm (10 vỉ x 10 viên);260000;Kẽm Gluconat 50mg;OPV;Hộp;https://www.pharmacity.vn/product/silverzinc-50-opv-10vi-x-10-vien
Aticolcide 4 (2vi x 10vien);55000;Thiocolchicosid 4mg;An Thien;Hộp;https://www.pharmacity.vn/product/aticolcide-4-2vi-x-10vien
Viên nhai Mogastic 80mg Agimexpharm trị đầy hơi, chướng bụng (10 vỉ x 10 viên);5500;Simethicon 80mg;Agimexpharm;Vỉ;https://www.pharmacity.vn/product/mogastic-80-agimexpharm-10vi-x-10vien
Viên nén Lepigin 25mg Danapha điều trị bệnh tâm thần phân liệt mức độ nặng (5 vỉ x 10 viên);175120;Clozapin 25mg;Danapha;Hộp;https://www.pharmacity.vn/product/lepigin-25-5-vi-x-10-vienhop
Thuốc bột uống Acetylcystein Boston 200mg điều trị rối loạn tiết dịch phế quản (đờm) (30 gói x 1g);1907;Acetylcystein 200mg;Boston;Gói;https://www.pharmacity.vn/product/acetylcystein-boston-200-hop-30-goi
Hỗn dịch uống Ebysta trị trào ngược dạ dày thực quản (20 gói x 10ml);4800;Natri Alginat 500mg, Natri Bicarbonat 267mg, Calci Carbonat 160mg;Merap Group;Gói;https://www.pharmacity.vn/product/ebysta-hop-20-goi-x-10ml
Viên nang LIVOLIN-FORTE điều trị viêm gan, xơ gan (3 vỉ x 10 viên);49667;Phospholipid, Vitamin;Mega Lifesciences;Vỉ;https://www.pharmacity.vn/product/livolin-forte-hop-3-vi-x-10-vien
Viên hoàn cứng Thấp Khớp Hoàn - P/H Phúc Hưng trị đau lưng mỏi gối, chân tay tê bì (10 gói x 5g);5800;Cao tần giao 0,1g,  cao đỗ trọng  0,1g,  cao ngưu tất  0,15g,  cao độc hoạt  0,12g,  bột phòng phong  0,5g,  bột phục linh  0,4g,  bột xuyên khung  0,5g,  bột tục đoạn  0,5g,  bột hoàng kỳ 0,5g,  bột bạch thuộc  0,5g,  bột cam thảo  0,4g,  bột đương quy  0,5g,  bột thiên niên kiên  0,4g,  mật ong  0,3g,  than hoạt tính  0,02g,  sáp ong trắng  0,08g;Dong Duoc Phuc Hung;Gói;https://www.pharmacity.vn/product/thap-khop-hoan-ph-phuc-hung-10goi-x-5g
Viên nén Zaromax 500mg DHG điều trị nhiễm khuẩn đường hô hấp (3 vỉ x 10 viên);160700;Azithromycin 500mg;DHG Pharma;Hộp;https://www.pharmacity.vn/product/thuoc-khang-sinh-azithromycin-500mg-3-vi-x-10-vien
Kem bôi ngoài da Hasaderm điều trị liken phẳng, viêm da tiết bã nhờn (tuýp 10g);12000;Salicylic acid,  betamethason dipropionat;Hasan- Demarpharm;Hộp;https://www.pharmacity.vn/product/thuoc-tri-benh-da-lieu-hasaderm-10g
Viên nhai Asthmatin 4mg dự phòng và điều trị hen phế quản mạn tính, viêm mũi dị ứng (3 vỉ x 10 viên);105000;Montelukast 4mg;STELLA;Hộp;https://www.pharmacity.vn/product/thuoc-he-ho-hap-asthmatin-4mg-3-vi-x-10-vien
Viên nén bao đường Diệp hạ châu 250mg hạ men gan, tăng cường chức năng gan, bổ gan (chai 90 viên);52000;Cao Diệp Hạ Châu 250mg;Danapha;Lọ;https://www.pharmacity.vn/product/diep-ha-chau-lo-90-vien
Viên nén Savi Acarbose 25mg điều trị đái tháo đường type 2 (10 vỉ x 10 viên);190000;Acarbose 25mg;Savi;Hộp;https://www.pharmacity.vn/product/thuoc-noi-tiet-to-savi-acarbose-25mg-10-vi-x-10-vien
Viên nang Moxacin 500mg điều trị nhiễm khuẩn (10 vỉ x 10 viên);186200;Amoxicilin 500mg;Domesco;Hộp;https://www.pharmacity.vn/product/thuoc-dieu-tri-nhiem-trung-do-vi-khuan-nhay-cam-moxacin-500mg-10-vi-x-10-vien-hop
Viên nén Isaias 600mg điều trị suy tĩnh mạch, trĩ cấp tính (6 vỉ x 10 viên);56000;Diosmin 600mg;Davipharm;Vỉ;https://www.pharmacity.vn/product/isaias-600mg-6vi-x-10vien
Acritel 10g (Hộp 6 vỉ x 10 viên);31500;Levocetirizin dihydroclorid  10mg;Davipharm;Vỉ;https://www.pharmacity.vn/product/acritel-10g-6vi-x-10vien
Gói bột Hasec 30g/1.5g điều trị triệu chứng tiêu chảy cấp (24 gói x 1.5g);95900;Mỗi gói 1,5g chứa Racecadotril 30mg;DHG Pharma;Hộp;https://www.pharmacity.vn/product/hasec-30-24-goihop
Viên nang Antesik trị đại tràng, tiêu chảy, rối loạn tiêu hóa (10 vỉ x 4 viên);11000;Mộc hương 200mg, Berberin 50mg;Mediplantex;Vỉ;https://www.pharmacity.vn/product/thuoc-dieu-tri-ia-chay-ly-viem-dai-trang-roi-loan-tieu-hoa-antesik-10vi-x-4vien
Bột pha uống Bravine Inmed 125mg kháng sinh điều trị nhiễm khuẩn (chai 30ml);102000;Cefdinir 125mg/5ml;Pharbaco (TW1);Lọ;https://www.pharmacity.vn/product/thuoc-dieu-tri-nhiem-khuan-duong-ho-hap-nhiem-khuan-da-bravine-125mg-lo-30ml
Viên nén tác dụng kéo dài Glisan 30mg MR điều trị đái tháo đường type 2 (10 vỉ x 30 viên);269000;Gliclazid 30mg;Hasan- Demarpharm;Hộp;https://www.pharmacity.vn/product/glisan-30mr-10-vi-x-30-vien
Siro Olesom 30mg/5ml trị bệnh đường hô hấp, viêm phế quản mãn, hen phế quản (chai 100ml);53900;Ambroxol Hydrochlorid 30mg/5ml;Gracure Pharmaceuticals, India;Chai;https://www.pharmacity.vn/product/siro-dieu-tri-viem-khi-phe-quan-olesom-100ml
Viên nén Spinolac 25mg điều trị tiền phẫu thuật cường aldosterone, tăng huyết áp (10 vỉ x10 viên);149000;Spinolacton 25mg;Hasan- Demarpharm;Hộp;https://www.pharmacity.vn/product/thuoc-dieu-tri-tien-phau-thuat-cho-benh-nhan-cuong-aldosterone-tang-huyet-ap-spinolac-25mg-10-vi-x-10-vienhop
Tolucombi 40mg/12.5mg Tablets KRKA (4vi x 7vien);254496;Telmisartan 40mg, Hydrochlorothiazide 12.5mg;KRKA,D,D;Hộp;https://www.pharmacity.vn/product/tolucombi-40mg125mg-tablets-krka-4vi-x-7vien
Thuốc dùng ngoài Terfuzol 10g trị các bệnh ngoài da, nhiễm trùng do nấm, vi khuẩn (tuýp 10g);30000;Triamcinolon acetonid 10 mg, Neomycin sulfat 50 mg, Nystatin 1.000.000 IU, Clotrimazol 100 mg;Gia Nguyen;Tuýp;https://www.pharmacity.vn/product/kem-dieu-tri-viem-da-nam-ngoai-da-terfuzol-tuyp-10g
Viên nang Traflu Traphaco trị các triệu chứng cảm thông thường (5 vỉ x 12 viên);61900;Paracetamol 500 mg, Phenylephrin hydroclorid 7,5 mg, Dextromethorphan hydrobromid 15 mg, Chlorpheniramin maleat: 2 mg;Traphaco;Hộp;https://www.pharmacity.vn/product/thuoc-dieu-tri-cam-cum-traflu-5-vi-x-12-vienhop
Viên nén bao phim Losartan plus HCT 50/12.5 SaVi điều trị tăng huyết áp (3 vỉ x 10 viên);99000;Losartan 50mg,  Hydroclorothiazid  12.5mg;Savi;Hộp;https://www.pharmacity.vn/product/thuoc-dieu-tri-tang-huyet-ap-losartan-plus-hct-50125-savi-10-vien-x-3-vihop
Viên nén Alpha-Chymotrypsin Euvipharm phù nề sau chấn thương, phẫu thuật, bỏng (2 vỉ x 10 viên);18000;Alpha Chymotrypsin 4200UI;Euvipharm;Hộp;https://www.pharmacity.vn/product/thuoc-khang-viem-euvi-alpha-42-10-vien-x-2-vihop
Viên nén Tiram 100mg Shinpoong Daewoo điều trị co thắt dạ dày-ruột (10 vỉ x 10 viên);108000;Tiropramid hydroclorid 100mg;Shin Poong Daewoo VN;Hộp;https://www.pharmacity.vn/product/thuoc-dieu-tri-cac-con-co-that-tiram-100mg-shinpoong-daewoo-10-vien-x-10-vihop
Viên nang Dixirein 375mg Hà Tây tiêu nhầy, loãng đàm, giảm ho (6 vỉ x 10 viên);12000;Carbocistein 375mg;Ha Tay;Vỉ;https://www.pharmacity.vn/product/thuoc-dieu-tri-viem-phe-quan-gian-phe-quan-dixirein-375mg-ha-tay-6vi-x-10vien
Viên nén Dorodipin 10mg điều trị tăng huyết áp, đau thắt ngực (1 vỉ x 10 viên);20000;Amlodipin 10mg;Domesco;Hộp;https://www.pharmacity.vn/product/dorodipin-10mg-1-vi-x-10-vienhop
Viên nang Bổ Huyết Ích Não BDF Bidipha cải thiện trí nhớ, giảm chóng mặt ù tai (6 vỉ x 10 viên);19917;Cao khô Đương Quy, Cao khô Bạch quả;BIDIPHAR;Vỉ;https://www.pharmacity.vn/product/bo-huyet-ich-nao-bdf-bidipha-6vi-x-10vien
Neuronstad (Hộp 3 vỉ x 10 viên);66000;Gabapentin 300mg;STELLA;Hộp;https://www.pharmacity.vn/product/thuoc-dieu-tri-dong-kinh-neuronstad-300-stada-10-vien-x-3-vihop
Thuốc xịt mũi Momate Glenmark trị viêm mũi dị ứng, polyp mũi (chai 60 liều);159000;Mometason Furoat 0,5%(kl/kl);Glenmark;Chai;https://www.pharmacity.vn/product/thuoc-xit-tri-viem-mui-di-ung-momate-glenmark-chai
Thuốc xịt mũi Ospay Neo Haipharco trị xung huyết mũi, viêm xoang, viêm mũi dị ứng (chai 15ml);33000;Oxymetazolin Hcl 7,5mg, Dexamethason Phosphate 8mg, Neomycin Sulfat 75mg;Công ty cổ phần dược phẩm Hải Phòng;Lọ;https://www.pharmacity.vn/product/thuoc-nho-mui-giam-sung-huyet-ospay-neo-15ml-haipharco-1-chaihop
Fuxicure-400 400mg  (Hộp 3 vỉ x 10 viên);345000;Celecoxib 400mg;Gracure Pharmaceuticals, India;Hộp;https://www.pharmacity.vn/product/thuoc-dieu-tri-viem-xuong-khop-man-tinh-fuxicure-400mg-gracure-pharmaceuticals-10-vien-x-3-vihop
Viên nén bao phim Bustidin 20 điều trị đau thắt ngực (2 vỉ x 30 viên);141000;Trimetazidin hydroclorid 20mg;Roussel;Hộp;https://www.pharmacity.vn/product/bustidin-20-hop-2-vi-x-30-vien
Viên nén Ursobil ABC Farmaceutici điều trị sỏi mật, cải thiện chức năng gan (3 vỉ x 10 viên);502000;Acid ursodeoxycholic 300mg;ABC Farmaceutici;Hộp;https://www.pharmacity.vn/product/ursobil-3-vi-x-10-vienhop
Bột pha uống Claminat 250mg/62.5mg Imexpharm điều trị nhiễm khuẩn (hộp 12 gói);75600;Amoxillin 250mg, Acid clavulanic 62.5mg;Imexpharm;Hộp;https://www.pharmacity.vn/product/claminat-250mg625mg-12-goihop
Hỗn dịch uống Oralegic 30mg/5ml trị viêm mũi dị ứng, mày đay, ngứa (2 vỉ x 5 ống);9000;Fexofenadin hydroclorid 6mg/ml;DP Trung uong CPC1;Ống;https://www.pharmacity.vn/product/oralegic-cpc1-2vi-x-5ong
Viên bao tan ở ruột Arbuntect 4mg Medisun kháng viêm, giảm đau xương khớp (3 vỉ x 10 viên);271000;Lornoxicam 4mg;Medisun;Hộp;https://www.pharmacity.vn/product/arbuntec-4mg-3-vi-x-10-vienhop
Dung dịch dùng ngoài DEP Hải Dương điều trị viêm da, giảm ngứa (chai 20ml);3300;Diethyl phtalat 5.1mg;Duoc VTYT Hai Duong;Hộp;https://www.pharmacity.vn/product/dung-dich-dep-hai-duong-chai20ml
Viên bao phim Venokern 500mg điều trị trĩ, suy giãn tĩnh mạch (6 vỉ x 10 viên);204000;Diosmin 450mg, Hesperidin 50mg;Kern Pharma;Hộp;https://www.pharmacity.vn/product/venokern-500-6-vi-x-10-vienhop
Viên nén Nefolin 30mg Medochemie điều trị giảm đau cấp và mạn tính (2 vỉ x 10 viên);114400;Nefopam HCl 30mg;Medochemie;Hộp;https://www.pharmacity.vn/product/nefolin-2-vi-x-10-vienhop
Viên nén Bài Thạch Danapha điều trị sỏi thận - tiết niệu, sỏi mật, viêm túi mật (chai 45 viên);53600;Kim tiền thảo 90mg, Cao khô hỗn hợp  230mg, Đại hoàng 50mg, Mộc hương 100mg;Danapha;Hộp;https://www.pharmacity.vn/product/bai-thach-5-vi-x-10-vienhop
Viên bao tan ở ruột BROMANASE 50 UI điều trị viêm sưng, chống phù nề (10 vỉ x 10 viên);35800;Bromelanin 50UI;Davipharm;Vỉ;https://www.pharmacity.vn/product/bromanase-50-h10x10v
Thuốc dùng ngoài Ciacca 0.1%/1% điều trị tại chỗ mụn trứng cá vừa và nhẹ (tuýp 10g);45000;Adapalen 0.1%,Clindamycin 1% 0.1%,1%;Davipharm;Tuýp;https://www.pharmacity.vn/product/ciacca-10g
Viên nén Cefixim 100mg US Pharma kháng sinh điều trị nhiễm khuẩn (3 vỉ x 10 viên);39000;Cefixim trihydrat 100mg;US Pharma;Hộp;https://www.pharmacity.vn/product/cefixim-100-hv-hop-3-vi-x-10-vien
Viên nén Thylmedi 16mg - Mediplantex kháng viêm, trị viêm thấp khớp, chống dị ứng (3 vỉ x 10 viên);65000;Methyl prednisolon 16mg;Mediplantex;Hộp;https://www.pharmacity.vn/product/thylmedi-16mg-hop-3-vi-x-10-vien
Viên nén Apival Apimed 80mg điều trị tăng huyết áp, suy tim (2 vỉ x 14 viên);199000;Valsartan 80mg;Apimed;Hộp;https://www.pharmacity.vn/product/apival-80-hop-2-vi-x-14-vien
Bột pha hỗn dịch uống Augtipha 281,25mg - Tipharco kháng sinh điều trị nhiễm khuẩn (hộp 12 gói);45000;Amoxicilin,Acid Clavulanic;Excl. Agimexpharm;Hộp;https://www.pharmacity.vn/product/augtipha-28125mg-hop-12-goi
Viên giải phóng có kiểm soát Xigduo XR 10mg/500mg điều trị đái tháo đường type 2 (4 vỉ x 7 viên);618800;Metformin,Dapagliflozin 500mg, 10mg;AstraZeneca;Hộp;https://www.pharmacity.vn/product/xigduo-xr-10mg500mg-hop-4-vi-x-7-vien
Viên nén Epegis 50mg cải thiện các triệu chứng tăng trương lực cơ (3 vỉ x 10 viên);68700;Eperison HCl 50mg;Excl. Agimexpharm;Hộp;https://www.pharmacity.vn/product/epegis-50mg-hop-3-vi-x-10-vien
Viên nén Lessenol Extra điều trị triệu chứng cảm cúm: đau đầu, sốt, đau họng (10 vỉ x 10 viên);13000;Paracetamol, Caffeine;Excl. Enlie;Vỉ;https://www.pharmacity.vn/product/lessenol-extra-hop-10-vi-x-10-vien
Dung dịch uống Bifehema bổ sung sắt, bổ máu (hộp 20 ống);61000;Sắt,Đồng,Mangan 50mg,1.33mg,0.7mg;BIDIPHAR;Hộp;https://www.pharmacity.vn/product/bifehema-hop-20-ong
Thuốc xịt mũi Meseca Fort trị và dự phòng viêm mũi dị ứng theo mùa (chai 60 liều);130000;Fluticason propionat,  Azelastin hydroclorid;Merap Group;Chai;https://www.pharmacity.vn/product/meseca-fort-60-lieu-hop
Viên nang Yawin 30mg trị trầm cảm, rối loạn lo âu, đau thần kinh ngoại vi (3 vỉ x 10 viên);451000;Duloxetine 30mg;Gia Nguyen;Hộp;https://www.pharmacity.vn/product/yawin-30mg-3vix10vien-gia-nguyen
Thuốc bột Usaralphar 8400UI PP.Pharco điều trị phù nề sau chấn thương, phẫu thuật, bỏng (hộp 30 gói);278000;Alphachymotrypsin 8,4mg;Công ty cổ phần Dược phẩm Phong Phú;Hộp;https://www.pharmacity.vn/product/usaralphar-8400ui-hop-30-goi-x-1g
Viên bao tan ở ruột Rabepagi 20mg điều trị đường tiêu hóa (3 vỉ x 10 viên);163800;Rabeprazole sodium 20mg;Excl. Agimexpharm;Hộp;https://www.pharmacity.vn/product/rabepagi-20-hop-3-vi-x-10-vien
Dung dịch uống Hemafolic điều trị thiếu máu do thiếu sắt (hộp 10 ống);83000;hydroxyd Fe , polymaltose ,Acid folic 50mg,100 mg,1 mg;Nadyphar;Hộp;https://www.pharmacity.vn/product/hemafolic-10ml-10-ong
Dung dịch vệ sinh Queenlife 200ml ngăn ngừa viêm nhiễm phụ khoa, vệ sinh vùng kín (chai 200ml);130700;Vitamin E, Alpha-Terpineol, Natri lauryl sulphar, Hương hoa hồng, oải hương…;US Pharma;Chai;https://www.pharmacity.vn/product/queenlife-200ml
Viên nang Apitim Caps 5mg điều trị tăng huyết áp, đau thắt ngực (3 vỉ x 10 viên);22500;Amlodipin 5mg;DHG Pharma;Hộp;https://www.pharmacity.vn/product/apitim-caps-5mg-hop-3-vi-x-10-vien
Dung dịch tiêm Apidra solostar 100IU/ml insulin trị đái tháo đường (hộp 5 bút);1100000;Insulin 300 IU;Sanofi Others;Hộp;https://www.pharmacity.vn/product/apidra-solostar-hop-5-but
Cao dán Salonpas dán 6.5cmx4.2cm giảm đau vai, đau cổ, đau lưng, đau khớp (4 túi x 10 miếng);58000;Methyl salicylate, L-Menthol , dl-Camphor ,Tocopherol acetate 6.29%,5.71%,1.24%,2%;Salonpas;Hộp;https://www.pharmacity.vn/product/salonpas-dan-5hopx4tui-x-10mieng
SILYMARIN VCP (10 vi x 10 vien);176800;Cao khô silybum marianum  312mg;;Hộp;https://www.pharmacity.vn/product/silymarin-vcp-10-vi-x-10-vien
Dung dịch Neopeptine F hỗ trợ tiêu hóa (Chai 15ml);56000;;Neopeptine F;Chai;https://www.pharmacity.vn/product/neopeptine-f-dung-dich-uong-ho-tro-tieu-hoa-15ml
Viên nén Samsca 15mg điều trị giảm natri máu (1 vỉ x10 viên);3309500;Tolvaptan 15mg;Otsuka;Hộp;https://www.pharmacity.vn/product/samsca-tablets-1vi-x10vien
Viên nén phân tán Vigentin 500mg/125mg DT điều trị nhiễm khuẩn (2 vỉ x 7 viên);226800;Amoxicilin 500mg,  Acid clavulanic 125mg;Excl - Dai Nam;Hộp;https://www.pharmacity.vn/product/vigentin-500125-dt-2vi-x-7-vien
Losar-Denk Tab F.C 100Mg (2 Vỉ X 14 Viên);274400;Losartan 100mg;Denk Pharma GmbH & Co.KG;Hộp;https://www.pharmacity.vn/product/losar-denk-tab-fc-100mg-2vi-x-14vien
Dung dịch tiêm CEREBROLYSIN 10ML sa sút trí tuệ, đột quỵ, rối loạn trí nhớ (1 vỉ x 5 ống x 10ml);557000;Peptide(Cerebrolysin concentrate),Sodium hydroxide 215,2mg, 2,1mg;DP Trung uong CPC1;Hộp;https://www.pharmacity.vn/product/cerebrolysin-10ml-5-ong-inj
Viên nén bao tan trong ruột Dicsep trị viêm loét dạ dày, tá tràng (3 vỉ x 10 viên);176550;Sulfasalazin 500mg; CÔNG TY TNHH DƯỢC MỸ PHẨM THÁI NHÂN;Hộp;https://www.pharmacity.vn/product/dicsep-3-vi-x-10-vien
Dung dịch nhỏ mắt Samaca dùng trong các trường hợp khô mắt, giữ ẩm mắt (chai 5ml);34285;Natri hyaluronat  5mg/5ml;Traphaco;Hộp;https://www.pharmacity.vn/product/samaca-5ml
Porginal (2 vi x6 vien);128000;Neomycin sulfate (tương đươngNeomycin base  35000UI,  Nystatin 35000UI,  Polymycin B sulfat 100000UI;Công ty TNHH Dược Phẩm Thành Tâm;Hộp;https://www.pharmacity.vn/product/porginal-2-vi-x6-vien
Patylcrem (Hộp 1 tuýp 10g);7000;Clotrimazol  0;Hasan- Demarpharm;Tuýp;https://www.pharmacity.vn/product/patylcrem-10g
Viên nén Thuốc Xoang Nhất Nhất điều trị viêm mũi, viêm xoang (3 vỉ x 10 viên);160000;Thương nhĩ tử, Hoàng kỳ,  Phòng phong,… 500mg, 620mg, 250mg,…;Nhat Nhat;Hộp;https://www.pharmacity.vn/product/thuoc-xoang-nhat-nhat-hop-3vi-x-10vien
Enterogermina Gut Restore (Hộp 20 ống x 5ml) – Phục hồi vi sinh, khỏe tiêu hóa;14900;Bacillus clausii 4billion;Sanofi CHC import;Ống;https://www.pharmacity.vn/product/thuoc-ho-tro-tieu-hoa-enterogermina-4-ty-5-ml-hop-20-ong
Viên nang cứng Clinecid 300mg điều trị nhiễm khuẩn (10 vỉ x 10 viên);329000;Clindamycin HCL 300mg;Mediplantex;Hộp;https://www.pharmacity.vn/product/clinecid-300mg-hop-10-vi-x-10-vien
Viên nén bao phim Meyerbastin 20mg điều trị viêm mũi dị ứng, mày đay (10 vỉ x10 viên);648000;Ebastin 20mg;Hanlim Pharm;Hộp;https://www.pharmacity.vn/product/meyerbastin-20-10vi-x10-vien
Thuốc dùng ngoài Epiduo 0.1%/2.5% gel điều trị tại chỗ mụn trứng cá (tuýp 15g);172000;Adapanlen, benzoyl peroxide;Galderma;Tuýp;https://www.pharmacity.vn/product/epiduo-0125-gel
Viên nang Heparos 250mg/250mg hạ men gan, tăng cường chức năng gan, bổ gan (12 vỉ x 5 viên);29500;L-cysteine,Choline;Dongkoo Bio & Pharma Co;Vỉ;https://www.pharmacity.vn/product/heparos-12x5
Viên uống Pharmaton Essential bổ sung vitamin tổng hợp và khoáng chất (30 viên);168000;"Magnesi (dưới dạng Magnesi oxyd nặng DC): 56,25 mg
Vitamin C (Asorbic acid): 80 mg
Vitamin E (dưới dạng DL-alpha Tocopheryl acetat): 12 mg
Vitamin B3 (Niacin) (dưới dạng Niacinamid): 17,5 mg
Sắt (dưới dạng Sắt fumarat): 4,35 mg
Kẽm (dưới dạng Kẽm oxyd): 10 mg
Pantothenic acid (dưới dạng Canxi D-Pantothenat): 6,3 mg
Mangan (dưới dạng Mangan sulfat monohydrat): 2 mg
Vitamin A (từ Beta caroten): 2666,4 IU
Vitamin B6 (Pyridoxin) (dưới dạng Pyridoxin hydroclorid): 2,8 mg
Vitamin B1 (Thiamin) (dưới dạ Magnesi (dưới dạng Magnesi oxyd nặng DC): 56,25 mg
Vitamin C (Asorbic acid): 80 mg
Vitamin E (dưới d";Opella VMS;Hộp;https://www.pharmacity.vn/product/vien-bo-sung-vitamin-va-khoang-chat-pharmaton-essential-hop-30-vien
Viên nén Betaloc 50mg điều trị tăng huyết áp, đau thắt ngực (3 vỉ x 20 viên);140000;Metoprolol Succinat 50mg;Betaloc;Hộp;https://www.pharmacity.vn/product/betaloc-tab-50mgh3vi-x-20vien-da-chuyen-tu-p05928-sang-p22188
Viên nén A.T Esomeprazol 20mg trị loét dạ dày tá tràng, viêm thực quản trào ngược (10 vỉ x 10 viên);79000;Esomeprazol 20mg;An Thien;Hộp;https://www.pharmacity.vn/product/at-esomeprazol-20mg-10vi-x-10vienan-thien
Viên nén Promethazin Nadyphar 15mg trị viêm mũi dị ứng, viêm kết mạc, mề đay (5 vỉ x 20 viên);29500;Promethazin 15mg;Nadyphar;Hộp;https://www.pharmacity.vn/product/promethazin-nadyphar-15mg-5-vi-x-20-vien
Viên nén Vilget 50mg điều trị đái tháo đường không phụ thuộc insulin (type 2) (4 vỉ x 7 viên);150000;Vildagliptin 50mg;Vilget;Hộp;https://www.pharmacity.vn/product/vilget-tab-50mg
Viên nén Queitoz - 200 điều trị rối loạn lưỡng cực, tâm thần phân liệt (4 vỉ x7 viên);200000;Quetiapin 200mg;Davipharm;Hộp;https://www.pharmacity.vn/product/queitoz-200-hop-4-vi-x7-vien
Thuốc bột pha hỗn dịch uống Cebest 100mg điều trị nhiễm khuẩn (hộp 20 gói);159000;Cefpodoxim proxetil 100mg;Merap Group;Hộp;https://www.pharmacity.vn/product/cebest-100mg-20goi
Bột pha hỗn dịch uống Mahimox Hương dâu hỗ trợ tan đờm trong hô hấp cấp và mạn tính (30 gói x 2g);126000;Carbocistein 250mG 250mG;Mediplantex;Hộp;https://www.pharmacity.vn/product/mahimox-huong-dau-hop-30-goi
Cao dán Tiger Balm Plaster-RD 10X14cm giảm các triệu chứng mỏi cơ, giảm đau và nhức cơ (túi 3 miếng);63000;"Camphor 1%,  Menthol 0,3%,  Dementholised Mint Oil 0,6%,  Eucalyptus oil 0,5%,  Capsicum Extract 0,2%g 
";Tiger balm;Túi;https://www.pharmacity.vn/product/cao-dan-giam-dau-tiger-balm-plaster-rd-10x14cm-tui-3-mieng
Actelsar 40Mg (2vi x 14vien);165000;Telmisartan  40mg;PT Actavis Indonesia;Hộp;https://www.pharmacity.vn/product/actelsar-40mg-hop-2-vi-x14-vien
Viên nén CRESTINBOSTON 10mg điều trị tăng cholesterol máu, giảm mỡ máu (5 vỉ x 14 viên);279940;Rosuvastatin 180mg;Boston;Hộp;https://www.pharmacity.vn/product/crestinboston-10-5-vi-x-14-vien
TAFSAFE 25mg (Chai 30v);939000;Tenofovir alafenamide 25mg;Atra Pharmaceuticals;Chai;https://www.pharmacity.vn/product/tafsafe-25mg-chai-30v
Viên nén Levoagi 5mg điều trị triệu chứng viêm mũi dị ứng, mày đay (6 vỉ x 10 viên);15034;Levocetirizin dihydrochlorid 5mg;AGIPHARM;Vỉ;https://www.pharmacity.vn/product/levoagi-5mg-6vi-x-10vien
Viên nang Flutonin Hasan 20mg trị trầm cảm, chứng hoảng sợ và ám ảnh - cưỡng bức (5 vỉ x 10 viên);89000;Fluoxetin 20mg;Hasan- Demarpharm;Hộp;https://www.pharmacity.vn/product/flutonin-20-5x10-hasan
Viên nén Daflon 1000mg điều trị trĩ cấp tính (3 vỉ x 10 viên);265500;Diosmin Flavonoid 1000mg 1000mg;Servier International;Hộp;https://www.pharmacity.vn/product/daflon-1000mg-hop-30-vien
Viên nang mềm Enzicoba tăng cường hệ thống miễn dịch, chậm quá trình lão hóa (4 vỉ x 15 viên);310000;Selen, Crom, Vitamin C 50mcg, 50mcg, 50mg;ENZICOBA;Hộp;https://www.pharmacity.vn/product/enzicoba-4-vi-x-15-vien
Viên nén bao đường Milgamma mono 150 điều trị viêm đa dây thần kinh (3 vỉ x10 viên);350000;Benfotiamine 150mg;Milgamma mono 150;Hộp;https://www.pharmacity.vn/product/milgamma-mono-150-3-vi-x10-vien
Hỗn dịch nhỏ mắt Simbrinza 10mg/ml + 2mg/ml làm giảm nhãn áp (chai 5ml);356400;Brinzolamide,  Brimonidine tartrate;Alcon Pharmaceuticals;Chai;https://www.pharmacity.vn/product/simbrinza-5ml-1s
Nephrosteril 250ml (Hop x10 chai);1290000;L-Isoleucin, L-Leucin, L-Lysine monoacetatSerin, … 250ml;Fresenius Kabi;Hộp;https://www.pharmacity.vn/product/nephrosteril-250ml-hop-x10-chai
Viên nang Kingloba 40mg điều trị rối loạn tuần hoàn máu não, thiếu máu não (10 vỉ x 10 viên);12000;Ginkgo biloba 40mg;BIDIPHAR;Vỉ;https://www.pharmacity.vn/product/kingloba-softcap-40mg-10vi-x-10vien
Viên nang Hagimox 500mg điều trị nhiễm khuẩn (10 vỉ x 10 viên);133900;Amoxicilin 500mg 500mg;DHG Pharma;Hộp;https://www.pharmacity.vn/product/hagimox-caps-500mg-hop-100-vien
Viên nang HAXIUM 40MG điều trị viêm loét thực quản do trào ngược, tăng tiết acid (3 vỉ x 10 viên);135000;Esomeprazol 40mg 40mg;DHG Pharma;Hộp;https://www.pharmacity.vn/product/haxium-caps-pllt-ec-40mg-hop-30-vien
Viên nang Oraptic 20mg điều trị loét dạ dày, tá tràng, viêm thực quản (5 vỉ x 4 viên);45000;Omeprazol 20 mg 20mg;BIDIPHAR;Hộp;https://www.pharmacity.vn/product/oraptic-20-h20-20mg
Viên nang Somexwell 40mg điều trị viêm loét thực quản do trào ngược, tăng tiết acid (3 vỉ x 10 viên);465000;Esomeprazol 40mg;Other;Hộp;https://www.pharmacity.vn/product/somexwell-40-3vi-x-10vien
Viên giải phóng có kiểm soát Staclazide 60mg MR Stella  trị đái tháo đường type 2 (6 vỉ x 10 viên);132000;Gliclazide 60mg;STELLA;Hộp;https://www.pharmacity.vn/product/staclazide-60mg-mr-stella-hop-6-vi-x-10-vien
Viên nén Lecifex 500mg điều trị nhiễm khuẩn (1 vỉ x 10 viên);150000;Levofloxacin 500mg;GLOMED-ABBOTT;Hộp;https://www.pharmacity.vn/product/lecifex-500mg-hop-2vi-x-10-vien
Viên bao phim Acigmentin 625mg điều trị nhiễm khuẩn (2 vỉ x 7 viên);61800;Amoxicillin 500mg/ Acid Clavulanic 125mg 500mg + 125mg;Minh Hai;Hộp;https://www.pharmacity.vn/product/acigmentin-625mg-2vi-x-7-vien
Viên nén Torgabalin 75 mg điều trị động kinh,rối loạn lo âu (3 vỉ x 10 viên);367000;Pregabalin 75mg;Torrent Pharm;Hộp;https://www.pharmacity.vn/product/torgabalin-75-3vi-x-10vien
Thuốc dùng ngoài Sovalimus 0.03% điều trị viêm da cơ địa từ vừa đến nặng (tuýp 12g);356400;Tacrolimus Ointment 30mg/100g;Công ty Cổ phần Dược Hà Tĩnh;Tuýp;https://www.pharmacity.vn/product/thuoc-dung-ngoai-sovalimus-003-dieu-tri-viem-da-co-dia-tu-vua-den-nang-tuyp-12g
Siro Daleston-D chống dị ứng, hen và viêm phế quản (chai 30ml);23000;Betamethason, Dexchlorpheniramin 3.75mg,30mg;Foripharm (TW3);Chai;https://www.pharmacity.vn/product/daleston-d-chai-30ml
Dung dịch ống uống Meyercetam 333mg các bệnh tổn thương não, chóng mặt (20 ống x 10ml);619800; Piracetam 333,3mg  333,3mg;Meyer-BPC;Hộp;https://www.pharmacity.vn/product/meyercetam-orl-333mg-hop-20-ong
Thuốc dùng ngoài Tazoretin 0,3% điều trị tại chỗ mụn trứng cá vừa và nhẹ (tuýp 10g);164900;Mỗi tuýp 10 g gel chứa Adapalen 30 mg 30 mg;Medisun;Tuýp;https://www.pharmacity.vn/product/tazoretin-gel-03
Thuốc xịt ngoài da Tezkin điều trị nhiễm nấm ngoài da (chai 15ml);25000;Terbinafin HCl 0;Công ty TNHH Dược Phẩm Thành Tâm;Hộp;https://www.pharmacity.vn/product/thuoc-xit-tezkin-gia-nguyen-hop-1-chai-x-15ml
Bột pha uống ACETYLCYSTEIN EG 200mg tiêu chất nhầy trong bệnh nhầy nhớt (hộp 30 gói);1500;Acetylcystein 200mg;Pymepharco;Gói;https://www.pharmacity.vn/product/acetylcystein-eg-200mg-hop-30-goi
Viên nén sủi bọt CalciumBoston 500mg bổ sung calci, ngừa loãng xương, còi xương (tuýp 20 viên);58990;"Calci gluconolactat 
Calci carbonat 300mg 2940mg
Calci carbonat 300mg";Boston;Hộp;https://www.pharmacity.vn/product/calciumboston-500mg-tuyp-20-vien
Viên nén Peruzi 6.25mg Davi Pharm điều trị tăng huyết áp, suy tim (3 vỉ x 10 viên);26900;Carvedilol 6.25mg;Davipharm;Hộp;https://www.pharmacity.vn/product/peruzi-625mg-davi-pharm-3-vi-x-10-vien
Siro A.T Desloratadin 2.5mg/5ml trị viêm mũi dị ứng, mày đay, ngứa (chai 30ml);22700;Desloratadin 2.5mg 2.5mg;An Thien;Chai;https://www.pharmacity.vn/product/at-desloratadin-25mg-syr-chai-30ml
Viên nén Imexofen 180mg trị viêm mũi dị ứng, mày đay (3 vỉ x 10 viên);99000;Fexofenadin HCL 180mg;Pharmedic;Hộp;https://www.pharmacity.vn/product/imexofen-tab-fc-180mg-hop-3-vi-x-10-vien
Viên nén Viagra 100mg điều trị rối loạn cương dương ở nam giới (1 vỉ x 1 viên);203000;Sildenafil citrate 100mg;Viatris (Pfizer UpJohn);Hộp;https://www.pharmacity.vn/product/viagra-tabs-100mg-hop-1-vi-x-1-vien
Viên nén SP Ambroxol 30mg long đờm trong viêm phế quản mạn, hen phế quản (10 vỉ x 10 viên);48000;Ambroxol HCL 30mg;Shin Poong Daewoo VN;Hộp;https://www.pharmacity.vn/product/ambroxol-tab-30mg-hop-10-vi-x-10-vien
Viên nén Drotusc 40mg chống co thắt cơ trơn đường tiêu hóa (10 vỉ x10 viên);64000;Drotaverin hydroclorid 40 mg;Medisun;Hộp;https://www.pharmacity.vn/product/drotusc-tab-40mg-box-100-hop-10-vi-x-10-vien
Viên nhai AMEBISMO 262mg điều trị rối loạn tiêu hóa, ăn không tiêu, tiêu chảy (6 vỉ x 10 viên);239900;Bismuth Subsalicylate 262 mg;OPV;Hộp;https://www.pharmacity.vn/product/amebismo-chewable-hop-60-vien
Viên ngậm Difflam Lozenges (Raspberry) giảm đau và sưng viêm họng (1 vỉ x 8 viên);44500;Benzydamine hydrochloride ,  Cetylpyridinium chloride;Difflam;Hộp;https://www.pharmacity.vn/product/difflam-lozenges-raspberry
Viên nén Theratussine 5mg tiền mê (trước phẫu thuật), dị ứng hô hấp (10 vỉ x 25 viên);50000;Alimemazine 5mg;TVPharma;Hộp;https://www.pharmacity.vn/product/theratussine-5mg-10vi-x-25vien
Thuốc dùng ngoài Azanex điều trị mụn trứng cá (tuýp 10g);48000;Adapalen 0.1% 0.1%;Yash Medicare LTD;Tuýp;https://www.pharmacity.vn/product/azanex-gel-tuyp-10g
Enat 400 (3 vỉ x 10 viên) Mã mới – Bổ sung vitamin E, cho làn da tươi trẻ;45000;Vitamin E 400IU 400IU;Mega Lifesciences;Vỉ;https://www.pharmacity.vn/product/thuoc-dieu-tri-tinh-trang-thieu-vitamin-e-mega-enat-400-30-vien-hop
Viên nén Deworm 250mg Atra  điều trị bệnh sán lá phổi, sán lá gan (1 vỉ x 4 viên);105000;Triclabendazole 250mg;Atra Pharmaceuticals;Hộp;https://www.pharmacity.vn/product/deworm-250mg-atra-hop-1-vi-x-4-vien
Viên nén Pramital 20mg điều trị trầm cảm, rối loạn hoảng sợ (2 vỉ x 14 viên);298000;CitalOpram  20mG;ANFARM HELLAS;Hộp;https://www.pharmacity.vn/product/pramital-20mg-hop-2-vi-x-14-vien
Viên nang Sopezid 40mg điều trị viêm loét dạ dày, trào người dạ dày thực quản (3 vỉ x 10 viên);488000;EsOmeprazOl 40mG 40mG;Kwality;Hộp;https://www.pharmacity.vn/product/sopezid-40mg-3vix10vien
Viên bao tan ở ruột BIVOESO 40MG trị viêm loét dạ dày tá tràng (3 vỉ x 10 viên);170000;Esomeprazole 40mg;BRV Healthcare;Hộp;https://www.pharmacity.vn/product/bivoeso-40mg-hop-3vix10vien
Viên nén phân tán Fabamox 1000mg điều trị nhiễm khuẩn (3 vỉ x 7 viên);96000;Amoxicilin 1000mg;Pharbaco (TW1);Hộp;https://www.pharmacity.vn/product/fabamox-1000mg-hop-3vix7vien
Bột pha uống Efodyl Sac 250mg điều trị nhiễm khuẩn (20 gói x 3g);220000;Cefuroxim 250mg 250;Xisat;Hộp;https://www.pharmacity.vn/product/efodyl-sac-250mg-20goix3g
Viên nang PADOLCURE 37,5mg/325mg điều trị các cơn đau từ trung bình đến nặng (3 vỉ x 10 viên);214500;PARACETAMOL + TRAMADOL 325mg, 37mg;Gracure Pharmaceuticals, India;Hộp;https://www.pharmacity.vn/product/padolcure-caps-325mg-37-3vi-x-10vien
Viên nén Samnir 500mg kháng sinh điều trị nhiễm khuẩn (1 vỉ x 10 viên);350000;Cefprozil  500mg;Nobelfarma;Hộp;https://www.pharmacity.vn/product/samnir-500mg-hop-1-vi-x-10-vien
Viên nén UVomo 5mg Saga trị nóng ruột, buồn nôn, trào ngược dạ dày (10 vỉ x 10 viên);300000;Mosaprid Citrat 5mg;Saga Laboratories;Hộp;https://www.pharmacity.vn/product/uvomo-mosaprid-citrat-5mg-saga-hop-10v-x-10vien
Viên nén Carvestad 6.25mg Stella tăng huyết áp, suy tim mạn tính, đau thắt ngực (3 vỉ x 10 viên);30000;Carvedilol 6.25mg;STELLA;Hộp;https://www.pharmacity.vn/product/carvestad-625-stella-hop-3-vi-x-10-vien
Viên nén Cefurobiotic 500mg kháng sinh điều trị nhiễm khuẩn (5 vỉ x 10 viên);150000;CEFUROXIME AXETIL 250mg;Medipharco- Tenamyd;Hộp;https://www.pharmacity.vn/product/cefurobiotic-capl-fc-250mg-hop-50-vien-medipharco-tenamyd
Viên nang Flustad 75mg Stella phòng ngừa và điều trị cúm (1 vỉ x 10 viên);165000;Oseltamivir 75mg;STELLA;Hộp;https://www.pharmacity.vn/product/flustad-75mg-stella-hop-1-vi-x-10-vien-nang-cung
Dung dịch thụt trực tràng Golistin-enema trị táo bón (chai 133ml);58300;Monobasic,Dibasic  21,41g,7,89g;Công ty cổ phần Dược phẩm CPC1 Hà Nội;Hộp;https://www.pharmacity.vn/product/dung-dich-thut-truc-trang-golistin-enema-hop-1-lo-133ml
Bột pha hỗn dịch uống Ankodinir 250mg/5ml điều trị nhiễm khuẩn (chai 36.1g);156990;Cefdinir 250mg;Dopharma;Chai;https://www.pharmacity.vn/product/ankodinir-susp-dry-250mg-5ml30ml-1
Dung dịch tiêm truyền Human Albumin Baxter 200g/l dùng phục hồi và duy trì thể tích máu (chai 50ml);875000;Human Albumin 10g/50ml 10g/50ml;Baxter;Hộp;https://www.pharmacity.vn/product/human-albumin-baxter-200gl-50ml-hop-1-chai
Viên nén Mebendazol 500mg điều trị nhiễm giun (1 vỉ x 1 viên);4000;MEBENDAZOLE 500mg;HANOI PHARMA;Hộp;https://www.pharmacity.vn/product/mebendazol-tab-500mg-box-1
Viên nang TERPINZOAT điều trị ho, làm long đàm (10 vỉ x 10 viên);50000;BENZOIC ACID + TERPIN HYDRATE 0;TVPharma;Hộp;https://www.pharmacity.vn/product/terpinzoat-tab-sc-box-100
Viên nang Viartril-S 250mg giảm triệu chứng của thoái hóa khớp gối nhẹ và trung bình (hộp 80 viên);295500;GLUCOSAMINE 250mg;Rottapharm;Hộp;https://www.pharmacity.vn/product/viartril-s-caps-250mg-bttl-80
Thuốc Yafort 500mg Y.A.C PHARMA (Hộp 3 vỉ x 10 viên);275000;Levetiracetam 500mg;Y.A.C PHARMA;Hộp;https://www.pharmacity.vn/product/thuoc-yafort-500mg-yac-pharma-hop-3-vi-x-10-vien
Viên nén Diclofenac 75mg điều trị viêm và các dạng thoái hoá khớp, thấp khớp (10 vỉ x 10 viên);27000;DICLOFENAC 75mg;TW25;Hộp;https://www.pharmacity.vn/product/diclofenac-tab-ec-75mg-box-100
Dung dịch ống uống Ulcogen Vial 800mg các bệnh tổn thương não, chóng mặt (4 vỉ x 5 ống);170000;Piracetam 800mg;DP Trung uong CPC1;Hộp;https://www.pharmacity.vn/product/ulcogen-vial-800mg-4vi-x5-ong
TEDAVI 400MG/57MG (Chai 70ml);174000;Clavulanic,Amoxicillin 57 mg/5ml,400 mg/5ml;Bilim Ilac Sanayi Ve Ticaret Anonim Sirketi;Hộp;https://www.pharmacity.vn/product/tedavi-400mg57mg-chai-70ml
Viên nang NEXIPRAZ 40MG điều trị viêm loét thực quản do trào ngược, tăng tiết acid (5 vỉ x 7 viên);225000;ESOMEPRAZOLE 40mg;Boston;Hộp;https://www.pharmacity.vn/product/nexipraz-caps-pllt-ec-40mg-box-35
Viên đặt âm đạo Dicinter điều trị viêm âm đạo (2 vỉ x 15 viên);100000;Metronidazol, Neomycin, Nystatin, 500mg, 65000IU, 100000IU;Sao Kim;Hộp;https://www.pharmacity.vn/product/dicinter-hop-2-vi-x-5-vien-dan
Bột pha uống Mekocefaclor 125mg kháng sinh điều trị nhiễm khuẩn (hộp 12 gói);25000;Cefaclor (dưới dạng Cefaclor monohydrat) 125mg;Mekophar;Hộp;https://www.pharmacity.vn/product/mekocefaclor-125mg-hop-12-goi
Viên nang Cefixim 100mg Tipharco kháng sinh điều trị nhiễm khuẩn (2 vỉ x 10 viên);39000;Cefixim 100mg;TIPHARCO;Hộp;https://www.pharmacity.vn/product/cefixim-100mg-tipharco-2-vi-x-10-vien
Viên nang LEER 400MG trị động kinh, viêm dây thần kinh (3 vỉ x 10 viên);212000;GABAPENTIN 400mg;SPM;Hộp;https://www.pharmacity.vn/product/leer-caps-400mg-3vi-x-10vien
NATRI BICARBONAT TAB CHEW 500MG BTTL 160;20000;SODIUM 500mg;BIDIPHAR;Chai;https://www.pharmacity.vn/product/natri-bicarbonat-tab-chew-500mg-bttl-160
AGILOSART-H TAB F.C 100MG /12.BOX 30;72000;HYDROCHLOROTHIAZIDE + LOSARTAN 100mg;Agimexpharm;Hộp;https://www.pharmacity.vn/product/agilosart-h-tab-fc-100mg-12box-30
Dung dịch tiêm Paracetamol Kabi 1000mg/100ml;36000;Paracetamol 1000mg 1000mg;Fresenius Kabi;Chai;https://www.pharmacity.vn/product/paracetamol-kabi-1000mg100ml
Viên nén Allopurinol STELLA 300mg điều trị gút, tăng acid uric máu (10 vỉ x 10 viên);1040;Allopurinol 300mg;STELLA;Viên;https://www.pharmacity.vn/product/allopurinol-stella-300mg-hop100vien
Viên uống Bilaxten 10mg điều trị viêm mũi dị ứng (1 vỉ x 10 Viên);6500;Bilastine 10mg 10mg;Menarini;Viên;https://www.pharmacity.vn/product/bilaxten-otd-10mg-1-vi-x-10-vien
Befucid cream 15g;57000;Acid fucidic 1%, Betamethasone 0.5%;Mediplantex;Tuýp;https://www.pharmacity.vn/product/befucid-cream-15g
Vinocyclin 100mg (Hộp 3 vỉ x 10 viên);15000;Minocycline 100mg;Medisun;Viên;https://www.pharmacity.vn/product/vinocyclin-100mg-hop-3vi-x-10-vien-
PIRACETAM KABI AMP INJ 3G 15ML 10;16500;Piracetam;Fresenius Kabi;Ống;https://www.pharmacity.vn/product/piracetam-kabi-amp-inj-3g-15ml
Micardis 40mg Tabs Greece (Hộp 30 viên);341520;Telmisartan 40mg;Boehringer Ingelheim;Hộp;https://www.pharmacity.vn/product/micardis-40mg-tabs-greece-hop-30-vien
GLUCOSE INF PLS BTTL 5% 500ML KABI;13000;Glucose khan 25g 25g/500ml;Fresenius Kabi;Chai;https://www.pharmacity.vn/product/glucose-inf-pls-bttl-5-500ml-kabi
Meyernota 800mg;12000;Mỗi 5ml dung dịch chứa Piracetam 800mg 800mg;Meyer-BPC;Ống;https://www.pharmacity.vn/product/meyernota-800mg
Thuốc nhỏ mắt Ketofen Drop 0,5mg/ml CPC1HN điều trị viêm kết mạc cấp, mãn tính (5ml);38000;Ketotifen 0.5mg 0.5mg;DP Trung uong CPC1;Chai;https://www.pharmacity.vn/product/ketofen-drops-eye-5ml-1
Perfeclly 400mg Farmaprim điều trị hội chứng tiền kinh nguyệt (2 vỉ x 6 viên);396000;Progesterone 400mg;Công ty Ltd Farmaprim – MOLDOVA;Hộp;https://www.pharmacity.vn/product/perfeclly-400mg-farmaprim-dieu-tri-hoi-chung-tien-kinh-nguyet-2-vi-x-6-vien
Ezecept 20/10 Stella (3 Vỉ x 10 Viên);200900;Atorvastatin 20mg, Ezetimibe 10mg 20/10;STELLA;Hộp;https://www.pharmacity.vn/product/ezecept-2010-stella-3-vi-x-10-vien
ONDANOV TAB F.C 8MG BOX 12;10975;Ondansetron 8mg 8mg;Novell Pharmaceutical Laboratories ;Viên;https://www.pharmacity.vn/product/ondanov-tab-fc-8mg-box-12
BETASALIC OINT 15G 1;46400; Betamethasone Dipropionate 6,4mg,  Acid Salicylic 300mg;Medipharco- Tenamyd;Hộp;https://www.pharmacity.vn/product/betasalic-oint-15g-1
CEDIPECT VNM 50 viên;1498;Codein phosphat hemihydrat 10mg,  Glyceryl guaiacolat 100 mg, ;Imexpharm;Viên;https://www.pharmacity.vn/product/cedipect-vnm-h50v
Osart tab 40mg (Hộp 30 viên);12833;Olmesartan medoxomil 40mg;THEON PHARMA;Viên;https://www.pharmacity.vn/product/osart-tab-40mg-hop-30-vien
ECIPA 50;8324;Aescin 50mg;Apimed;Viên;https://www.pharmacity.vn/product/ecipa-50
Basocholine Plus (Hộp 20 gói);22315;Citicolin (dưới dạng Citicolin natri) 500mg;Mediplantex;Gói;https://www.pharmacity.vn/product/basocholine-plus-hop-20-goi
Turbe 150/100mg 3 vỉ 12 viên;1945;Rifampicin 150mg,  Isoniazid  100mg;Nam Ha;Viên;https://www.pharmacity.vn/product/turbe-150100mg-3-vi-12-vien
Viên nén Enalapril Stella 5mg điều trị tăng huyết áp, suy tim (10 vỉ x 10 Viên);66600;Enalapril 5mg 5mg;STELLA;Hộp;https://www.pharmacity.vn/product/enalapril-stella-5mg-hop-100-vien
Calvin Plus – Bổ sung Canxi và vitamin D BIOLAB (Hộp 60 viên);577000;Calci carbonat 1500mg, Mangan sulfat 6.65mg, Magnesi oxyd 80mg, Kẽm oxide 11.2mg, Đồng (II) oxid 1.5mg, Cholecalciferol 3mg, Natri borat 4mg Calci carbonat 1500mg, Mangan sulfat 6.65mg, Magnesi oxyd 80mg, Kẽm oxide 11.2mg, Đồng (II) oxid 1.5;Biopharma;Hộp;https://www.pharmacity.vn/product/calvin-plus-bo-sung-canxi-va-vitamin-d-biolab-hop-60-vien
Abricotis Probiotec hỗ trợ sức khỏe xương, cơ bắp, bổ sung canxi (6 vỉ x 10 viên);5984;Calcium Carbonate, Colecalciferol Calcium Carbonate 1.5g, Colecalciferol12.5mcg;Probiotec;Viên;https://www.pharmacity.vn/product/abricotis-probiotec-6-vi-x-10-vien
Dung dịch uống Golistin Soda làm sạch ruột trước phẫu thuật chai 45ml CPC1;55000;Monobasic natri phosphat 18,77 g, dibasic natri phosphat 4,28 g 45ML/chai;Công ty cổ phần Dược phẩm CPC1 Hà Nội;Chai;https://www.pharmacity.vn/product/dung-dich-uong-golistin-soda-lam-sach-ruot-truoc-phau-thuat-chai-45ml-cpc1
Gel bôi Tazoretin 0.1% điều trị mụn trứng cá vừa và nhẹ tuýp 15g;143000;Adapalen 15 mg 15 mg;Công ty cổ phần dược phẩm Me Di Sun;Tuýp;https://www.pharmacity.vn/product/gel-boi-tazoretin-01-dieu-tri-mun-trung-ca-vua-va-nhe-tuyp-15g
Otilin 0.05% Pharbaco (Hop 8ml);5000;Xylometazolin HCl 0,05%;Pharbaco (TW1);Lọ;https://www.pharmacity.vn/product/otilin-005-pharbaco-hop-8ml-
Thuốc Camlyhepatin (Hộp 60 viên);435000;L-Ornithin L-Aspartat 80mg L-Ornithin L-Aspartat 80mg,  Vitamin B1 10mg  Vitamin B1 10mg,  Vitamin B6 1mg  Vitamin B6 1mg,  Vitamin C 75mg  Vitamin C 75mg,  Vitamin E 50mg  Vitamin E 50mg;Boston;Hộp;https://www.pharmacity.vn/product/thuoc-camlyhepatin-hop-60-vien
Opedulox 80 OPV (Hộp 30 viên);13367;Febuxostat 80mg 80mg;OPV;Viên;https://www.pharmacity.vn/product/opedulox-80-opv-hop-30-vien
Viên nén Lisiplus HCT 10/12.5 Stella điều trị tăng huyết áp nguyên phát (3 vỉ x 10 viên);3400;Lisinopril (dihydrat) 10mg, Hydroclorothiazid 12,5mg;STELLA;Viên;https://www.pharmacity.vn/product/vien-nen-lisiplus-hct-10125-stella-dieu-tri-tang-huyet-ap-nguyen-phat-3-vi-x-10-vien
Tenaspec 800mg (Hộp 60 viên);25000;Choline alfoscerate 800MG 800mg;Mediplantex;Viên;https://www.pharmacity.vn/product/tenaspec-800mg-hop-60-vien-
Dung dịch uống Atiferlit 50mg/5ml An Thiên bổ sung sắt, điều trị thiếu máu do thiếu sắt (30 ống x 10ml);17333; Sắt nguyên tố (dưới dạng Sắt (III) hydroxyd polymaltose 34%) 10mg/ml (1%(w/v));An Thien;Ống;https://www.pharmacity.vn/product/atiferlit-50mg5ml-hop-30-ong-x-10ml
Viên uống Magnesi - B6 STELLA Tablet (Hộp 100 Viên);89000;Vitamin B6  5mg + Magnesium 470mg;STELLA;Hộp;https://www.pharmacity.vn/product/magnesi-b6-stella-tablet-hop-100-vien
Jiracek 40mg  DaVipharm ( Hộp 4 Vỉ x 7 Viên);4643;Esomeprazol magnesi dihydrat tương đương Esomeprazol 40mg 40mg;Davipharm;Viên;https://www.pharmacity.vn/product/jiracek-40mg-davipharm-hop-4-vi-x-7-vien
Solufos 500mg Toll (Chai 24 Viên);20000;Fosfomycin (dưới dạng Fosfomycin calcium 703 mg) 500 mg 500mg;Toll Manufacturing SerVices, S.L.;Viên;https://www.pharmacity.vn/product/solufos-500mg-toll-chai-24-vien
Tabarex 80mg DaVipharm (Hộp 30 Viên);3090;Valsartan 80mg 80mg;Boston;Viên;https://www.pharmacity.vn/product/tabarex-80mg-davipharm-hop-30-vien
AtiLude 500mg/10ml An Thien (Hop 30 Ong);215000;Carbocisteine 50 mg/ml;An Thien;Hộp;https://www.pharmacity.vn/product/atilude-500mg10ml-an-thien-hop-30-ong
DatViron 150mg Enlie (Hop 3 Vi x 10 Vien);10333;Benfotiamin 150mg 150mg;Excl. Enlie;Viên;https://www.pharmacity.vn/product/datviron-150mg-enlie-hop-3-vi-x-10-vien
Fogicap 20 Usarichpharm (Hop 30 goi);10667;Omeprazole 20mg +natri bicarbonat 1680mg 20mg;Usarichpharm;Gói;https://www.pharmacity.vn/product/fogicap-20-usarichpharm-hop-30-goi
Medolxid 500mg Medisun (Hop 30 Vien);204000;Metadoxine 500mg 500mg;Medisun;Hộp;https://www.pharmacity.vn/product/medolxid-500mg-medisun-hop-30-vien
Trozimed 50mcg DaVipharm (Tuyp 30g);150000;"CALCIPOTRIOL
 50mcg";Davipharm;Tuýp;https://www.pharmacity.vn/product/trozimed-50mcg-davipharm-tuyp-30g
Cefimed Medochemie 400mg (Hop 10 Vien);38110;Cefixime 400mg 400mg;Medochemie;Viên;https://www.pharmacity.vn/product/cefimed-medochemie-400mg-hop-10-vien
Elnitine Stella (Hop 20 ong 10ml);80000;"Magnesium gluconate 0,426g + Calcium 
glycerophosphate 0,456g";STELLA;Hộp;https://www.pharmacity.vn/product/elnitine-stella-hop-20-ong-10ml
Glockner-10 DaVipharm (Hop 100 Vien);158000;Methimazole 10 mg;Davipharm;Hộp;https://www.pharmacity.vn/product/glockner-10-davipharm-hop-100-vien
Kem bôi da Avi-O5 Việt Phúc;25000;Vitamin A palmitat 0,1g/10g;Viet Phuc;Tuýp;https://www.pharmacity.vn/product/kem-boi-da-avi-o5-viet-phuc
Ulfebix (Hộp 30 viên);27720;Febuxostat 80mg;Sandoz;Viên;https://www.pharmacity.vn/product/ulfebix-hop-30-vien
Babytrim - New Pharbaco  (10 gói x 1.5g);3000;Sulfamethoxazol 200mg,Trimethoprim 40mg 200mg,40mg;Pharbaco (TW1);Gói;https://www.pharmacity.vn/product/babytrim-new-pharbaco-10-goi-x-15g
Adalcrem (Tuýp 15mg);69000;Adapalene 0,1% (w/w);Phil Inter;Tuýp;https://www.pharmacity.vn/product/adalcrem-tuyp-15mg
Decolgen Forte 10mg (30 Vỉ x 4 Viên);1250;Paracetamol, Phenylephrine 500mg;Decolgen;Viên;https://www.pharmacity.vn/product/decolgen-forte-10mg-30-vi-4-vien
Pharmaton Energy Fizzi bổ sung vitamin và khoáng chất (Hộp 1 ống x 10 viên nén sủi);99000;"Magnesi, Vitamin C, Nhân Sâm, Kẽm, Sắt, Vitamin E, Niacin, Vitamin B5, Mangan, Vitamin B6, Vitamin B1, Đồng, Vitamin B2, Vitamin A, Folic Acid, Selen, Biotin, Vitamin D3, Vitamin B12 Magnesi: 77.5mg
Vitamin C: 80mg
Nhân Sâm: 40mg
Kẽm: 10mg
Sắt: 8.3mg
Vitamin E: 12mg
Niacin: 17.5mg
V";Opella VMS;Hộp;https://www.pharmacity.vn/product/pharmaton-energy-fizzi-bs-nhan-sam-g115-hon-hop-vtm-khoang-chat-hop-10v
Pravastatin 20mg Stella (10 Vỉ x 10 Viên);715000;Pravastatin sodium 20mg 20mg;STELLA;Hộp;https://www.pharmacity.vn/product/pravastatin-20mg-stella-10-vi-x-10-vien
EVasif V-245mg Santa (Hop 30 Vien);50000;TenofoVir disoproxil 245mg;Santa;Viên;https://www.pharmacity.vn/product/evasif-v-245mg-santa-hop-30-vien
Propylthiouracil 50mg Nam Ha (Lo 100 Vien);480;Propylthiouracil 50mg;Nam Ha;Viên;https://www.pharmacity.vn/product/propylthiouracil-50mg-nam-ha-lo-100-vien
Anba-QE 40mg (3 Vi x 10 Vien);18000;Ubidecarenon 100mg,  Vitamin E (D-alpha-tocopheryl acetate) 12, 31mg;Phương Đông;Viên;https://www.pharmacity.vn/product/anba-qe-3-vi-x-10-vien
Nidal Plus Ampharco (Hop 3 Vi x 10 Vien);2200;Paracetamol 250 mg 250mg,  Aspirin 250 mg  65mg,  Cafein 65 mg  250mg;Ampharco U.S.A;Viên;https://www.pharmacity.vn/product/nidal-plus-ampharco-hop-3-vi-x-10-vien
Prospan Siro 200ml Sohaco (Hộp 1 Chai);156000;Cao khô lá thường xuân 0.7g/100ml;Prospan;Chai;https://www.pharmacity.vn/product/prospan-siro-200ml-sohaco-hop-1-chai
Pagalin 75mg Trường Thọ (Hộp 30 viên);3000;Pregabalin 75mg 75mg;Trường Thọ;Viên;https://www.pharmacity.vn/product/pagalin-75mg-truong-tho-hop-30-vien-
Livernin-DH 500mg/5ml Hataphar (Hộp 20 Ống);169000;Arginin hydroclorid 500mg 500mg;Phương Đông;Hộp;https://www.pharmacity.vn/product/livernin-dh-500mg5ml-hataphar-hop-20-ong
Murocin 200mg Imexpharm (Hộp 100 viên);170000;Acetylcystein 200 mg 200mg;Imexpharm;Hộp;https://www.pharmacity.vn/product/murocin-200mg-imexpharm-hop-100-vien
Glumeron 60 MR DHG (Hộp 30 viên);72000;Gliclazide 60mg;DHG Pharma;Hộp;https://www.pharmacity.vn/product/glumeron-60-mr-dhg-hop-30-vien
Exopan 50mg/ml (Chai 30ml);164000;Sắt (dưới dạng Sắt (III) hydroxyd polymaltose) 50mg 50mg;Công ty CP Dược Phẩm VTYT - Hà Nam;Chai;https://www.pharmacity.vn/product/exopan-50mgml-chai-30ml
Anbaescin 50mg (Hộp 3 Vỉ x 10 Viên);8600;Escin 50mg 50 mg;PHUONG DONG-CP DP;Viên;https://www.pharmacity.vn/product/anbaescin-50mg-phuong-dong-hop-3-vi-x-10-vien
Vamipas 200mg Phil Inter (Hộp 20 Vỉ x 5 Viên);2900;L-Ornithine L-Aspartate 200mg 200mg;Phil Inter Pharma;Viên;https://www.pharmacity.vn/product/vamipas-200mg-phil-inter-hop-20-vi-x-5-vien
Biosoft 10mg CPC1HN (Hộp 6 Vỉ x 15 Viên);463500;Biotin 10mg 10mg;Công ty cổ phần Dược phẩm CPC1 Hà Nội;Hộp;https://www.pharmacity.vn/product/biosoft-10mg-cpc1hn-hop-6-vi-x-15-vien
Clingel Clindamycin 10mg CPC1HN (Hộp x 1 tuýp);77100;clindamycin phosphate 11 clindamycin phosphate 11, 88mg 88mg;Công ty cổ phần Dược phẩm CPC1 Hà Nội;Tuýp;https://www.pharmacity.vn/product/clingel-clindamycin-10mg-cpc1hn-hop-x-1-tuyp
Azoran 50mg RPG (Hộp 100 Viên);700000;Azathioprine 50mg 50mg;RPG Lifesciences Ltd.;Hộp;https://www.pharmacity.vn/product/azoran-50mg-rpg-hop-100-vien
Gel bôi ngoài da Akneyash (Tuýp 30g);82000;Adapalen 30mg;Yash Medicare LTD;Tuýp;https://www.pharmacity.vn/product/gel-boi-ngoai-da-akneyash-tuyp-30g
RosuVas Hasan 5 (Hộp 05 Vỉ x 10 Viên);120000;RosuVastatin: 5mg 5mg;Hasan- Demarpharm;Hộp;https://www.pharmacity.vn/product/rosuvas-hasan-5-hop-05-vi-x-10-vien
Staclazide 80 Stella (Hộp 6 vỉ x 10 viên);2000;Gliclazid  80mg;STELLA;Viên;https://www.pharmacity.vn/product/staclazide-80-stella-hop-6-vi-x-10-vien
Lainmi 5mg Lesvi (Hộp 4 vỉ x 7 viên);11125;Montelukast 5mg ;Laboratorios Lesvi;Viên;https://www.pharmacity.vn/product/lainmi-5mg-lesvi-hop-4-vi-x-7-vien-
FIRVOMEF 25/250 MG DRP Inter (3 Vỉ x 10 Viên);118300;Carbidopa 25mg,  Levodopa  250mg;DRP Inter;Hộp;https://www.pharmacity.vn/product/firvomef-25250-mg-drp-inter-3-vi-x-10-vien
Pilavos 500mg Usarichpharm  (Hộp 28 viên);36429;"Thiabendazole

500mg 500mg";Usarichpharm;Viên;https://www.pharmacity.vn/product/pilavos-500mg-usarichpharm-hop-28-vien
Zocger 0.075% Medipharco (Tuýp 45g);205000;Capsaicin 0,075% (w/w) 0.075% w/w;Medipharco- Tenamyd;Tuýp;https://www.pharmacity.vn/product/zocger-0075-medipharco-tuyp-45g
Ostelin Calcium & Vitamin D3 (Lọ 30 Viên);135000;"600mg Carbonate, 500IU Vitamin D3 500IU";Opella VMS;Lọ;https://www.pharmacity.vn/product/ostelin-calcium--vitamin-d3-lo-30-vien
Ostelin Calcium & Vitamin D3 (Lọ 130 Viên);318250;"600mg Carbonate, 500IU Vitamin D3 500IU";Opella VMS;Lọ;https://www.pharmacity.vn/product/ostelin-calcium--vitamin-d3-lo-130-vien
MUCOMYST (200MG SACHETS B/18);70200;acetylcysteine 200mg 200mg;UPSA SAS;Hộp;https://www.pharmacity.vn/product/mucomyst-200mg-sachets-b18
Clenbuxol HDPharma (Hộp 1 chai 60ml);124700;Ambroxol hydrochloride: 7.5mg, Clenbuterol hydrochloride: 5.0mcg Ambroxol hydrochloride: 7.5mg, Clenbuterol hydrochloride: 5.0mcg;HD Pharma;Chai;https://www.pharmacity.vn/product/clenbuxol-hdpharma-hop-1-chai-60ml
Vitamin B12 Hải Dương (Hộp 100 ống);86000;Vitamin B12 1000mcg/1ml 1000mcg/1ml;Duoc VTYT Hai Duong;Hộp;https://www.pharmacity.vn/product/vitamin-b12-hai-duong-hop-100-ong
Salicylic 5% Hataphar (Hộp 1 tuýp 15g);19000;Acid salicylic 0.25g/5g 0.25g/5g;Hataphar;Tuýp;https://www.pharmacity.vn/product/salicylic-5-hataphar-hop-1-tuyp-15g
Zeskin 20% VCP (Hộp 1 tuýp 20g);82400;Acid azelaic 20% 2g/10g;CÔNG TY CỔ PHẦN DƯỢC PHẨM VCP;Tuýp;https://www.pharmacity.vn/product/zeskin-20-vcp-hop-1-tuyp-20g
Pelethrocin 500mg (2 vỉ x 15 viên);216300;Diosmin 500mg 500mg;Help S.A;Hộp;https://www.pharmacity.vn/product/pelethrocin-500mg-2-vi-15-vien
Maxxskin 10g Mediplantex ( Hộp 1 Túyp);38000;Betamethason 5mg,  Clotrimazol 100mg,  Gentamicin 10mg;Mediplantex;Tuýp;https://www.pharmacity.vn/product/maxxskin-10g-mediplantex-hop-1-tuyp
Neuceris nicergolin 10mg BRV (Hộp 3 vỉ x 10 viên);7820;Nicergolin 10mg Nicergolin 10mg;BRV Healthcare;Viên;https://www.pharmacity.vn/product/neuceris-nicergolin-10mg-brv-hop-3-vi-x-10-vien
Neorutin 3500mg Reliv (Hộp 10 gói x 7g);37400;Mỗi gói chứa: Troxerutin 3500mg Mỗi gói chứa: Troxerutin 3500mg;RELIV HEALTHCARE;Gói;https://www.pharmacity.vn/product/neorutin-3500mg-reliv-hop-10-goi-x-7g
Aspirin 100mg Trường Thọ (Hộp 12 gói x 1.5g);2500; Aspirin 100mg  Aspirin 100mg;Trường Thọ;Gói;https://www.pharmacity.vn/product/aspirin-100mg-truong-tho-hop-12-goi-x-15g
Laci-Eye CPC1HN (20 ống x 0.4ml);120600;Hydroxypropyl methylcellulose 1,2mg;Công ty cổ phần Dược phẩm CPC1 Hà Nội;Hộp;https://www.pharmacity.vn/product/laci-eye-cpc1hn-20-ong-0-4ml
MENBIO Nhất Nhất (10 goi x 1g);45000;Bacillus clausii (dạng bào tử) 2x10⁹ CFU. Phụ liệu: Chất độn (Maltodextrin, Lactose). 1g;Nhat Nhat;Hộp;https://www.pharmacity.vn/product/menbio-nhat-nhat-10-goi-1g
Nhóm sản phẩm giảm cảm ho sổ mũi người lớn;351900;;;Bộ;https://www.pharmacity.vn/product/nhom-san-pham-giam-cam-ho-so-mui-nguoi-lon
Viên nén Simvastatin 10mg - Stella điều trị tăng cholesterol máu, giảm mỡ máu (3 vỉ x 10 viên);30000;Simvastatin 10mg;STELLA;Hộp;https://www.pharmacity.vn/product/thuoc-dieu-tri-tang-cholesterol-triglycerid-trong-mau-simvastatin-stada-10mg-3-vi-x-10-vienhop
Viên bao đường Neurobion Tab điều trị rối loạn thần kinh ngoại vi, giảm đau (5 vỉ x 10 viên);115000;Vitamin B1 100mg, Vitamin B6 200mg, Vitamin B12 200mcg;Merck Export GMBH;Hộp;https://www.pharmacity.vn/product/neurobion-hop-5-vi-x-10-vien
Dung dịch Eugica siro hỗ trợ điều trị ho, long đờm (chai 60ml);21500;Cồn bọ mắm,Cao lỏng núc nác,Siro viễn chí ,Siro vỏ quýt,Siro an tức hương,Siro húng chanh,Eucalyptol,Natri benzoat;Eugica;Chai;https://www.pharmacity.vn/product/eugica-siro-hop-1-chai-60ml
Dầu Siang Pure Oil 7cc dùng ngoài giảm cảm lạnh, nhức đầu, ngạt mũi, giảm bầm tím (chai 7ml);30000;Menthol 38.6g, Peppermint oil 39.6ml, Cinnamon oil 0.5ml, Mineral oil 6.9g, Camphor 0.5ml;Siang Pure;Hộp;https://www.pharmacity.vn/product/siang-pure-oil-7cc-loc-6-chai
Betalestin (2Vi x 15Vien);7400;Betamethasone 0.25mg, Chlorpheniramine 2mg;Mekophar;Hộp;https://www.pharmacity.vn/product/betalestin-2vi-x-15vien
Viên nén Brexin 20mg kháng viêm, giảm đau xương khớp, viêm khớp dạng thấp (2 vỉ x 10 viên);201000;"Piroxicam 
 20mg";Abbott;Hộp;https://www.pharmacity.vn/product/thuoc-giam-dau-xuong-khop-dang-thap-brexin-20mg
Dầu gió nâu trị sổ mũi nghẹt mũi cảm cúm (chai 10ml);16000;Tinh dầu bạc hà 58g, Menthol 8g, Methyl salicylat 2g;Pharmedic;Chai;https://www.pharmacity.vn/product/dau-gio-nau
Viên nén Allopurinol Stella 300mg trị gout, sỏi thận (3 vỉ x 10 viên);34200;Allopurinol 300mg;STELLA;Hộp;https://www.pharmacity.vn/product/thuoc-dieu-tri-soi-than-allopurinol-stada-300mg-30-vienhop
Viên nang Vitamin C 500mg Vidipha điều trị thiếu vitamin C (10 vỉ x 10 viên);29850;Vitamin C 500mg;Vidipha;Hộp;https://www.pharmacity.vn/product/thuoc-tri-benh-do-thieu-vitamin-c-dao-thai-sat-vitamin-c-500mg
Thuốc xịt mũi Nasomom 4 Tinh dầu giảm sổ mũi, viêm mũi dị ứng, khò khè trẻ nhỏ (chai 70ml);43000;;RELIV HEALTHCARE;Chai;https://www.pharmacity.vn/product/nasomom4-dung-dich-xit-mui-70ml
Viên nén Sifrol 0,25mg trị bệnh parkinson (3 vỉ x 10 viên);330000;Dabigatran 0.25mg;Boehringer Ingelheim;Hộp;https://www.pharmacity.vn/product/thuoc-dieu-tri-cac-dau-hieu-va-trieu-chung-cua-benh-parkinson-vo-can-hoi-chung-chan-khong-nghi-sifrol-025mg-3-vi-x-10-vienhop
Thuốc nhỏ mắt Vismed 0.15% điều trị khô mắt, tổn thương mắt sau mổ (20 ống x 0.3ml);209000;Natri Hyaluronat 1.8mg/0.3ml;TRB  Chemedica;Hộp;https://www.pharmacity.vn/product/thuoc-nho-mat-dieu-tri-kho-mat-vismed-eye-drop-hop-20-ong
Viên nang Nucleo C.M.P. Forte điều trị các bệnh về thần kinh ngoại biên (2 vỉ x 15 viên);355000;Cytidine-5 diosdium-monophosphate 5mg, Uridine 3mg;Ferrer Internacional S.A.;Hộp;https://www.pharmacity.vn/product/nucleo-cmp-forte-2x15
Viên nén Topamax 25mg điều trị động kinh, dự phòng đau đầu migraine (6 vỉ x 10 viên);330000;Topiramat 25mg;Janssen;Hộp;https://www.pharmacity.vn/product/thuoc-dieu-tri-con-dong-kinh-khoi-phat-cuc-bo-hoac-dong-kinh-toan-the-co-hoac-khong-co-cung-co-giat-topamax-25mg-6-vi-x-10-vienhop
Dung dịch nhỏ mắt Alphagan P 0,15% điều trị tăng nhãn áp (chai 5ml);110000;Brimonidin 0.15%/5ml;Allergan;Hộp;https://www.pharmacity.vn/product/alphagan-p-hop-1-chai-5ml
Viên nén Herbesser Tab 60mg thuốc điều trị tăng huyết áp, đau thắt ngực (10 vỉ x 10 viên);224000;Diltiazem Hydroclorid 60mg;Abbott;Hộp;https://www.pharmacity.vn/product/herbesser-60mg-10-vi-x-10-vienhop
Viên nén bao phim Casodex điều trị ung thư tiền liệt tuyến (2 vỉ x 14 viên);3300000;Bicalutamide 50mg;AstraZeneca;Hộp;https://www.pharmacity.vn/product/thuoc-dieu-tri-ung-thu-tuyen-tien-liet-casodex-tab-50mg
Fugacar 500Mg (Chewable) Tab. B/1 – Viên nhai tẩy giun hiệu quả;22000;Mebendazol 500mg;Fugacar;Hộp;https://www.pharmacity.vn/product/thuoc-dieu-tri-nhiem-giun-vi-ngot-trai-cay-fugacar-mebendazole-500mg
Thuốc xịt mũi Nasomom Clean & Clear giảm triệu chứng nghẹt mũi, sổ mũi, viêm mũi dị ứng (chai 70ml);39000;;RELIV HEALTHCARE;Chai;https://www.pharmacity.vn/product/nasomum-4-dung-dich-xit-mui-tre-em
Viên nén bao đường Arcalion điều trị mệt mỏi tạm thời ở người lớn (chai 30 viên);112000;Sulbutiamin 200mg;Servier International;Chai;https://www.pharmacity.vn/product/thuoc-ho-tro-dieu-tri-met-moi-arcalion-200mg-30-vienhop
Viên nén Cetirizin Stella 10mg làm giảm các triệu chứng dị ứng ở mũi, mày đay (5 vỉ x 10 viên);4500;Cetirizin 10mg;STELLA;Vỉ;https://www.pharmacity.vn/product/thuoc-dieu-tri-viem-mui-di-ung-cetirizin-stada-10mg
Viên nén Atorlip 10mg điều trị tăng cholesterol máu, giảm mỡ máu (3 vỉ x 10 viên);49000;Atorvastatin 10mg;DHG Pharma;Hộp;https://www.pharmacity.vn/product/atorlip-10-hop-3-vi-x-10-vien
Viên sủi bọt Hasanvit Multi cung cấp các vitamin cho cơ thể, giảm căng thẳng, mệt mỏi (tuýp 20 viên);17000;Vitamin C 60mg, Vitamin B1 1,4mg, Vitamin B2 1,6mg, Vitamin B5 6,0mg, Vitamin B6 2,0mg, Biotin 0,15mg, Folic Acid 0,2mg, Vitamin E 10,0mg, Vitamin PP 18,0mg.;Hasan- Demarpharm;Tuýp;https://www.pharmacity.vn/product/vien-sui-cung-cap-vitamin-hasanvit-multivitamin-tuyp-20-vien
Melevo 500% Drops Eye (Chai 5ml);33600;Levofloxacin 0.5%/5ml;Merap Group;Chai;https://www.pharmacity.vn/product/thuoc-dieu-tri-viem-ket-mac-viem-sun-mi-melevo-500-drops-eye-chai-5ml
Dung dịch dùng ngoài Milian trị bệnh ngoài da như herpes simplex, chốc đầu, viêm da (chai 20ml);9500;Xanh Methylen 20ml;OPC;Chai;https://www.pharmacity.vn/product/thuoc-dieu-tri-nhiem-virus-ngoai-da-choc-lo-viem-da-mu-nhiem-khuan-da-milian-chai-20ml
Cao xoa Bách Xà thông kinh hoạt lạc, khu phong, trừ thấp, tiêu viêm, chỉ thống (hộp 20g);37000;Methyl Salicylat 4g, Camphor 3.5g, Tinh dầu bạc hà 2.2g/20g;Nam Duoc;Lọ;https://www.pharmacity.vn/product/cao-xoa-bach-xa-hop-1-lo-20g
Viên nén Domever 25mg điều trị phù do suy tim sung huyết, suy tim nặng (2 vỉ x 10 viên);46000;Spironolacton 25mg;Domesco;Hộp;https://www.pharmacity.vn/product/domever-25mg-2-vi-x-10-vienhop
Viên nén Fenaflam 25mg trị viêm và giảm đau khớp, đau do chấn thương, đau bụng kinh (2 vỉ X 10 viên);26000;Diclofenac 25mg;DHG Pharma;Hộp;https://www.pharmacity.vn/product/fenaflam-hop-2-vi-x-10-vien
Thuốc dùng ngoài Nystafar 10g dự phòng và điều trị nhiễm nấm candida tại chỗ (tuýp 10g);8000;Nystatin 106 IU/10g;Pharmedic;Tuýp;https://www.pharmacity.vn/product/nystafar-hop-1-tuyp-10g
Viên nén Diclofenac 75mg Mekophar trị viêm và các dạng thoái hoá khớp, thấp khớp (3 vỉ x 10 viên);12400;Diclofenac 75mg;Mekophar;Hộp;https://www.pharmacity.vn/product/diclofenac-75mg-3-vi-x-10-vienhop
Viên nén Methorfar 15mg điều trị ho do kích ứng, ho không đờm, mạn tính (10 vỉ x 10 viên);32500;Dextromethorphan 15mg;Pharmedic;Hộp;https://www.pharmacity.vn/product/methorfar-15-10-vi-x-10-vienhop
Micosalderm 10g;9900;Miconazole 2%w/w;Hasan- Demarpharm;Hộp;https://www.pharmacity.vn/product/micosalderm-cream-10g
Viên nang cứng Fenofibrat 200mg điều trị rối loạn lipid máu (3 vỉ x 10 viên);99000;Fenofibrate 200mg;Domesco;Hộp;https://www.pharmacity.vn/product/fenofibrat-200mg3-vi-x-10-vien
Viên nén bao phim Glovitor 10mg làm giảm cholesterol (3 vỉ x 10 viên);83000;Atorvastatin 10mg;GLOMED-ABBOTT;Hộp;https://www.pharmacity.vn/product/glovitor-10mg
Viên nén Pepevit 50mg điều trị bệnh pellagra (chai 100 viên);18000;Ncotiamid 50mg;Nadyphar;Chai;https://www.pharmacity.vn/product/thuoc-dieu-tri-viem-loet-pepevit-50mg
Viên nén Livorax 8mg kháng viêm, giảm đau cơ xương khớp, viêm khớp dạng thấp (10 vỉ x 10 viên);859000;Lornoxicam 8mg;MICRO LABS;Hộp;https://www.pharmacity.vn/product/livorax-8mg-10-vi-x-10-vienhop
Viên nén Aginolol 50mg điều trị tăng huyết áp, đau thắt ngực, nhồi máu cơ tim (10 vỉ x 10 viên);63000;Atenolol 50mg;AGIPHARM;Hộp;https://www.pharmacity.vn/product/aginolol-50mg-10-vi-x-10-vienhop
Viên nén Fordia 850mg điều trị bệnh đái tháo đường type 2 (10 vỉ x 10 viên);119000;Metfomin 850mg;United Pharma;Hộp;https://www.pharmacity.vn/product/fordia-850mg-10-vi-x-10-vienhop
Viên nén Plendil 5mg điều trị tăng huyết áp, đau thắt ngực (hộp 30 viên);228000;Felodipin 5mg;AstraZeneca;Hộp;https://www.pharmacity.vn/product/plendil-5mg-lo-30-vien
Thuốc hít dạng khí dung Combiwave SF 250 điều trị hen phế quản dài hạn (chai 120 liều);225000;Salmeterol 25mcg 25mcg, Fluticason propionat 250 mcg 250mcg;Glenmark;Chai;https://www.pharmacity.vn/product/combiwave-sf-250-hop-1-chai-x-120-lieu
Viên nang Stomex 20mg điều trị trào ngược dạ dày, loét dạ dày (2 vỉ x 7 viên);53004;Omeprazol 20mg;Merap Group;Hộp;https://www.pharmacity.vn/product/stomex-20mg-2-vi-x-7-vienhop
Dung dịch nhỏ mắt Acuvail 0.45% điều trị sau phẫu thuật đục thủy tinh thể (30 ống x 0.4ml);259000;Ketorolac tromethamine 4,5mg/ml;Allergan;Hộp;https://www.pharmacity.vn/product/acuvail-45mgml-30-ong-x-04mlhop
Viên nén Nisten 5mg điều trị đau thắt ngực ổn định (2 vỉ x 14 viên);88600;Ivabradin 5mg;Davipharm;Hộp;https://www.pharmacity.vn/product/nisten-5mg-2-vi-x-14-vienhop
Viên nén Dompidone 10mg SPM điều trị triệu chứng nôn và buồn nôn (3 vỉ x 10 viên);12000;Domperidone 10mg;SPM;Hộp;https://www.pharmacity.vn/product/dompidone-10mg-3-vi-x-10-vienhop
Hồng Linh Cốt (Hộp 10g);40200;Menthol 0.8g, Tinh dầu bạc hà 1.09g, Methylsalicylat 2g, Long nao 1.59g;DP & YT Kim Long Mien Nam;Hộp;https://www.pharmacity.vn/product/thuoc-mo-hong-linh-cot-10g
Dung dịch dùng ngoài Xanh Methylen trị bệnh herpes simplex, chốc đầu, viêm da (chai 20ml);5000;Xanh Methylen 200mg/20ml;Duoc VTYT Hai Duong;Chai;https://www.pharmacity.vn/product/dung-dich-dieu-tri-nhiem-virus-ngoai-da-lo-loet-xanh-methylen-1-20ml
Viên nén Levistel 80mg điều trị tăng huyết áp (4 vỉ x 7 viên);300000;Telmisartan 80mg;Laboratorios Lesvi;Hộp;https://www.pharmacity.vn/product/levistel-80mg-4-vi-x-7-vienhop
Rifampicin 150mg (Hộp 1 chai 250 viên);305000;Rifampicin 150mg;Mekophar;Chai;https://www.pharmacity.vn/product/rifampicin-150mg-hop-1-chai-250-vien
Viên nén Colthimus 4mg điều trị các chứng co cứng cơ (10 vỉ x 10 viên);160000;Tizanidin 4mg;Ha Tay;Hộp;https://www.pharmacity.vn/product/colthimus-4mg-hop-10-vi-x-10-vien-nen
Viên nén bao phim Celerzin 10mg điều trị viêm mũi dị ứng, mày đay (2 vỉ x 10 viên);8000;Cetirizin dihyroclorid 10mg;BIDIPHAR;Hộp;https://www.pharmacity.vn/product/thuoc-dieu-tri-viem-mui-di-ung-may-day-viem-ket-mac-di-ung-celerzin-10mg-2-vi-x-10-vienhop
Viên nén Devastin 10mg điều trị tăng cholesterol máu, giảm mỡ máu (3 vỉ x 10 viên);90000;Rosuvastatin 10mg;BIDIPHAR;Hộp;https://www.pharmacity.vn/product/thuoc-dieu-tri-tang-cholesterol-mau-roi-loan-lipid-mau-devastin-10mg-3-vi-x-10-vien-hop
Viên nén G5 Duratrix 75mg phòng ngừa thành lập cục máu đông, huyết khối (50 vỉ x 10 viên);249900;Clopidogrel 75mg;Ha Tay;Hộp;https://www.pharmacity.vn/product/thuoc-dieu-tri-nghen-mach-huyet-khoi-xo-vua-dong-mach-g5-duratrix-75mg-3-vi-x-10-vien-hop
Viên nén Dromasm Fort 80mg chống co thắt cơ trơn đường tiêu hóa (10 vỉ x10 viên);135000;Drotaverin hydroclorid 80mg;Ha Tay;Hộp;https://www.pharmacity.vn/product/thuoc-dieu-tri-co-that-da-day-ruot-hoi-chung-ruot-kich-thich-dromasm-fort-80mg-10-vi-x-10-vien-hop
Viên nang Eldosin 300mg làm loãng đờm trong bệnh hô hấp cấp và mạn tính (3 vỉ x 10 viên);231000;Erdostein 300mg;ARLICO;Hộp;https://www.pharmacity.vn/product/eldosin-capsule-300mg-3-vi-x-10-vienhop
Viên nén Hyperium 1mg điều trị tăng huyết áp (2 vỉ x 15 viên);135000;Rilmenidin  1mg;Les Laboratoires;Hộp;https://www.pharmacity.vn/product/thuoc-dieu-tri-tang-huyet-ap-hyperium-1mg-2-vi-x-15-vien-hop
Viên nang Dicellnase 20mg kháng viêm, giảm đau xương khớp, viêm khớp dạng thấp (6 vỉ x 10 viên);481000;Piroxicam 20mg;Farmalabor;Hộp;https://www.pharmacity.vn/product/dicellnase-20mg-6-vi-x-10-vienhop
Viên nang Ambidil 5mg trị tăng huyết áp, điều trị dự phòng đau thắt ngực ổn định (10 vỉ x 10 viên);60000;Amlodipin 5mg;BIDIPHAR;Hộp;https://www.pharmacity.vn/product/thuoc-dieu-tri-tang-huyet-ap-dieu-tri-du-phong-dau-that-nguc-on-dinh-ambidil-5mg-10-vi-x-10-vienhop
Viên nén Loratadine SPM 5mg (ODT) trị viêm mũi dị ứng, mày đay, ngứa (3 vỉ x 10 viên);10300;Loratadin 5mg;SPM;Vỉ;https://www.pharmacity.vn/product/thuoc-chong-di-ung-loratadinespm-5mg-3-vi-x-10-vienhop
Viên nén bao phim Agi-Ery 500mg điều trị nhiễm khuẩn (10 vỉ x 10 viên);210000;Erythromycin stearat 500mg;AGIPHARM;Hộp;https://www.pharmacity.vn/product/thuoc-dieu-tri-nhiem-khuan-agi-ery-500mg-10-vi-x-10-vien
Bột pha uống Vigentin 250mg/31,25mg điều trị nhiễm khuẩn (hộp 12 gói);60457;Amoxicillin 250mg, Acid Clavulanic 31.25mg;Pharbaco (TW1);Hộp;https://www.pharmacity.vn/product/thuoc-dieu-tri-nhiem-khuan-vigentin-250mg-31-25mg-12-goi-x-1g-hop
Kem bôi ngoài da Qbisalic điều trị viêm da, dị ứng da và ngứa (tuýp 10g);13900;Betamethason dipropionat,  Salicylic acid;Công ty cổ phần Dược phẩm Quảng Bình;Hộp;https://www.pharmacity.vn/product/qbisalic-hop-01-tuyp-10g
Sandimmun Neoral 100mg (5 vỉ x 10 viên);3600000;Ciclosporin 100mg;Novartis;Hộp;https://www.pharmacity.vn/product/sandimmun-neoral-100mg-5-vi-x-10-vien
Thuốc nhỏ mắt Laci-eye 0.3% điều trị tình trạng ngứa, cộm, khô mắt (chai 10ml);30000;Hydroxypropylmethylcellulose 3mg/ml;DP Trung uong CPC1;Ống;https://www.pharmacity.vn/product/laci-eye-hop-1-lo-10ml
Viên nén Goutcolcin 1mg bệnh gút cấp, viêm sụn khớp (2 vỉ x 20 viên);40000;Colchicin 1mg;AGIPHARM;Hộp;https://www.pharmacity.vn/product/goutcolcin-1mg-hop-2-vi-x-20-vien
Zinc-KiD INMED 3g (Hộp 25 gói);3480;Kẽm gluconat 70mg 70mg;Nam Ha;Gói;https://www.pharmacity.vn/product/zinc-kid-inmed-25goi
Viên nang Medisamin 250mg điều trị tình trạng chảy máu (10 vỉ x 10 viên);199600;Tranexamic Acid 250mg;Mediplantex;Hộp;https://www.pharmacity.vn/product/thuoc-tim-mach-huyet-ap-medisamin-250mg-mediplantex-10-vi-x-10-vien
Viên nén kháng dịch vị Beprasan 10mg điều hòa các bệnh dạ dày (1 vỉ x 10 viên);96900;Rabeprazol natri 10mg;Sandoz;Hộp;https://www.pharmacity.vn/product/beprasan-10mg-hop-1-vi-x-10-vien
Viên nén bao phim Getzlox 500mg điều trị nhiễm khuẩn (1 vỉ x 10 viên);175000;Levofloxacin 500mg;Shin Poong Daewoo VN;Hộp;https://www.pharmacity.vn/product/thuoc-dieu-tri-nhiem-khuan-getzlox-500mg-1-vi-x-10-vienhop
Viên nén Cefaclor 375mg Mebiphar kháng sinh điều trị nhiễm khuẩn (1 vỉ x 10 viên);45000;Cefaclor 375mg;Mebiphar;Hộp;https://www.pharmacity.vn/product/thuoc-dieu-tri-nhiem-khuan-duong-ho-hap-duong-tiet-nieu-da-cefaclor-375mg-1-vi-x-10-vienhop
Viên nang Keflafen 75mg điều trị đau cơ xương khớp, viêm khớp, thoái hóa khớp (10 vỉ x 10 viên);100000;Ketoprofen 75mg;Ha Tay;Hộp;https://www.pharmacity.vn/product/thuoc-dieu-tri-viem-khop-dang-thap-thoai-hoa-khop-giam-dau-co-xuong-keflafen-75mg-10-vi-x-10-vienhop
Viên nén bao phim Usasartim 300mg điều trị tăng huyết áp (3 vỉ x 10 viên);159000;Irbesartan 300mg;Novartis;Hộp;https://www.pharmacity.vn/product/thuoc-dieu-tri-tang-huyet-ap-nguyen-phat-usasartim-300mg-3-vi-x-10-vienhop
Dung dịch vệ sinh DDVS Quý Phi Xanh chống ngứa, chống viêm, khử mùi hôi (chai 120ml);27000;Aqua, Sodium Lauryl Ether Sulfat, Piper Betle Extract, Coco Amido Betain, PEG - 75 - Lanolin, Palm Kernel Oil Diethanolamid, Glycerin, Menthol, Metha Avenis Oil, Citric Acid, Dimethylol - Dimethyl hydantoin;Sao Thai Duong;Chai;https://www.pharmacity.vn/product/ddvs-quy-phi-xanh-chai-120ml
Viên nén Irbesartan - AM 150mg điều trị tăng huyết áp (2 vỉ x 10 viên);20000;Irbesartan 150mg;Meyer-BPC;Hộp;https://www.pharmacity.vn/product/thuoc-dieu-tri-tang-huyet-ap-irbesartan-am-2-vi-x-10-vienhop
Ultibro Breezhaler 110/50mcg (Hộp 5 vỉ x 6 viên kèm 1 dụng cụ hít);780000;Indacaterol 110mcg, Glycopyrronium 50mcg;Novartis;Hộp;https://www.pharmacity.vn/product/ultibro-breezhaler-11050mcg-hop-5-vi-x-6-vien-kem-1-dung-cu-hit
Viên nén bao phim Rostor 20mg Pymepharco thuốc dùng để hạ lipid máu (2 vỉ x 14 viên);221200;Rosuvastatin 20mg;Pymepharco;Hộp;https://www.pharmacity.vn/product/rostor-20mg-pymepharco-2vi-x-14vien
Mỡ tra mắt Chlorocina-H điều trị viêm bờ mi, viêm kết mạc, viêm củng mạc (tuýp 4g);8990;Chloramphenicol Hydrocortisone acetat;Công ty cổ phần Dược phẩm Quảng Bình;Tuýp;https://www.pharmacity.vn/product/chlorocina-h-4g-quapharco-1tuyp
Thuốc đặt điều trị viêm âm đạo OOS Can HSD - Clotrimazol 100mg Tenamyd (6 viên x 1 vỉ/hộp);9359;Clotrimazol 100mg;Medipharco- Tenamyd;Hộp;https://www.pharmacity.vn/product/thuoc-dat-dieu-tri-viem-am-dao-oos-can-hsd-clotrimazol-100mg-tenamyd-6-vien-x-1-vihop
Viên nang Remebentin 100mg Remedica điều trị đau do bệnh thần kinh và động kinh (5 vỉ x 10 viên);170000;Gabapentin 100mg;Remedica;Hộp;https://www.pharmacity.vn/product/remebentin-100-hop-5-vi-x-10-vien
Telmisartan 40mg (Hộp 3 vỉ x 10 viên);48000;Temisartan 40mg;Savi;Hộp;https://www.pharmacity.vn/product/savi-telmisartan-40mg-savi-3vi-x-10vien
Viên nén Gabapentin 300mg SAVI điều trị hỗ trợ trong động kinh cục bộ (3 vỉ x 10 viên);84000;Gabapentin 300mg;Savi;Hộp;https://www.pharmacity.vn/product/thuoc-dieu-tri-dong-kinh-gabapentin-300mg-savi-10-vien-x-3-vihop
Sdvag 100mg/100mg Gelnova (1 vỉ x 7 viên);98000;Clindamycin 100mg, Clotrimazole 100mg;Gelnova Laboratories;Hộp;https://www.pharmacity.vn/product/thuoc-dat-am-dao-dieu-tri-viem-am-dao-sdvag-1-vi-x-7-vienhop
Viên nén Nooapi 1200mg các bệnh tổn thương não, chóng mặt (10 vỉ x 10 viên);280700;Piracetam 1200mg;Apimed;Hộp;https://www.pharmacity.vn/product/thuoc-dieu-tri-ton-thuong-nao-roi-loan-nao-suy-giam-than-kinh-nooapi-1200mg-10-vi-x-10-vienhop
Disicar 20 20mg (Hộp 3 vỉ x 10 viên);51500;Telmisartan 20mg;Ampharco U.S.A;Hộp;https://www.pharmacity.vn/product/thuoc-dieu-tri-tang-huyet-ap-disicar-20mg-3-vi-x-10-vienhop
Viên nang Conoges 200mg Boston điều trị thoái hóa khớp, viêm khớp dạng thấp (3 vỉ x 10 viên);63000;Celecoxib 200mg;Boston;Hộp;https://www.pharmacity.vn/product/thuoc-giam-dau-chong-viem-conoges-200mg-3-vi-x-10-vienhop
Viên nén Maxxsat 100mg điều trị rối loạn cương dương (1 vỉ x 4 viên);48900;Sildenafil 100mg;Fourrts (India) Laboratories Pvt Ltd;Hộp;https://www.pharmacity.vn/product/thuoc-dieu-tri-roi-loan-cuong-duong-maxxsat-100mg-fourrts-4-vien-x-1-vihop
Nykob 5mg Genepharm (Hộp 2 vỉ x 14 viên);152000;Olanzapin Orodispersable 5mg;Genepharm.SA;Hộp;https://www.pharmacity.vn/product/nykob-5mg-genepharm-2vi-x-14vien
Viên nén Toulalan 50mg trị triệu chứng về dạ dày - ruột gây ra bởi viêm dạ dày mạn (6 vỉ x 10 viên);188000;Itopride HCl 50mg;Davipharm;Hộp;https://www.pharmacity.vn/product/thuoc-dieu-tri-viem-da-day-man-toulalan-50mg-6-vi-x-10-vienhop
Viên sủi bọt Kidsolon 4mg US Pharma kháng viêm, trị viêm thấp khớp, chống dị ứng (5 vỉ x 10 viên);99000;Methyl Prednisolon 4mg;US Pharma;Hộp;https://www.pharmacity.vn/product/thuoc-dieu-tri-cac-chung-viem-kidsolon-4mg-uspharma-10-vien-x-5-vihop
Viên nén Colestrim supra điều trị rối loạn mỡ máu (3 vỉ x 10 viên);312000;Fenofibrat (nanonized) 145mg;Ethypharm - France;Hộp;https://www.pharmacity.vn/product/thuoc-dieu-tri-tang-cholesterol-mau-colestrim-supra-145mg-ethypharm-10-vien-x-3-vihop
Digorich  0.25mg Usachipharm (Hộp 1 vỉ x 30 viên);19900;Digoxin 0.25mg;Phong Phu;Hộp;https://www.pharmacity.vn/product/thuoc-dieu-tri-suy-tim-digorich-025mg-usachipharm-30-vien-x-1-vihop
Viên nén bao phim FexodineFast 180mg điều trị viêm mũi dị ứng, mày đay (3 vỉ x 10 viên);100000;Fexofenadin 180mg;Savi;Hộp;https://www.pharmacity.vn/product/fexodinefast-180mg-savi-3vi-x-10vien
Viên nén bao phim Agiroxi 150 Agimexpharm điều trị nhiễm khuẩn (10 vỉ x10 viên);150000;Roxithromycin 150mg;Agimexpharm;Hộp;https://www.pharmacity.vn/product/thuoc-dieu-tri-nhiem-khuan-agiroxi-150-10-vi-x-10-vienhop
Thuốc điều trị tăng huyết áp Cyplosart 50mg Remedica (10 viên x 3 vỉ/hộp);110004;Losartan 50mg;Savi;Hộp;https://www.pharmacity.vn/product/thuoc-dieu-tri-tang-huyet-ap-cyplosart-50mg-remedica-10-vien-x-3-vihop
Dung dịch truyền tĩnh mạch Ringer lactat bổ sung nước, protein và điện giải (chai 500ml);17000;Lactate Ringer 500ml;B. Braun Indonesia;Chai;https://www.pharmacity.vn/product/ringer-lactat-500ml
Synapain 50 (Hộp 10 vỉ x 10 viên);345000;Pregabalin 50mg;Truong Tho;Hộp;https://www.pharmacity.vn/product/synapain-50-10-vi-x-10-vienhop
Viên nén AROMASIN 25MG điều trị ung thư vú (2 vỉ x 15 viên);2689990;Exemestane 25mg;Pfizer PBG;Hộp;https://www.pharmacity.vn/product/aromasin-tab-sc-25mg-2vi-x-15vien
Thuốc cốm BTIKG cầm máu, chống viêm, giảm đau, chống táo bón, làm thu nhỏ búi trĩ (9 gói x 9g);225000;Nhân sâm,  Hoàng kỳ,  Đương quy,  Bạch truật 500mg, 1000mg, 1000mg, 1000mg;Khang Minh (new);Hộp;https://www.pharmacity.vn/product/btikg-9-goi-x-9g
Viên nén Acyclovir 200mg Boston điều trị nhiễm Herpes zoster, thủy đậu (5 vỉ x 5 viên);30000;Acyclovir 200mg;Boston;Hộp;https://www.pharmacity.vn/product/acyclovir-200mg-boston-5vi-x-5vien
Viên nang HEP USO 250 điều trị sỏi mật, cải thiện chức năng gan (10 vỉ x 10 viên);840000;Ursodeoxycholic acid  250mg;Vidipha;Hộp;https://www.pharmacity.vn/product/hep-uso-250-10-vi-x-10-vien
Viên nén Dronagi 35 phòng và điều trị loãng xương (1 vỉ x 4 viên);88000;Risedronat natri  35mg;AGIPHARM;Hộp;https://www.pharmacity.vn/product/dronagi-35-hop-1-vi-x-4-vien
Viên nén Piroxicam 20mg DOMESCO điều trị viêm xương khớp, viêm khớp dạng thấp (3 vỉ x 10 viên);18000;Piroxicam 20mg;Domesco;Hộp;https://www.pharmacity.vn/product/piroxicam-20mg-hop-3-vi-x-10-vien
Viên uống Warfarin 1 dự phòng nghẽn mạch toàn thân ở những bệnh nhân bị bệnh thấp tim và rung nhĩ (3 vỉ x 10 viên);73000;Warfarin 1mg;SPM;Hộp;https://www.pharmacity.vn/product/warfarin-1-3x10-spm
Pomonolac 15g (Hộp 1 tuýp);147300;Calcipotriol 0,75mg;Dopharma;Tuýp;https://www.pharmacity.vn/product/pomonolac-hop-1-tuyp-15g
Viên nén Hasanclar 500mg Hasan điều trị nhiễm khuẩn đường hô hấp (4 vỉ x 7 viên);150000;Clarithromycin 500mg;Hasan- Demarpharm;Hộp;https://www.pharmacity.vn/product/hasanclar-500mg-4-vi-x-7-vienhop
Viên nén Barcavir Incepta trị viêm gan B mạn tính (1 vỉ x 10 viên);450000;Entecavir 0.5mg;INCEPTA PHARMACEUTICALS LTD;Hộp;https://www.pharmacity.vn/product/barcavir-1-vi-x-10-vienhop
Viên sủi Vitamin C 1000mg OPC trị Scorbut và các chứng chảy máu do thiếu Vitamin C (tuýp 10 viên);18000;Vitamin C 1000mg;OPC;Hộp;https://www.pharmacity.vn/product/vitamin-c-1000-opc-10vien
Viên nén Meyercosid 8mg điều trị hỗ trợ giãn cơ trong thoái hóa đốt sống (10 vỉ x 10 viên);460000;Thiocolchicosid 8mg;Meyer-BPC;Hộp;https://www.pharmacity.vn/product/meyercosid-8-10-vi-x-10-vienhop
Viên sủi bọt Calci D Hasan phòng và điều trị loãng xương, còi xương (tuýp 18 viên);22000;Calci carbonat 1250mg, Cholecalciferol 4.40mg;Hasan- Demarpharm;Hộp;https://www.pharmacity.vn/product/calci-d-hasan-18vien
Viên nén Daquetin 200mg Danapha trị rối loạn lưỡng cực, trầm cảm (6 vỉ x 10 viên);950000;Quetiapin 200mg;Danapha;Hộp;https://www.pharmacity.vn/product/daquetin-200-6-vi-x-10-vienhop
Dung dịch dùng ngoài Natri clorid 0.9% trị tiêu đờm, bổ phế, sát trùng họng (chai 1000ml);16000;Natri Cloride 0.90%;Duoc pham 3/2;Chai;https://www.pharmacity.vn/product/natri-clorid-09-32-chai1000ml-no-batch
Miacalcic (Hộp 5 ống tiêm x 1ml);572700;Calcitonin 50IU/ml;Novartis;Hộp;https://www.pharmacity.vn/product/miacalcic-hop-5-ong-tiem-x-1ml
Viên nén Hi-tavic 37,5mg/325mg Danapha điều trị các cơn đau từ trung bình đến nặng (6 vỉ x 10 viên);80000;Paracetamol 325mg,  Tramadol 37.5mg;Danapha;Hộp;https://www.pharmacity.vn/product/hi-tavic-6-vi-x-10-vienhop
Viên nén Telmisartan 20 An Thiên điều trị tăng huyết áp (10 vỉ x 10 viên);72000;Telmisartan  20mg;An Thien;Hộp;https://www.pharmacity.vn/product/telmisartan-20-10-vi-x-10-vienhop
Viên nén bao phim Atobe 10mg/10mg điều trị giảm cholesterol toàn phần (3 vỉ x 10 viên);181500;Atorvastatin 10mg/Ezetimibe 10mg 10mg,10mg;Công ty Cổ phần Dược Hà Tĩnh;Hộp;https://www.pharmacity.vn/product/atobe-hop-3-vi-x-10-vien
Viên bao tan trong ruột Bepracid 20mg Pymephaco điều trị viêm loét dạ dày (1 vỉ x 14 viên);33600;Rabeprazol Natri 20mg;Pymepharco;Hộp;https://www.pharmacity.vn/product/bepracid-20-hop-1-vi-x-14-vien
Viên nang mềm Vitamin E-OPC 400mg phòng và điều trị thiếu vitamin E (4 vỉ x 10 viên);43000;Vitamin E 400IU;OPC;Hộp;https://www.pharmacity.vn/product/vitamin-e-opc-softcap-400mg-4vi-x-10vien
Viên bao tan ở ruột FEDCERINE 500MG điều trị viêm loét đại trực tràng (3 vỉ x 10 viên);221000;Mesalazine 500mg;FEDCERINE TAB E.C 500MG;Hộp;https://www.pharmacity.vn/product/fedcerine-tab-ec-500mg-3-vi-x-10-vien
Thuốc dùng ngoài Nizoral 2% điều trị nhiễm nấm ngoài da (tuýp 15g);74800;Ketoconazole 20mg 0;Janssen;Tuýp;https://www.pharmacity.vn/product/nizoral-cream-15g
Viên bao đường Hoạt Huyết Dưỡng Não Traphaco cải thiện trí nhớ, giảm đau đầu (1 vỉ x 20 viên);21000;Cao Đinh lăng, Cao Bạch quả 150mg, 5mg;Traphaco;Hộp;https://www.pharmacity.vn/product/hoat-huyet-duong-nao-1-vi-x-20-vien-bao-duong-new
Dung dịch uống Sandimmun Neoral 100mg/ml ức chế miễn dịch (chai 50ml);3700000;Ciclosporin 100mg;Novartis;Hộp;https://www.pharmacity.vn/product/sandimmun-neoral-100mg-hop-1-lo-100mg50ml
Viên nang Ích Tràng Khang TW3 điều trị tiêu chảy, ăn không tiêu, rối loạn tiêu hóa (3 vỉ x 10 viên);95000;Liên nhục, Ý Dĩ, Sa nhân,… 100 mg, 100 mg, 100 mg,…;Foripharm (TW3);Hộp;https://www.pharmacity.vn/product/ich-trang-khang-tw3-hop-3-vi-x-10-vien
Dung dịch dùng ngoài Gysudo 0.5g trị viêm ngứa phụ khoa, sát trùng ngoài da (chai 200ml);13000;Đồng Sulfat 0,5g/200ml;Agimexpharm;Chai;https://www.pharmacity.vn/product/gysudo-200ml
Viên nén AGI-COTRIM 960MG điều trị nhiễm khuẩn (10 vỉ x 10 viên);83000;Sulfamethoxazol + Trimethoprim;AGIPHARM;Hộp;https://www.pharmacity.vn/product/agi-cotrim-960mg-hop-100-vien
Viên nang Agimezol 20mg điều trị viêm loét dạ dày (10 vỉ x 10 viên);94000;Omeprazol 20mg;AGIPHARM;Hộp;https://www.pharmacity.vn/product/agimepzol-20mg-hop-100-vien
Dung dịch tiêm Actrapid 100IU/ml insulin trị đái tháo đường (chai 10ml);90900;Insulin Human 100IU/ml;Novo Nordisk A/S;Chai;https://www.pharmacity.vn/product/actrapid-100iuml-10ml
Thuốc nhỏ mũi Elossy trị viêm xoang, viêm mũi dị ứng, nghẹt mũi, sổ mũi, hắt hơi (chai 5ml);6400;Xylometazolin Hydroclorid 0;DK Pharma;Chai;https://www.pharmacity.vn/product/elossy-5ml
Neotercod (2 Vỉ x 10 Viên) TV.Pharm;22200; Codein camfosulfonat 25mg,  Sulfoguaiacol 100mg,  Cao mềm Grindelia  20mg;TVPharma;Hộp;https://www.pharmacity.vn/product/neotercod-2vi-x-10vien-tvpharm
Viên nén Tesafu 10mg điều trị triệu chứng viêm mũi dị ứng, mày đay (3 vỉ x 10 viên);219000;rupatadin 10mg;Medisun;Hộp;https://www.pharmacity.vn/product/tesefu-10mg-3vi-x-10vien
Viên nén bao phim Ciprofloxacin STADA 500 mg điều trị và dự phòng nhiễm khuẩn (10 vỉ x 10 viên);160000;Ciprofloxacin 500mg;STADA;Hộp;https://www.pharmacity.vn/product/ciprofloxacin-stada-500-mg-10vi-x10-vien
Viên nén Amlodipine STADA 5mg trị tăng huyết áp, điều trị dự phòng đau thắt ngực (10 vỉ x 14 viên);95990;Amlodipine 5mg;STADA;Hộp;https://www.pharmacity.vn/product/amlodipine-stada-5-mg-tab-hop-10-vi-x-14-vien
Viên nén Medifluday trị các triệu chứng ho cảm thông thường (25 vỉ x 4 viên);102000;"Paracetamol 500mG +
loratadin 5mG +
Dextromethorphan HBr 7,5mG";Mediplantex;Hộp;https://www.pharmacity.vn/product/medifluday-h25-vix-4-vien
Viên nén Pharbaren 250mg kháng sinh điều trị nhiễm khuẩn (1 vỉ x 10 viên);185000;Cefproxil (dưới dạng cefprozil mononhydrat) 250mg 250mg;Pharbaco (TW1);Hộp;https://www.pharmacity.vn/product/pharbaren-250mg-h1x10v
Viên nang cứng Spirilix 50Mg điều trị tâm thần phân liệt, rối loạn lo âu (2 vỉ x 15 viên);16500;Sulpiride 50mg;Pymepharco;Hộp;https://www.pharmacity.vn/product/spirilix-caps-50mg-2vi-x-15vien
Stivarga Bayer Tab 40mg (Hộp 28 viên);11300000;Regorafenib 40mg;Bayer (Others);Hộp;https://www.pharmacity.vn/product/stivarga-bayer-tab-40mg-hop-28-vien
LITOPAU TAB F.C 50MG ( Hop 3 vi x 10 vien);154000;Itoprid hydrochlorid 50mg;Phil Inter Pharma;Hộp;https://www.pharmacity.vn/product/litopau-tab-fc-50mg-hop-3-vi-x-10-vien
Eprex Prefill 4000IU Janssen (Hộp 6 ống);3540000;Epoetin alfa 4000iu 4000IU;Janssen;Hộp;https://www.pharmacity.vn/product/
Viên nén Hasancob 500mcg điều trị các bệnh lý thần kinh ngoại biên (10 vỉ x 10 viên);150000;Methylcobalamin 500mcg;Hasan- Demarpharm;Hộp;https://www.pharmacity.vn/product/hasancob-500mcg-10-vi-x-10-vien
Viên nang Circuton cải thiện tuần hoàn máu não, mất trí nhớ và xơ vữa động mạch (12 vỉ x 5 viên);234000;Cao khô Crataegus, Cao lá Melissa, Cao lá bạch quả,Dầu tỏi 50mg, 10mg,5mg, 150mg;Phil Inter Pharma;Hộp;https://www.pharmacity.vn/product/circuton-soft-cap-12-vi-x-5-vien
Viên nang Maxxmucous-CC 375mg tiêu nhầy, loãng đàm, giảm ho (hộp 100 viên);150000;Carbocistein 375mg;Ampharco U.S.A;Hộp;https://www.pharmacity.vn/product/maxxmucous-cc-375mg-hop-100-vien
Viên nén Usatrypsin 21mg Ampharco phù nề sau chấn thương, phẫu thuật, bỏng (2 vỉ x 10 viên);36000;Alpha chymotrypsine 8.4mg;Ampharco U.S.A;Hộp;https://www.pharmacity.vn/product/usatrypsin-21mg-ampharco-2-vi-x-10-vien
Viên nén Idatril 5mg Mebiphar điều trị tăng huyết áp, suy tim (3 vỉ x 10 viên);105000;IMIDAPRIL 5mg;Mebiphar;Hộp;https://www.pharmacity.vn/product/idatril-tab-5mg-box-30-mebiphar
INDOMETHACIN TAB F.C 25MG BL 30 HATAPHAR;60000;INDOMETACIN 25mg;Hataphar;Hộp;https://www.pharmacity.vn/product/indomethacin-tab-fc-25mg-bl-30hataphar-ha-tay
IBUHADI TAB F.C 400MG BOX 100 HADIPHAR-HA TINH;61500;IBUPROFEN 400mg;Hadiphar;Hộp;https://www.pharmacity.vn/product/ibuhadi-tab-fc-400mg-box-100-hadiphar-ha-tinh
Demencur 100mg Savipharm (Hộp 3 vỉ x 10 viên);307000;Pregabalin  100 mg;Savi;Hộp;https://www.pharmacity.vn/product/demencur-100mg-savipharm-hop-3-vi-x-10-vien
Hepasyzin (10 vỉ x 10 viên);779000;Cao Cardus marianus 200mg,  Thiamin nitrate  4mg,  Pyridoxin hydrochlorid  4mg,  Nicotinamide  12mg,  Calcium pantothenate  8mg,  Cyanocobalamin  1,2mcg;DONGBANG FUTURE TL;Hộp;https://www.pharmacity.vn/product/hepasyzin-10-vi-x-10-vien
Rivacyst 15mg Abbott lab (Hộp 14 viên);618000;rivaroxaban 15mg;Abbott;Hộp;https://www.pharmacity.vn/product/rivacyst-15mg-abbott-lab-hop-14-vien
Ginsil Piracetam 400mg  CPC1HN (Hộp x 20 Ống);113300;Piracetam: 400mg. Piracetam: 400mg.;Công ty cổ phần Dược phẩm CPC1 Hà Nội;Hộp;https://www.pharmacity.vn/product/ginsil-piracetam-400mg-cpc1hn-hop-x-20-ong
Nalordia 200 Orion Pharma (Hop 10 Vi x 10 Vien);2000000;Quetiapin 200mg 200mg;Orion;Hộp;https://www.pharmacity.vn/product/nalordia-200-orion-pharma-hop-10-vi-x-10-vien
Heradrea 400mg (Hop 10 vi x 10 vien);500000; Hydroxyurea 400mg 400mg;Herabiopharm;Hộp;https://www.pharmacity.vn/product/heradrea-400mg-hop-10-vi-x-10-vien
Viên nén Caplor 75mg phòng ngừa biến cố huyết khối do xơ vữa, nghẽn mạch (3 vỉ x 10 viên);50900;Clopidogrel 75mg;IND-SWIFT;Hộp;https://www.pharmacity.vn/product/caplor-75mg-ind-swift-3x10
Viên nang Amoxicillin 500mg kháng sinh điều trị nhiễm khuẩn (10 vỉ x 10 viên);79600;AMOXICILLIN 500MG;Mekophar;Hộp;https://www.pharmacity.vn/product/amoxicillin-500mg-hop-100-vien-mekopha
Viên nén Zanmite 500mg kháng sinh điều trị nhiễm khuẩn (1 vỉ x 10 viên);137000;Cefuroxim 500mg;Hataphar;Hộp;https://www.pharmacity.vn/product/zanmite-tab-500mg-box-10
Viên nén Soluthepharm 4mg trị viêm thấp khớp, hen suyễn, lupus ban đỏ hệ thống (10 vỉ x 10 viên);280000;Methylprednisolon 4mg;Thephaco;Hộp;https://www.pharmacity.vn/product/soluthepharm-tab-4mg-box-100
Viên nang Agibromhexin 16mg hỗ trợ tan đờm trong hô hấp cấp và mạn tính (10 vỉ x 10 viên);25000;Bromhexin hydroclorid 16mg;AGIPHARM;Hộp;https://www.pharmacity.vn/product/agibromhexin-16mg
Viên nén bao phim Auclatyl 500mg/125mg kháng sinh điều trị nhiễm khuẩn (2 vỉ x 10 viên);80000;amoxicilin 500mg,acid clavulanic 125mg 500mg,12,5mg;TIPHARCO;Hộp;https://www.pharmacity.vn/product/auclanityl-500125mg-hop-2-vi-x-10vien
Viên nén bao phim Losartan TV.Pharm 50mg điều trị tăng huyết áp (3 vỉ x 10 viên);26000;Losartan potassium 50mg;TVPharma;Hộp;https://www.pharmacity.vn/product/losartan-tvpharm-50mg-hop-3-vi-x-10-vien
Nước muối Natri Clorid 0,9% khô mắt, rửa mắt, vệ sinh mũi (chai 10ml);3800;Natri clorid 0,9%;Nam Ha;Lọ;https://www.pharmacity.vn/product/natri-clorid-drops-en-09-lo-10ml
TERPIN-CODEIN HD SOFTCAP 10MG /100mg (Hop 10 Vi x 10 Vien);123600;CODEINE  10mg,  TERPIN HYDRATE  100mg;Duoc VTYT Hai Duong;Hộp;https://www.pharmacity.vn/product/terpin-codein-hd-softcap-10mg-100mg-hop-10-vi-x-10-vien
Thuốc bột uống Erymekophar 250mg điều trị nhiễm khuẩn đường hô hấp (hộp 30 gói);60000;Erythromycin 250mg;Mekophar;Hộp;https://www.pharmacity.vn/product/erymekophar-sac-250mg-hop-30-goi
Viên nén Cefuking 250mg kháng sinh điều trị nhiễm khuẩn (6 vỉ x 5 viên);110000;Cefuroxim 250mg;US Pharma;Hộp;https://www.pharmacity.vn/product/cefuking-capl-fc-250mg-box-30
Viên nén Cefuroxim 250 mg kháng sinh điều trị nhiễm khuẩn (1 vỉ x 10 viên);22700;CEFUROXIME AXETIL 250mg;Pharimexco;Hộp;https://www.pharmacity.vn/product/cefuroxim-capl-fc-250mg-box-10pharimexco-vpc
Viên nang Hoạt Huyết CM3 Phúc Vinh trị rối loạn tuần hoàn não do xơ vữa mạch máu (3 vỉ x 10 viên);105000;;Duoc Phuc Vinh;Hộp;https://www.pharmacity.vn/product/phuc-vinh-hoat-huyet-cm3-hop-3vi-10vien
Viên nén TV. Pafen F trị các triệu chứng ho cảm thông thường (10 vỉ x 10 viên);132000;Paracetamol,  Ibuprofen,  Diphenhydramin HCl;TVPharma;Hộp;https://www.pharmacity.vn/product/tv-pafen-f-10-vi-x-10-vien
Viên nén Lopenca 200mg/325mg làm giảm đau các cơn đau, hạ sốt (5 vỉ x 20 viên);43900;Ibuprofen 200mg, Paracetamol 325mg 200mg,325mg;DHG Pharma;Hộp;https://www.pharmacity.vn/product/lopenca-tab-5vix20vien
Thuốc dùng ngoài Gentameson Medipharco trị nhiễm khuẩn, nhiễm nấm, viêm da (tuýp 10g);9700;Clotrimazole 100mg,   Betamethasone Dipropionate   6.4mg,   Gentamicin base   10mg;Medipharco- Tenamyd;Tuýp;https://www.pharmacity.vn/product/gentameson-crm-10g-1-medipharco-tenamyd
Viên nén Glimsure 3mg điều trị đái tháo đường không phụ thuộc insulin (type 2) (3 vỉ x 10 viên);180000;Glimepirid 200mg;Aurobindo Pharma Ltd;Hộp;https://www.pharmacity.vn/product/glimsure-3mg-hop-30-vien
Viên nang Omethepharm 20mg điều trị loét dạ dày, tá tràng, viêm thực quản (3 vỉ x 10 viên);25800;Omeprazol 20 mg;Thephaco;Hộp;https://www.pharmacity.vn/product/omethepharm-20mg-3-vi-x-10-vien
Viên nén Waruwari 2mg điều trị triệu chứng co cứng cơ, đau do co cơ (10 vỉ x10 viên);140000;Tizanidin 2mg;Davipharm;Hộp;https://www.pharmacity.vn/product/waruwari-2mg-10vi-x10vien
Viên nén Ravonol trị các triệu chứng ho cảm thông thường (25 vỉ x 4 viên);104000;DEXTROMETHORPHAN + LORATADINE + PARACETAMOL;Trường Thọ;Hộp;https://www.pharmacity.vn/product/ravonol-capl-fc-box-100
Viên nang Tisore - Khu phong hóa thấp Xuân Quang trị đau nhức xương khớp (2 vỉ x 10 viên);110000; Đỗ trọng, Ngũ gia bì chân chim,Tục đoạn ,Thiên niên kiện,.. 1100 mg, 1100 mg, 1100 mg, 1100 mg;Tisore  Khu phong hoa thap Xuan Quang;Hộp;https://www.pharmacity.vn/product/tisore-khu-phong-hoa-thap-xuan-quang-hop-2-vi-x-10-vien
Thuốc nhỏ mắt Olopat OD trị tình trạng ngứa mắt kết hợp với viêm kết mạc dị ứng  (chai 3ml);95000;Olopatadine hydrochloride 2mg;Ajanta Pharma;Chai;https://www.pharmacity.vn/product/olopat-od-hop-x-3ml
Viên nang Ag-Ome 20mg điều trị loét dạ dày, tá tràng, viêm thực quản (10 vỉ x 10 viên);90000;Omeprazol 20mg;Agimexpharm;Hộp;https://www.pharmacity.vn/product/ag-ome-hop-10-vi-x-10-vien-nang
Authisix (6 vỉ x 10 viên);275000;Calcium carbonate 1500mg 600mg;Meyer-BPC;Hộp;https://www.pharmacity.vn/product/authisix
Ibulife (Chai 110ml);103000;Ibuprofen 100mg/5ml 100mg/5ml;LifePharma FZE;Chai;https://www.pharmacity.vn/product/ibulife-chai-110ml
Roticox 30mg (Hộp 3 vỉ x 10 viên);345000;Etoricoxib 30mg Etoricoxib 30mg;KRKA, D.D, Novo Mesto;Hộp;https://www.pharmacity.vn/product/roticox-30mg-hop-3-vi-x-10-vien
Lisiplus HCT 20/12.5 Stella (Hộp 30 viên);180000;Lisinopril (dưới dạng lisinopril dihydrate) 20mg,  Hydrochlorothiazide 12.5 mg;OPV;Hộp;https://www.pharmacity.vn/product/lisiplus-hct-20-12-5-stella-hop-30-vien
Agigout 100mg Agimexpharm (Hộp 10 vỉ x 10 viên);65000;Allopurinol 100mg 100mg;Agimexpharm;Hộp;https://www.pharmacity.vn/product/agigout-100mg-agimexpharm-hop-10-vi-x-10-vien
Viên nén Zentel 200mg điều trị nhiễm giun (1 vỉ x 2 viên);22000;Albendazol 200mg;GSK ETC;Hộp;https://www.pharmacity.vn/product/thuoc-tay-giun-san-zentel-200mg-2-vien-hop
Viên nén Vitamin PP 500 phòng và điều trị bệnh pellagra (10 vỉ x 10 viên);57000;Nicotinamid 500mg;Pharmedic;Hộp;https://www.pharmacity.vn/product/vitamin-pp-500mg
Ibuprofen 600mg (10 vỉ x 10 viên/hộp);80000;Ibuprofen 600mg;Mekophar;Hộp;https://www.pharmacity.vn/product/ibuprofen-600mg-mkp-hop100-vien
Viên nén bao phim Diclofen 50mg giảm đau và giảm viêm xương khớp (10 vỉ x 10 viên);25000;Diclofenac 50mg;Pharmedic;Hộp;https://www.pharmacity.vn/product/thuoc-khang-viem-dieu-tri-cac-trieu-chung-viem-thap-khop-man-tinh-diclofen-50mg-10-vi-x-10-vienhop
Coversyl 10mg (Lọ 30 viên);245000;Perindopril 10mg;Servier International;Chai;https://www.pharmacity.vn/product/coversyl-tab-10mg-hop-30-vien
Gel bơm trực tràng Bibonlax Adults trị táo bón (10 tuýp x 8g);11500;Sorbitol 5g;Duoc pham Ha Noi;Tuýp;https://www.pharmacity.vn/product/bibonlax-adults
Thuốc xịt mũi họng Thái Dương giảm nghẹt mũi, sổ mũi, viêm mũi dị ứng, viêm xoang (chai 20ml);62000;Nghệ vàng 2g, Menthol 20mg, Camphor 20mg;Sao Thai Duong;Chai;https://www.pharmacity.vn/product/thuoc-xit-mui-dieu-tri-cac-chung-viem-mui-viem-xoang-thai-duong-20ml
Viên nén bao phim Glucophage 850mg điều trị bệnh đái tháo đường type 2 (2 vỉ x 15 viên);123000;Metfomin 850mg;Glucophage;Hộp;https://www.pharmacity.vn/product/thuoc-dieu-tri-benh-dai-thao-duong-tuyp-ii-glucophage-850mg-2-vi-x-15-vienhop
Sporacid (Hộp 3 vỉ x 4 viên);129600;Itraconazole 100mg;Dexa Medica;Hộp;https://www.pharmacity.vn/product/sporacid-hop-3-vi-x-4-vien
Viên nén Ciprofloxacin 500mg điều trị và dự phòng nhiễm khuẩn (2 vỉ x10 viên);29500;Ciprofloxacin 500mg;Imexpharm;Hộp;https://www.pharmacity.vn/product/ciprofloxacin-500mg-2vi-x10vien
Viên nang Imedroxil 500mg điều trị nhiễm khuẩn (1 vỉ x 12 viên);35000;Cefadroxil 500mg;Imexpharm;Hộp;https://www.pharmacity.vn/product/thuoc-dieu-tri-nhiem-khuan-duong-tiet-nieu-duong-ho-hap-pms-imedroxil-500mg
Viên nén bao phim Savi Rosuvastatin 10 điều trị rối loạn mỡ máu (3 vỉ x 10 viên);54000;Rosuvastatin 10mg;Savi;Hộp;https://www.pharmacity.vn/product/thuoc-dieu-tri-tim-mach-savi-rosuvastatin-10-3vix-10vien
Viên nén Syndopa 275mg trị bệnh parkinson (5 vỉ x 10 viên);169900;Levodopa 250mg, Carbidopa 25mg;Sun Pharma;Hộp;https://www.pharmacity.vn/product/syndopa-275-hop-5-vi-x-10-vien
Viên nén Prednison 5mg điều trị viêm thấp khớp, hen suyễn, lupus ban đỏ hệ thống (chai 500 viên);250000;Prednisone 5mg;Imexpharm;Chai;https://www.pharmacity.vn/product/prednison-5mg-vne-xanh-chai-500vien-imexpharm
Thuốc cốm Mexcold 150mg hạ sốt và giảm đau từ nhẹ đến vừa (hộp 12 gói);16500;Paracetamol 150mg;Imexpharm;Hộp;https://www.pharmacity.vn/product/thuoc-com-pha-hon-hop-dich-uong-dieu-tri-cac-con-dau-nhuc-mexcold-imp-150mg-12-goihop
Beprosalic Ointment (Tuýp 15g);78300;Betamethasone 9.6mg,  Salicylic Acid 0.45g;HOE Pharmaceuticals;Tuýp;https://www.pharmacity.vn/product/thuoc-mo-lam-giam-cac-trieu-chung-viem-da-beprosalic-ointment-15g
Viên nén bao phim Stadlofen 50mg STELLA giảm đau và giảm viêm xương khớp (5 vỉ x 10 viên);24400;Diclofenac 50mg;STELLA;Hộp;https://www.pharmacity.vn/product/thuoc-dieu-tri-benh-viem-xuong-khop-roi-loan-co-xuong-cap-tinh-diclofenac-50mg
Dung dịch khí dung Ventolin Nebules Sol 5mg/2.5ml trị, ngăn ngừa co thắt phế quản (6 vỉ x 5 ống);330000;Salbutamol 5mg;GSK ETC;Hộp;https://www.pharmacity.vn/product/thuoc-dieu-tri-co-that-phe-quan-cap-va-man-tinh-ventolin-nebules-5mg
Cốm pha uống Ceclor 125mg kháng sinh điều trị nhiễm khuẩn (chai 30ml);58000;Cefaclor 125mg;Menarini;Chai;https://www.pharmacity.vn/product/thuoc-com-dieu-tri-viem-tai-giua-nhiem-trung-duong-ho-hap-ceclor-125mg30ml
Primolut N 5mg (3 Vỉ x 10 Viên);47000;Norethisteron 5mg;Bayer (Others);Hộp;https://www.pharmacity.vn/product/thuoc-dieu-tri-noi-tiet-to-nu-primolut-n-3vi-x-10vien
Viên nén Ednyt 10mg điều trị tăng huyết áp, suy tim (3 vỉ x 10 viên);93000;Enalapril maleate 10mg;Gedeon Richter;Hộp;https://www.pharmacity.vn/product/ednyt-10mg-3vi-x-10vien
Thuốc cốm pha hỗn dịch uống Kefcin 125mg kháng sinh điều trị nhiễm khuẩn (24 gói x 1.5g);52500;Cefaclor  125mg;DHG Pharma;Hộp;https://www.pharmacity.vn/product/kefcin-125-h24goi
Savi Direin 50 (Hộp 3 vỉ x 10 viên);189000;Diacerein 50mg;Savi;Hộp;https://www.pharmacity.vn/product/thuoc-dieu-tri-trieu-chung-thoai-hoa-khop-hong-hoac-goi-voi-tac-dung-cham-savi-direin-50mg-3-vi-x-10-vienhop
Glotadol 250mg (Hộp 20 gói);48000;;GLOMED-ABBOTT;Hộp;https://www.pharmacity.vn/product/glotadol-250-hop-20-goi
Thuốc bột uống Crocin 50mg kháng sinh điều trị nhiễm khuẩn (hộp 25 gói);59500;Cefixim 50mg;Pymepharco;Hộp;https://www.pharmacity.vn/product/crocin-kid-hop-25-goi-x-15g
Viên nén bao phim Tottim Extra phòng và điều trị đau thắt ngực (2 vỉ x 20 viên);83000;Cao đặc đan sâm 100 mg 100mg,  Bột tam thất 70 mg 70mg,  Borneol 4 mg 4mg;Traphaco;Hộp;https://www.pharmacity.vn/product/thuoc-dieu-tri-va-phong-ngua-dau-that-nguc-xo-vua-dong-mach-tottim-extra-hop-2-vi-x-20-vien
Dung dịch uống Suncurmin trị viêm loét dạ dày, hành tá tràng (chai 100ml);50000;Nghệ vàng, Aspartam, Natribenzoat 30g, 6mg, 0,2g;Sao Thai Duong;Chai;https://www.pharmacity.vn/product/thuoc-uong-dieu-tri-viem-loet-da-day-hanh-ta-trang-suncurmin-100ml
Viên nén bao phim Usasartim 150mg điều trị tăng huyết áp (3 vỉ x 10 viên);83010;Irbesartan 150mg;Ampharco U.S.A;Hộp;https://www.pharmacity.vn/product/usasartim-150-hop-3-vi-x-10-vien
Viên nén Medisolon 16mg kháng viêm, điều trị viêm thấp khớp, chống dị ứng (3 vỉ x 10 viên);90000;Methyl Prednisolon 16mg;SPM;Hộp;https://www.pharmacity.vn/product/medisolone-16mg-hop-3-vi-x-10-vien
Viên hoàn cứng Hoa đà tái tạo hoàn điều trị mệt mỏi, tai biến mạch máu não (10 gói x 50 viên);262500;Tần giao, Bạch chỉ, Xuyên khung, Đương quy, Mạch môn 2,4g, 1,6g;Hoa da tai tao hoan;Hộp;https://www.pharmacity.vn/product/hoa-da-tai-tao-hoan-80g-hop-10-goi-x-50-vien
Viên nén Hyvalor 160mg điều trị tăng huyết áp, suy tim (3 vỉ x 10 viên);266000;Valsartan 160mg;United Pharma;Hộp;https://www.pharmacity.vn/product/hyvalor-160mg-3-vi-x-10-vienhop
Viên nang Aldoric Fort 200mg trị viêm, đau khớp, đau cấp và đau sau phẫu thuật (3 vỉ x 10 viên);104000;Celecoxib 200mg;SPM;Hộp;https://www.pharmacity.vn/product/aldoric-fort-3-vi-x-10-vienhop
Viên nén Glotadol 325mg giảm đau từ nhẹ đến vừa và hạ sốt (chai 200 viên);90000;Paracetamol 325mg;GLOMED-ABBOTT;Chai;https://www.pharmacity.vn/product/thuoc-ha-sot-giam-dau-glotadol-325mg-chai-200-vien
Etocox 200mg (Hộp 3 vỉ x 10 viên);90000;Etodolac 200mg;Danapha;Hộp;https://www.pharmacity.vn/product/etocox-3-vi-x-10-vienhop
Viên nén Agiremid 100mg điều trị viêm loét dạ dày (10 vỉ x 10 viên);210000;Rebamipid 100 mg 100mg;AGIPHARM;Hộp;https://www.pharmacity.vn/product/agiremid-100-hop-10-vi-x-10-vien
Viên nang Denfer - S điều trị tình trạng dư thừa sắt trong cơ thể (chai 60 viên);315000;Deferipron 500mg;MeyerHealthcare;Hộp;https://www.pharmacity.vn/product/denfer-s-hop-1-lo-x-60-vien
Viên nang cứng Golcoxib 200mg điều trị viêm khớp, viêm khớp dạng thấp (10 vỉ x 10 viên);154500;Celecoxib 200mg;Medisun;Hộp;https://www.pharmacity.vn/product/thuoc-dieu-tri-thoai-hoa-khop-va-viem-khop-dang-thap-golcoxib-200mg-10-vi-x-10-vien-hop
Viên nén Cilzec 80mg điều trị tăng huyết áp (3 vỉ x 10 viên);309000;Telmisartan Ph Eur 80mg;MSN;Hộp;https://www.pharmacity.vn/product/thuoc-tim-mach-huyet-ap-cilzec-80mg-3vi-x-10vien
Bột pha dung dịch uống Basocholine 500mg điều trị các rối loạn trí nhớ và hành vi (20 gói x 2g);500000;Citicolin 500mg/2g;Mediplantex;Hộp;https://www.pharmacity.vn/product/thuoc-dieu-tri-dau-than-kinh-goc-trung-uong-va-ngoai-vi-basocholine-500mg-2g-x-20-goihop
Viên nén Pymetphage 850mg Pymepharco điều trị bệnh đái tháo đường type 2 (5 vỉ x 20 viên);150000;Metfomin 850mg;Pymepharco;Hộp;https://www.pharmacity.vn/product/pymetphage-850mg-pyme-5vi-x-20-vien
Viên nén Methylprednisolon 16mg Vidipha trị viêm thấp khớp, hen suyễn, lupus ban đỏ (3 vỉ x 10 viên);34500;Methylprednisolon 16mg;Vidipha;Hộp;https://www.pharmacity.vn/product/methylprednisolon-16mg-hop-3-vi-x-10-vien
Viên nén Piracetam 800mg Vidipha điều trị chóng mặt, suy giảm trí nhớ (10 vỉ x 10 viên);68000;Piracetam 800mg;Vidipha;Hộp;https://www.pharmacity.vn/product/thuoc-dieu-tri-roi-loan-nao-piracetam-800mg-vidipha-10-vien-x-10-vihop
Viên đặt âm đạo/hậu môn Cycloges 400mg trị tiền kinh nguyệt, trầm cảm, dọa sảy thai (3 vỉ x 5 viên);600000;Progesterone 400mg;Actavis;Hộp;https://www.pharmacity.vn/product/thuoc-dieu-tri-hoi-chung-tien-kinh-nguyet-tram-cam-sau-sinh-cycloges-400mg-3-vi-x-5-vienhop
Viên nén Dompenyl-M buồn nôn, chán ăn, đầy bụng, khó tiêu, ợ nóng (10 vỉ x 10 viên);50000;Domperidon 10mg;Korea United Pharm;Hộp;https://www.pharmacity.vn/product/thuoc-dieu-tri-kho-tieutruong-bung-va-buon-non-dompenyl-m-korea-united-pharm-10-vien-x-10-vihop
Viên nén Brodicef 500mg Ha Tay kháng sinh điều trị nhiễm khuẩn (3 vỉ x 10 viên);943000;Cefprozil 500mg;Ha Tay;Hộp;https://www.pharmacity.vn/product/brodicef-500-3-vi-x-10-vienhop
Viên nén bao phim Zoloman 100mg điều trị triệu chứng bệnh trầm cảm (3 vỉ x 10 viên);140100;Sertralin 100mg;OPV;Hộp;https://www.pharmacity.vn/product/zoloman-100-3-vi-x-10-vienhop
Thuốc nhỏ mắt Gentamicin 0,3% 3/2 trị viêm giác- kết mạc, loét giác mạc, viêm mí mắt (chai 5ml);3500;Gentamicin 0,3%;Duoc pham 3/2;Chai;https://www.pharmacity.vn/product/thuoc-nho-mat-gentamicin-03-5ml-32-1-chaihop
Codalgin Forte 500mg/ 30mg(Hộp 2 vỉ x 10 viên);77300;Paracetamol 500mg,  codein phosphat 30mg;Vidipha;Hộp;https://www.pharmacity.vn/product/thuoc-giam-dau-codalgin-forte-500mg-aspen-10-vien-x-2-vi-hop
Viên nang Nesteloc 20mg Us Pharma điều trị loét dạ dày, tá tràng (3 vỉ x 10 viên);63000;Esomeprazol 20mg;US Pharma;Hộp;https://www.pharmacity.vn/product/nesteloc-20-3-vi-x-10-vienhop
Lungastic 20 (Hộp 5 vỉ x 10 viên);125000;Bambuterol hydroclorid 20mg;Hasan- Demarpharm;Hộp;https://www.pharmacity.vn/product/lungastic-20-5-vi-x-10-vienhop
Viên nén bao phim Diệp Hạ Châu Hải Dương điều trị các bệnh lý về gan (5 vỉ x 20 viên);46000;Diep ha chau dang 1g 1g;Duoc VTYT Hai Duong;Hộp;https://www.pharmacity.vn/product/diep-ha-chau-1g-hai-duong-5vi-x-20vien
Viên nén bao đường Kim tiền thảo Hải Dương điều trị sỏi thận, sỏi đường tiết niệu (chai 100 viên);38000;Cao kho kim tien thao 120mg;Duoc VTYT Hai Duong;Chai;https://www.pharmacity.vn/product/kim-tien-thao-120mg-hai-duong-chai100vien
Viên nang Seoul Cigenol - Phil Inter Pharma trị triệu chứng suy giảm chức năng gan (12 vỉ x 5 viên);14600;Acetaminophen 325mg, Phenylephrin HCl 5mg, Dextromethorphan HBr 10mg;Phil Inter Pharma;Vỉ;https://www.pharmacity.vn/product/seoulcigenol-phil-inter-pharma-12vi-x-5vien
Viên nang VITAMIN E400 IU ngăn ngừa lão hóa da, điều trị dự phòng thiếu vitamin E (3 vỉ x 10 viên);30000;Vitamin E 400IU;Pymepharco;Vỉ;https://www.pharmacity.vn/product/pmeetn400-3vi-x-10vien
Viên nén Augmex DUO 1g - Korea điều trị nhiễm khuẩn (2 vỉ x 10 viên);260000;Amoxicillin,Acid clavulanic;Korea United Pharm;Hộp;https://www.pharmacity.vn/product/augmex-duo-1g-korea-2-vi-x-10-vien
Viên nén Biacefpo 200mg kháng sinh điều trị nhiễm khuẩn (1 vỉ x 10 viên);66000;Cefpodoxime 200mg;Mediplantex;Hộp;https://www.pharmacity.vn/product/biacefpo-200mg-1-vi-x-10-vienhop
Viên nén Grandaxin 50mg điều trị bệnh tâm thần, lo âu (2 vỉ x 10 viên);172000;Tofisopam 50mg;Egis Pharma;Hộp;https://www.pharmacity.vn/product/grandaxin-50mg-2-vi-x-10-vienhop
Viên nén Tenocar 100mg điều trị tăng huyết áp, đau thắt ngực (2 vỉ x 15 viên);30000;Atenolol 100mg;Pymepharco;Hộp;https://www.pharmacity.vn/product/thuoc-dieu-tri-tang-huyet-ap-dau-that-nguc-tenocar-100mg-2-vi-x-15-vienhop
Viên nén Migomik 3mg điều trị triệu chứng đau nửa đầu, chóng mặt, mệt mỏi kéo dài (3 vỉ x 10 viên);66000;Dihydroergotamin mesylat 3mg;Hasan- Demarpharm;Hộp;https://www.pharmacity.vn/product/thuoc-huong-tam-than-migomik-3mg-3-vi-x-10-vien
Viên nang Macromax 250mg điều trị nhiễm khuẩn đường hô hấp (1 vỉ x 6 viên);17500;Azithromycin 250mg;Sao Kim;Hộp;https://www.pharmacity.vn/product/thuoc-khang-sinh-macromax-250mg-1-vi-x-6-vien
Viên nén Pasquale 50mg điều trị các triệu chứng đau cách hồi ở chân (10 vỉ x 10 viên);700000;Cilostazole 50mg;Davipharm;Hộp;https://www.pharmacity.vn/product/thuoc-dieu-tri-cac-trieu-chung-thieu-mau-cuc-bo-pasquale-50-10-vi-x-10-vienhop
Co-Diovan 160mg/25mg (Hộp 2 vỉ x 14 viên);498402;Valsartan 160mg,  Hydrochlorothiazid 25mg;Novartis;Hộp;https://www.pharmacity.vn/product/codiovan-16025mg-2vi-x-14vien
Viên nén Xonatrix 120mg trị viêm mũi dị ứng, mày đay (3 vỉ x 10 viên);80000;Fexofenadin hydroclorid 120mg;Davipharm;Hộp;https://www.pharmacity.vn/product/xonatrix-120mg-hop-3-vi-x-10-vien
Viên nén Bifumax 250mg kháng sinh điều trị nhiễm khuẩn (2 vỉ x 5 viên);59500;Cefuroxim 250mg;BIDIPHAR;Hộp;https://www.pharmacity.vn/product/thuoc-dieu-tri-cac-nhiem-khuan-bifumax-250mg-2-vi-x-5-vienhop
Viên nén Augbactam 625mg điều trị nhiễm khuẩn (2 vỉ x 5 viên);63900;Amoxicilline trihydrate 500mg,  clavulanate potassium 125mg;Mekophar;Hộp;https://www.pharmacity.vn/product/thuoc-dieu-tri-nhiem-khuan-augbactam-625mg-2-vi-x-5-vienhop
Viên nén bao phim Op.Liz điều trị táo bón (5 vỉ x 10 viên);45000;Thân rễ Đại hoàng 255mg,  Phan tả diệp  127.50mg,  Bìm bìm biếc  127.50mg ,  Chỉ xác 30.75mg,  Bột mịn cao mật heo  27.5mg,  Bột mịn quả Chỉ xác  33mg;OPC;Hộp;https://www.pharmacity.vn/product/opliz-5vi-x-10vien
Viên nang Mezaverin 120mg chống co thắt cơ trơn đường tiêu hóa (6 vỉ x 10 viên);72000;Alverin (citrat) 120mg;Ha Tay;Hộp;https://www.pharmacity.vn/product/thuoc-dieu-tri-roi-loan-chuc-nang-duong-tieu-hoa-va-duong-mat-mezaverin-120mg-6-vi-x-10-vienhop
Viên nén bao phim Meyerdefen 300mg điều trị viêm xương khớp, viêm khớp dạng thấp (10 vỉ x 10 viên);248000;Dexibuprofen 300mg;Meyer-BPC;Hộp;https://www.pharmacity.vn/product/thuoc-dieu-tri-viem-khop-dang-thap-meyerdefen-300mg-10-vien-x-10-vihop
Hỗn dịch uống Gumas hỗ trợ điều trị ợ nóng, viêm thực quản, viêm dạ dày (hộp 20 gói);3100;Magnesi Hydroxyd 400mg, Nhôm Hydroxyd  800mg, Simethicon   80mg;Davipharm;Gói;https://www.pharmacity.vn/product/gumas-hop-20goi
Vinzix 40mg Vinphaco (5vi x 50vien);51500;Furosemide 40mg;Vinphaco;Hộp;https://www.pharmacity.vn/product/vinzix-40mg-vinphaco-5vi-x-50vien
Viên nén Spasmaverine 60mg giảm đau do co thắt cơ trơn ở đường tiêu hoá (3 vỉ x 20 viên);44440;Alverin citrat 60mg;Sanofi GEM;Hộp;https://www.pharmacity.vn/product/spasmaverine-hop-3-vi-x-20-vien
Imiquad Cream 5% (Hộp 3 gói);240000;Imiquimod 5% kl/kl;Glenmark;Hộp;https://www.pharmacity.vn/product/imiquad-sac-crm-5-025g-3goi
Viên nang Agifamcin 300mg trị các thể lao, phong, viêm màng não, bệnh do brucella (10 vỉ x10 viên);245000;Rifampicin 300mg;AGIPHARM;Hộp;https://www.pharmacity.vn/product/agifamcin-300-hop-10-vi-x-10-vien
Viên nhai Kipel 4mg dự phòng và điều trị hen phế quản mạn tính, viêm mũi dị ứng (4 vỉ x 7 viên);262000;Montelukast 4mg;Mega Lifesciences;Hộp;https://www.pharmacity.vn/product/kipel-4mg-chewble-4vi-x-7-vien
Viên nén Maxigra 50mg điều trị rối loạn cương dương ở nam giới (1 vỉ x 1 viên);129000;Sildenafil 50mg;Pharmaceutical Works Jelfa S.A, Ba Lan;Hộp;https://www.pharmacity.vn/product/maxigra-50mg-1-vi-x-1-vien
Dung dịch nhỏ mũi Natri clorid 0,9% 10ml Quang Binh hỗ trợ điều trị sổ mũi, nghẹt mũi (chai 10ml);3000;Natri Cloride 0.9%/10ml;Công ty cổ phần Dược phẩm Quảng Bình;Chai;https://www.pharmacity.vn/product/natri-clorid-09-10ml-quang-binh-chai-no-batch
Viên nang kháng dịch vị Beprasan 20mg điều trị viêm loét dạ dày (1 vỉ x 10 viên);150000;Rabeprazol 20mg;Sandoz;Hộp;https://www.pharmacity.vn/product/beprasan-20mg-1vi-x-10-vien
Docalciole (10 vỉ x 10 viên);406970;Calcitriol 0.25mcg;Domesco;Hộp;https://www.pharmacity.vn/product/docalciole-10-vi-x-10-vien
Atihepam 500mg 10 Ống;180300;L-Ornithin L-aspartat 500mg;An Thien;Hộp;https://www.pharmacity.vn/product/atihepam-500mg-10-ong
Viên nén Wazer 20mg điều trị trầm cảm, rối loạn hoảng sợ (2 vỉ x 14 viên);90000;Citalopram 20mg;Davipharm;Hộp;https://www.pharmacity.vn/product/wazer-2vi-x-14vien
Viên nén Cebest 100mg kháng sinh điều trị nhiễm khuẩn (2 vỉ x 10 viên);176000;Cefpodoxim 100mg;Merap Group;Hộp;https://www.pharmacity.vn/product/cebest-100mg20-vien
Bột pha uống Macfor 3000mg điều trị rối loạn tiêu hóa, ăn không tiêu, tiêu chảy (hộp 20 gói);155000;Dioctalhedral smectit 3g;BV Pharma;Hộp;https://www.pharmacity.vn/product/macfor-3000mg-hop-20-goi
Viên nang Maipochi cải thiện tình trạng run giật cơ do thiếu magnesi (12 vỉ x 5 viên);275000;Vitamin E,  Magnesi oxyd;Phil Inter Pharma;Hộp;https://www.pharmacity.vn/product/maipochi-12vi-x-5vien
Viên nén Agi-Tyfedol 500mg hạ sốt, giảm đau (10 vỉ x 12 viên);53000;Paracetamol 500mg;AGIPHARM;Hộp;https://www.pharmacity.vn/product/agi-tyfedol-500mg-hop-120-vien
Viên nén Ostedocald bổ sung canxi, điều trị rối loạn dạ dày, acid khó tiêu, ợ nóng (3 vỉ x 10 viên);157500;Cao khô bạch quả 40 mg 40mg;Donaipharm;Hộp;https://www.pharmacity.vn/product/kingloba-h100vnm-40mg
Viên nén Thymedi 4mg kháng viêm, điều trị viêm thấp khớp, chống dị ứng (3 vỉ x 10 viên);24024;Methyl Prednisolon 4mG 4mG;Mediplantex;Hộp;https://www.pharmacity.vn/product/thymedi-4mg-h3x10v
Viên ngậm CUFO LOZENGES trị đau họng (2 vỉ x 12 viên);38400;2,4-Dichlorobenzyl alcohol 1,2 mg 1.2mg,  Amylmetacresol 0,6 mg 0.6mg;Unique Pharmaceutical Labs ;Hộp;https://www.pharmacity.vn/product/cufo-lozenges-honey-lemon-h2x12v
Thuốc dùng ngoài Aciclovir 5g HD trị trường hợp nhiễm virus herpes simplex trên da (tuýp 5g);10300;Aciclovir 5%/5g 0.05;Duoc VTYT Hai Duong;Tuýp;https://www.pharmacity.vn/product/aciclovir-5g-hd
Viên nén Mộc Hoa Trắng trị lỵ trực khuẩn, lỵ amip, viêm ruột, tiêu chảy (10 vỉ x 10 viên);50000;Cao đặc mộc hoa trắng 100mg 100mg;Duoc VTYT Hai Duong;Hộp;https://www.pharmacity.vn/product/moc-hoa-trang-100vien
Viên nén Bidinatec 10mg điều trị tăng huyết áp, suy tim (3 vỉ x 10 viên);43500;Enalapril maleat 10mg;BIDIPHAR;Hộp;https://www.pharmacity.vn/product/bidinatec-tab-10mg-3vi-x-10vien
Viên nén CIPROFLOXACIN EG 500mg điều trị và dự phòng nhiễm khuẩn (10 vỉ x 10 viên);160000;Ciprofloxacin 500mg;Pymepharco;Hộp;https://www.pharmacity.vn/product/ciprofloxacin-eg-capl-fc-500mg-box-100
Viên nén Derispan 100mg trị đau do rối loạn chức năng đường tiêu hoá và đường mật (4 vỉ x 15 viên);69600;Trimebutin maleat 100mg;Pymepharco;Hộp;https://www.pharmacity.vn/product/derispan-tab-100mg-box-60
Viên nén Prencoid 5mg kháng viêm, điều trị viêm thấp khớp, chống dị ứng (10 vỉ x 10 viên);43300; Prednisolon 5mg;Pymepharco;Hộp;https://www.pharmacity.vn/product/prencoid-tab-5mg-box-100
Bột pha uống Clathepharm 250mg/31.25mg điều trị nhiễm khuẩn (10 gói x 1.5g);60000;Amoxicillin,  Acid claVulanic;Thephaco;Hộp;https://www.pharmacity.vn/product/clathepharm-sac-pwd-250mg-3115g-10
Viên nén Soli-Medon 4mg kháng viêm, điều trị viêm thấp khớp, chống dị ứng (3 vỉ x 10 viên);32000;Methylprednisolon 4mg;BIDIPHAR;Hộp;https://www.pharmacity.vn/product/soli-medon-tab-4mg-box-30
Viên nén Thylmedi 4mg kháng viêm, điều trị viêm thấp khớp, chống dị ứng (3 vỉ x 10 viên);29000;Methyl Prednisolon 4mg;Mediplantex;Hộp;https://www.pharmacity.vn/product/thylmedi-tab-4mg-box-30
Lenvima 4mg Tab Eisai (Hộp 2 vỉ x 10 viên);13300000;Lenvatinib (dưới dạng Lenvatinib Mesilate) 4mg 4mg;Eisai Ltd;Hộp;https://www.pharmacity.vn/product/lenvima-4mg-tab-eisai-hop-2-vi-x-10-vien
Thuốc dùng ngoài Tonagas trị nám da, sạm da, tàn nhang, nốt ruồi (tuýp 15g);63000;Hydroquinon 0;Medisun;Tuýp;https://www.pharmacity.vn/product/tonagas-hoptube-15g
Viên nang cứng Spas-Agi 120mg giảm đau do co thắt cơ trơn ở đường tiêu hoá (10 vỉ x 10 viên);120000;Alverin 120mg;AGIPHARM;Hộp;https://www.pharmacity.vn/product/spas-agi-120mg10vix10vien
Viên nang Lafaxor 75mg điều trị trầm cảm kèm theo lo lắng (3 vỉ x 10 viên);140000;venlafaxin 75mg;Davipharm;Hộp;https://www.pharmacity.vn/product/lafaxor-hop-3-vi-x-10-vien
Sitagibes 50 (Hộp 4 vỉ x 7 viên);125000;Sitagliptin 50 mg;AGIPHARM;Hộp;https://www.pharmacity.vn/product/sitagibes-50-hop-4-vi-x-7-vien
Gel dùng ngoài Pirolam 10mg/g điều trị nấm ngoài da tại chỗ (tuýp 20g);128990;Ciclopirox 10mg;Medana;Hộp;https://www.pharmacity.vn/product/pirolam-20g-medana-pharma-sa-hop-x-1-tuyp-suspension
Viên nén I-pain 400mg giảm đau, điều trị triệu chứng trong thấp khớp, viêm khớp (10 vỉ x 10 viên);57000;Ibuprofen 400mg;Pymepharco;Hộp;https://www.pharmacity.vn/product/i-pain-400-hop-10-vi-x-10-vien
Viên nén Splozarsin Plus 50mg/12.5mg điều trị tăng huyết áp (3 vỉ x 10 viên);57000;Losartan Kali 50mg,  Hydroclorothiazid 12.5mg;SHINPOONG;Hộp;https://www.pharmacity.vn/product/splozarsin-plus-3-vi-x-10-vien
Viên nén phân tán Haginir DT 125Mg kháng sinh điều trị nhiễm khuẩn (2 vỉ x 10 viên);164000;Cefdinir 125mg;DHG Pharma;Hộp;https://www.pharmacity.vn/product/haginir-tab-dt-125mg-hop-2-vi-x-10-vien
Viên nang cứng Semozine dự phòng tái phát nhiễm khuẩn hô hấp, viêm mũi dị ứng (6 vỉ X 10 viên);272000;Thymomodulin 80mg;YooYoung;Hộp;https://www.pharmacity.vn/product/semozine-caps-80mg-6vi-x-10vien
Viên nang cứng Paracetamol 500mg Pharimexco hạ sốt, giảm đau (chai 500 viên);175000;PARACETAMOL 500mg;Pharimexco;Chai;https://www.pharmacity.vn/product/paracetamol-caps-500mg-chai-500-vien
Viên nang VITAMIN A-D phòng và điều trị tình trạng thiếu vitamin A, D (4 vỉ x 10 viên);44900;Vitamin A 5000 IU,  Vitamin D  500 IU;Medisun;Hộp;https://www.pharmacity.vn/product/vitamin-a-d-softgel-5000iu-500-hop-10-vi-x-10-vien
Viên nén PARACETAMOL STADA 500MG giảm đau từ nhẹ đến vừa và hạ sốt (10 vỉ x 10 viên);50000;PARACETAMOL 500mg;STADA;Hộp;https://www.pharmacity.vn/product/paracetamol-stada-capl-fc-500mg-hop-10-vi-x-10-vien
Viên nén bao phim Fexofenadine 60mg HV điều trị viêm mũi dị ứng, mày đay (chai 200 viên);190000;FEXOFENADINE 60mg;US Pharma;Chai;https://www.pharmacity.vn/product/fexofenadin-60-hv-chai-200-vien
Viên nén sủi bọt Uscadigesic 500mg hạ sốt, giảm đau (10 vỉ x 4 viên);51000;PARACETAMOL 500mg;US Pharma;Hộp;https://www.pharmacity.vn/product/uscadigesic-tab-eff-500mg-hop-10-vi-x-4-vien
VOMINA TAB 50MG (Hop 25 Vi x 4 Vien);100000;DIMENHYDRINATE 50mg;Tenamyd;Hộp;https://www.pharmacity.vn/product/vomina-tab-50mg-hop-25-vi-x-4-vien
Viên ngậm Cagu điều trị viêm họng, ho do lạnh, viêm thanh quản (2 vỉ x 10 viên);22000;Bột Gừngg 42mg,  Bột Quế   42mg,  Cao đặc Cam thảo  11,5mg,  Cao đặc Xạ can  15mg;Traphaco;Hộp;https://www.pharmacity.vn/product/vien-ngam-cagu-hop-2-vi-x-10-vien
Viên nén Pit-Stat 1mg điều trị tăng cholesterol máu, giảm mỡ máu (1 vỉ x 10 viên);113000;Pitavastatin calcium 1mg;Amvi;Hộp;https://www.pharmacity.vn/product/pit-stat-tablet-1mg-hop-1vi-x-10-vien
Viên nén OPHAZIDON 250mg/10mg làm giảm đau các cơn đau, hạ sốt (chai 100 viên);24000;Paracetamol, Cafein 250mg, 10mg;HANOI PHARMA;Hộp;https://www.pharmacity.vn/product/ophazidon-250mg10mg-hop-100-vien
Viên nang Livethine 150mg Bidiphar điều trị viêm gan, xơ gan (10 vỉ x 10 viên);205000;L-Ornithin-L-Aspartat 150mg;BIDIPHAR;Hộp;https://www.pharmacity.vn/product/livethine-tab-150mg-bidiphar-hop-10-vi-x-10-vien
Dung dịch uống Ciheptal 1200mg điều trị triệu chứng rối loạn nhận thức, chóng mặt (20 ống x 10ml);210000;Piracetam 1200mg;;Hộp;https://www.pharmacity.vn/product/ciheptal-1200mg-20-ong
Viên nén Lambertu 60mg Davipharm điều trị bệnh nhược cơ (6 vỉ x 10 viên);240000;Pyridostigmin bromid 60mg;Davipharm;Hộp;https://www.pharmacity.vn/product/lambertu-60mg-davipharm-hop-6-vi-x-10-vien
Viên đặt trực tràng Linaflon 2.5g trị các triệu chứng bệnh trĩ (2 vỉ x 5 viên);300000;Sucralfate 2.5g;Egis Pharma;Hộp;https://www.pharmacity.vn/product/linaflon-sub-25g-2vi-x-5vien
Darleucin 952mg/1904mg/1144mg Pharbaco (Hop 30 Goi);954900;"L-Isoleucine 952mg
L-Leucin 1904mg
L-Valine 1144mg";Pharbaco (TW1);Hộp;https://www.pharmacity.vn/product/darleucin-952mg1904mg1144mg-pharbaco-hop-30-goi
Lipofundin MCT/LCT 20% B.Braun 100ml (Hop 10 Chai);1650000;Medium-chain Triglycerides 10g 10g,  Soya-bean oil 10g 10g;B. Braun;Hộp;https://www.pharmacity.vn/product/lipofundin-mctlct-20-bbraun-100ml-hop-10-chai
Kefaven Nadyphar (Hộp 10 vỉ x 10 viên);1030000;Calci-3-methyl-2-oxovalerat (alpha-ketoisoleucin,  muối calci) 67mg ,  Calci-4-methyl-2-oxovalerat (alpha-ketoleucin,  muối calci) 101mg,  Calci-2-oxo-3-phenylpropionat (alpha-ketophenylalanin,  muối calci) 68mg,  Calci-3-methyl-2-oxobutyrat (alpha-ketovalin,  muối calci) 86mg,  Calci-DL-2-hydroxy-4-(methylthio)butyrat (DL-alpha-hydroxymethionin,  muối calci) 59mg,  L-Lysin acetat 105mg,  L-Threonin 53mg,  L-Tryptophan 23mg,  L-Histidin 38mg ,  L-Tyrosin 30mg;Nadyphar;Hộp;https://www.pharmacity.vn/product/kefaven-nadyphar-hop-10-vi-x-10-vien
Betahistine 16mg Stella (10 Vi x 10 Vien);100000;Betahistine dihydrocloride 16mg 16mg;STELLA;Hộp;https://www.pharmacity.vn/product/betahistine-16mg-stella-10-vi-x-10-vien
Triembes 25/5 Agimexpharm (Hop 3 vi x 10 vien);840000;Empagliflozin 25mg Empagliflozin 25mg,  Linagliptin 5mg  Linagliptin 5mg;Agimexpharm;Hộp;https://www.pharmacity.vn/product/triembes-255-agimexpharm-hop-3-vi-x-10-vien
Ornithin 3000 Armephaco (Hop 20 goi x 5g);600000;L-Ornithin - L-Aspartat 3000mg 3000mg;Armephaco;Hộp;https://www.pharmacity.vn/product/ornithin-3000-armephaco-hop-20-goi-x-5g
Nitrostad 0.6 Stella (10 Vi x 6 Vien);168000;Nitroglycerin 0,6mg 0,6;STELLA;Hộp;https://www.pharmacity.vn/product/nitrostad-06-stella-10-vi-x-6-vien
A.T SimVastatin 40 (Hộp 3 Vỉ x 10 Viên);81000;SimVastatin 40mg 400mg;An Thien;Hộp;https://www.pharmacity.vn/product/at-simvastatin-40-hop-3-vi-x-10-vien
Dafidi 25 Đông Nam (Hộp 10 vỉ x 10 viên);150000;Clozapin 25mg 25mg;Other;Hộp;https://www.pharmacity.vn/product/dafidi-25-dong-nam-hop-10-vi-x-10-vien
Mebamrol 100 S.P.M (Hộp 5 vỉ x 10 viên);168000;Clozapin 100mg 100mg;SPM;Hộp;https://www.pharmacity.vn/product/mebamrol-100-spm-hop-5-vi-x-10-vien
Hadumedrol HD Pharma (Hộp 100 ống x 1ml);74700;Diphenhydramin hydroclorid 10mg/1ml;Duoc VTYT Hai Duong;Hộp;https://www.pharmacity.vn/product/hadumedrol-hd-pharma-hop-100-ong-x-1ml
Pentasa 1g/100ml Ferring (Hộp/ 7 lọ);1650000;Mesalazine 1g 1g;Ha Nam;Hộp;https://www.pharmacity.vn/product/pentasa-1g100ml-ferring-hop-7-lo
Anepzil 5mg Agimexpharm (Hộp 3 vỉ x 10 viên);240000;Donepezil hydroclorid 5mg 5mg;Agimexpharm;Hộp;https://www.pharmacity.vn/product/anepzil-5mg-agimexpharm-hop-3-vi-x-10-vien
Atmurcat 4mg Hoa Dược (Hộp 20 gói x 1g);195000;Montelukast 4mg 4mg;CT CP hóa dược VN;Hộp;https://www.pharmacity.vn/product/atmurcat-4mg-hoa-duoc-hop-20-goi-x-1g
Apitor 20 (Hộp 30 viên);151500;Rosuvastatin 20mg Rosuvastatin 20mg;Apimed;Hộp;https://www.pharmacity.vn/product/apitor-20-hop-30-vien
Lorista HD 100mg/25mg KRKA (Hộp 4 vỉ x 7 viên);253000;"Losartan kali: 100mg
Hydrochlorothiazide: 25mg Losartan kali: 100mg
Hydrochlorothiazide: 25mg";KRKA,D,D;Hộp;https://www.pharmacity.vn/product/lorista-hd-100mg-25mg-krka-hop-4-vi-x-7-vien
Tonios-0.5 Davipharm (Hộp 4 vỉ x 7 viên);510000;Entecavir (dưới dạng Entecavir monohydrat) 0.5mg 0,5mg;Davipharm;Hộp;https://www.pharmacity.vn/product/tonios-05-davipharm-hop-4-vi-x-7-vien
Độc hoạt tang kí sinh TW3 Foripharm (Hộp 30 viên);60000;Xuyên khung 80mg,  Tế tân 80mg,  Bạch linh 80mg,  Cao đặc hỗn hợp dược liệu (tương đương: Độc hoạt 120mg,  Tần giao 80mg,  Phòng phong 80mg,  Đương quy 80mg,  Ngưu tất 80mg,  Tang ký sinh 80mg,  Sinh địa 80mg,  Bạch thược 80mg,  Đảng sâm 80mg,  Cam thảo 80mg) 485mg;Foripharm (TW3);Hộp;https://www.pharmacity.vn/product/doc-hoat-tang-ki-sinh-tw3-foripharm-hop-30-vien
Imecefzol 250mg Imexpharm (Hộp 1 vi x 20 viên);555200;Cefprozil 250mg Cefprozil 250mg;Imexpharm;Hộp;https://www.pharmacity.vn/product/imecefzol-250mg-imexpharm-hop-2-vi-x-10-vien
Levothyrox 25mcg Tab (2 vỉ x 15 viên);39000;Dioctahedral smectite 25mcg;Merck Export GMBH;Hộp;https://www.pharmacity.vn/product/levothyrox-25mcg-tab-2-v-i-x-15-vien
CalciMAX OPV (20 ống x 10 ml);150000;Calci ascorbat khan (dưới dạng Calci ascorbat) 500 mg,  Lysin HCL 283,4 mg,  Acid ascorbic 273,2mg (tương đương Lysin ascorbat 500 mg).;OPV;Hộp;https://www.pharmacity.vn/product/calcimax-opv-20-ong-10-ml
Naphazolin 0,05% Danapha (Lọ 10ml);3800;Naphazolin hydroclorid 2,5mg;Danapha;Lọ;https://www.pharmacity.vn/product/naphazolin-005-danapha-lo-10ml
Esomeprazol 40-HV (Hộp 3 Vỉ x 10 Viên nang cứng);90000;Esomeprazol 40mg;US Pharma;Hộp;https://www.pharmacity.vn/product/esomeprazol-40-hv-hop-3-vi-x-10-vien-nang-cung
Viên nén Expas 40mg chống co thắt cơ trơn đường tiêu hóa (10 vỉ x10 viên);75000;DrotaVerin 40mg;DHG Pharma;Hộp;https://www.pharmacity.vn/product/expas-40-hop-10-vi-x-10-vien
Viên nén Methyprednisolon-Api 16mg kháng viêm, trị viêm thấp khớp, chống dị ứng (3 vỉ x 10 viên);150000;Methylprednisolone 16mg;Apimed;Hộp;https://www.pharmacity.vn/product/methyprednisolon-api-tab-16mghop-30-vien
Viên nén bao đường Epeman 50mg cải thiện các triệu chứng tăng trương lực cơ (10 vỉ x 10 viên);350000;Eperisone 50mg;KMS Pharm;Hộp;https://www.pharmacity.vn/product/epeman-50mg-hop-10-vi-x-10-vien
Viên nang Amnonims 180mg điều trị các chứng của viêm mũi dị ứng, mề đay (3 vỉ x 10 viên);220000;FEXOFENADINE 180mg;US Pharma;Hộp;https://www.pharmacity.vn/product/amnonims-softcap-180mg-hop-30-vien-us-pharma-usa
Viên nang OMEPTUL 20MG điều trị loét dạ dày, tá tràng, viêm thực quản (10 vỉ x 10 viên);27000;OMEPRAZOLE 20mg;Gracure Pharmaceuticals, India;Hộp;https://www.pharmacity.vn/product/omeptul-caps-20mg-10vi-x-10vien
Viên nang ACETALVIC-CODEIN 500mg/30mg dùng để giảm đau trong trường hợp đau nặng (hộp 100 viên);128000;CODEINE + PARACETAMOL;Vidipha;Hộp;https://www.pharmacity.vn/product/acetalvic-codein-capl-fc-30mg-500box-100
Thuốc bột uống Meko Cepha 250mg điều trị nhiễm khuẩn (hộp 24 gói);45000;Cephalexin 250mg;Mekophar;Hộp;https://www.pharmacity.vn/product/meko-cepha-hop-24-goi
Viên nén Bostadin 10mg trị viêm mũi dị ứng, mày đay, ngứa (10 vỉ x 10 viên);90000;LORATADINE 10mg 10mg;Boston;Hộp;https://www.pharmacity.vn/product/bostadin-capl-fc-10mg-box-100-boston-vn
AGIETOXIB TAB F.C 60MG BOX 30;54000;Etoricoxib 60mg 60mg;Agimexpharm;Hộp;https://www.pharmacity.vn/product/agietoxib-tab-fc-60mg-box-30
Thuốc cốm TEAVES 1.5g dự phòng và điều trị các triệu chứng do thiếu vitamin B (25 gói x 1,5g);250000;Thiamin mononitrat 4.85mg,  Nicotinamide  20mg,  Pyridoxine hydrochlorothiazide  2mg,  Riboflavin  2mg;VIANPHARMA;Hộp;https://www.pharmacity.vn/product/teaves-15g-vianpharma-hop-25-goi-x-15g
Viên nén Ibufar 200 Farmalabor giảm đau, hạ sốt, chống viêm (2 vỉ x 10 viên);80000;Ibuprofen  200mg;Farmalabor;Hộp;https://www.pharmacity.vn/product/ibufar-200-farmalabor-hop-2-vi-x-10-vien
Viên nén phân tán Skypodox - 200mg kháng sinh điều trị nhiễm khuẩn (1 vỉ x 10 viên);192000;CefpOdOxim  200mG;Health Care FOrmulatiOns;Hộp;https://www.pharmacity.vn/product/skypodox-200mg-health-care-formu-hop-1-vi-x-10-vien
ALPHA CHYMOTRYPSIN TAB SUBL 4.2MG BOX 50;35000;CHYMOTRYPSIN 4200IU;Công ty cổ phần dược S.Pharm;Hộp;https://www.pharmacity.vn/product/alpha-chymotrypsin-tab-subl-42mg-box-50
Viên nang Cảm cúm bốn mùa trị các triệu chứng ho cảm thông thường (10 vỉ x 10 viên);130000;KhuOng hOat 60mG, PhònG phOng 60mG, ThươnG truật 60mG, Xuyên KhunG 40mG, Cam thảO 40mG...;Thephaco;Hộp;https://www.pharmacity.vn/product/cam-cum-bon-mua-caps-box-100
Viên nén Amoxicillin 250mg Domesco điều trị nhiễm khuẩn (chai 100 viên);155700;AMOXICILLIN 250mG;Domesco;Chai;https://www.pharmacity.vn/product/amoxicillin-capl-250mg-chai-100vien-domesco
Viên nang Ofbexim 200 US Pharma USA kháng sinh điều trị nhiễm khuẩn (3 vỉ x 10 viên);89000;Cefixim 200mg;US Pharma;Hộp;https://www.pharmacity.vn/product/ofbexim-200-usp-hop-30-vien
Viên nang TYDOL 650MG giảm đau từ nhẹ đến vừa và hạ sốt (10 vỉ x 10 viên);93500;Acetaminophen 650mg;OPV;Hộp;https://www.pharmacity.vn/product/tydol-capl-fc-650mg-box-100
Viên nén Alorax 10mg trị viêm mũi dị ứng, mày đay, ngứa (10 vỉ x 10 viên);84000; Loratadin 10mg 10mg;Pymepharco;Hộp;https://www.pharmacity.vn/product/alorax-10mg-hop-10-vi-x-10-vien
Viên nén Ciprom 500mg điều trị và dự phòng nhiễm khuẩn (5 vỉ x 10 viên);147000;Ciprofloxacine 500mg;Boston;Hộp;https://www.pharmacity.vn/product/ciprom-500mg-5-vi-x-10-vien
Viên sủi Stella VITAMIN C 1g điều trị bệnh Scorbut (Túyp 10 viên);20000;Vitamin C 1000mg 1000mg;STELLA;Tuýp;https://www.pharmacity.vn/product/vitamin-c-sui-stella-1g-tuyp
Thuốc tiêm Vitamin B12 Kabi điều trị thiếu máu ác tính (Hộp 100 ống x 1ml);100000;Cyanocobalamin 1000mcg;Fresenius Kabi;Hộp;https://www.pharmacity.vn/product/thuoc-tiem-vitamin-b12-kabi-dieu-tri-thieu-mau-ac-tinh-hop-100-ong-x-1ml
Brilinta AstraZeneca (Hộp 6 vỉ x 10 viên);1020000;Ticagrelor 90mg 90mg;Nexium;Hộp;https://www.pharmacity.vn/product/brilinta-astrazeneca-hop-6-vi-x-10-vien
Stadlofen 50mg Stella (Hộp 100 viên);52000;Diclofenac 50mg 50mg;STELLA;Hộp;https://www.pharmacity.vn/product/stadlofen-50mg-stella-hop-100-vien
Viên nang Maxxflame-C 200mg điều trị viêm và giảm các cơn đau cơ xương khớp (10 vỉ x 10 viên);207000;Celecoxibum 200mg;Ampharco U.S.A;Hộp;https://www.pharmacity.vn/product/maxxflame-c-200mg-hop-10-vi-x-10-vien
Silymax 70mg (Hộp 60 viên);95000;SILYMARIN 70mg;Mediplantex;Hộp;https://www.pharmacity.vn/product/silymax-70mg-hop-60-vien
Khouma Tab 5Mg (6 vỉ x 10 viên);250000;Nebivolol 5mg;Davipharm;Hộp;https://www.pharmacity.vn/product/khouma-tab-5mg-6vi-x-10vien
WINDUZA VIAL DRY 100MG 1 Lo;8280000;Azacitidine 100mg 100mg;Reddy;Lọ;https://www.pharmacity.vn/product/winduza-vial-dry-100mg-1-lo
Delopedil Syrup 0.5mg/ml (Chai 60ml);65000;Desloratadine 0,5mg/ml;OPV;Hộp;https://www.pharmacity.vn/product/delopedil-syryp-05mgml-chai-60ml
FEBUDAY TAB F.C 40MG (30 viên);456000;Febuxostat 40mg;MSN;Hộp;https://www.pharmacity.vn/product/febuday-tab-fc-40mg-box-30
Siro Polcalmex phòng và điều trị thiếu calci (chai 150ml);290000;Calci glubionat 44.1g,  Calci lactobionat  9.6g;Polfarmex S.A;Chai;https://www.pharmacity.vn/product/polcalmex-syrup-chai-150ml
DIPHERELINE 0.1mg (Hộp 7 lọ bột + 7 ống dung môi);1073000;Triptorelin  0.1mg;Ipsen Pharma;Hộp;https://www.pharmacity.vn/product/diphereline-01mg-hop-7-lo-bot-7-ong-dung-moi
Eprex Prefill 2000IU Janssen (Hộp 6 ống);268333;Epoetin alfa 4000iu 2000IU;Janssen;Ống;https://www.pharmacity.vn/product/eprex-prefill-2000iu-janssen-hop-6-ong
Rivacyst 20mg Abbott lab (Hộp 14 viên);618000;rivaroxaban 20mg;Abbott;Hộp;https://www.pharmacity.vn/product/rivacyst-20mg-abbott-lab-hop-14-vien
Viên nén Micardis 40mg điều trị tăng huyết áp (3 vỉ x 10 viên);311000;Telmisartan 40mg;Boehringer Ingelheim;Hộp;https://www.pharmacity.vn/product/thuoc-dieu-tri-tang-huyet-ap-vo-can-micardis-40mg
Siro Ho Astex trị ho, tiêu đờm, viêm họng, viêm phế quản (chai 90ml);44000;Tần dày lá 45g, Núc nác 11.25g, Cineol 0.08g/90ml;OPC;Chai;https://www.pharmacity.vn/product/siro-tri-ho-viem-phe-quan-hoastex-90ml
Viên nang Rocaltrol 0.25 mcg điều trị loãng xương (hộp 30 viên);394050;Calcitonin 0.25mcg;Roche;Hộp;https://www.pharmacity.vn/product/thuoc-dieu-tri-cac-truong-hop-loang-xuong-rocaltrol-soft-cap-025mcg-3-vi-x-10-vienhop
Viên nang Cefaclor 250mg Domesco kháng sinh điều trị nhiễm khuẩn (1 vỉ x 10 viên);39700;Cefaclor 250mg;Domesco;Hộp;https://www.pharmacity.vn/product/thuoc-dieu-tri-nhiem-khuan-duong-ho-hap-cefaclor-250mg
Viên nang cứng Diệp Hạ Châu bảo vệ và điều trị suy giảm chức năng gan (chai 60 viên);47000;Cốt Diệp Hạ Châu 450mg;Nadyphar;Chai;https://www.pharmacity.vn/product/thuoc-dieu-tri-cac-chung-viem-nhiem-diep-ha-chau-60-vienchai
Thuốc nhỏ mắt Tear Natural II giảm cảm giác khó chịu gây ra bởi các trường hợp khô mắt (chai 15ml);40000;Dextran, Hydroxypropyl Methylcellulose, Polyquad.;Alcon Pharmaceuticals;Chai;https://www.pharmacity.vn/product/thuoc-nho-mat-tears-naturale-ii-15ml
Viên nén Glucobay 50mg điều trị bệnh đái tháo đường type 2 (10 vỉ x 10 viên);296000;Acarbos 50mg;Bayer (Others);Hộp;https://www.pharmacity.vn/product/thuoc-dieu-tri-ket-hop-che-do-an-kieng-cho-benh-nhan-tieu-duong-glucobay-50mg-100-vienhop
Viên nén Surbex Z điều trị chứng thiếu các vitamin nhóm B, vitamin C và kẽm (10 vỉ x 10 viên);415000;Vitamin E 30IU, Vitamin C 750mg, Acid Folic 400mcg, Vitamin B1 15mg, Vitamin B2 15mg, Niacin 100mg, Vitamin B6 20mg, Vitamin B12 12mcg, Acid Pantothenic 20mg, Kẽm  22,5mg;Abbott;Hộp;https://www.pharmacity.vn/product/thuoc-dieu-tri-thieu-hut-vitamin-nhom-b-c-va-kem-surbex-z-10-vi-x-10-vien-hop
Viên nang Sulpiride 50 mg STELLA trị chứng lo âu ở người lớn, tâm thần phân liệt (5 vỉ x 10 viên);25000;Sulpiride 50mg;STELLA;Hộp;https://www.pharmacity.vn/product/thuoc-dieu-tri-trieu-chung-lo-au-tam-than-phan-liet-sulpiride-stada-50mg-5-vi-x-10-vien-hop
Viên nén Nebivolol STELLA 5mg điều trị tăng huyết áp (3 vỉ x 10 viên);90000;Nebivolol Hydrochlorid 5mg;STELLA;Hộp;https://www.pharmacity.vn/product/nebivolol-stella-5mg-hop-3-vi-x-10-vien
Dung dịch khí dung Ventolin Nebules Sol 2.5mg/2.5ml trị, ngăn ngừa co thắt phế quản (6 vỉ x 5 ống);240000;Salbutamol 2.5mg;GSK ETC;Hộp;https://www.pharmacity.vn/product/thuoc-dieu-tri-va-ngan-ngua-co-that-phe-quan-ventolin-nebules-25mg
Viên nén Lipistad 10mg Stella điều trị tăng cholesterol máu, giảm mỡ máu (3 vỉ x 10 viên);29400;Atorvastatin 10mg;STELLA;Hộp;https://www.pharmacity.vn/product/thuoc-ho-tro-dieu-tri-cho-cac-benh-nhan-tang-cholesterol-huyet-lipistad-stada-10mg-3-vi-x-10-vien-hop
Cao dán Ecosip Cool giảm đau cơ xương khớp (2 gói x 5 miếng);80000;Colophonium 390.5mg, Clematidis radix 37.5mg, Yellow wax 37.5mg, Momordicae semen 12mg, Castor oil 60mg;Ecosip;Hộp;https://www.pharmacity.vn/product/cao-dan-thao-duoc-giam-dau-ecosip-cool-2-goi-x-5-mienghop
Viên nén bao phim Naupastad 10 điều trị triệu chứng nôn và buồn nôn (10 vỉ x 10 viên);50000;Domperidon 10mg;STELLA;Hộp;https://www.pharmacity.vn/product/thuoc-dieu-tri-trieu-chung-non-va-buon-non-domperidon-stada-10mg-10-vi-x-10-vienhop
Viên nén Benda 500mg điều trị nhiễm giun (1 vỉ x 1 viên);17600;Mebendazole 500mg;Thai Nakorn Patana;Hộp;https://www.pharmacity.vn/product/thuoc-dieu-tri-cac-loai-giun-kim-giun-toc-giun-dua-giun-moc-cau-benda-500mg
Viên nén PYCALIS 10MG điều trị rối loạn cương dương (1 vỉ x 1 viên);27500;Tadalafil 10mg;Pymepharco;Hộp;https://www.pharmacity.vn/product/pycalis-10mg
Dầu gội Selsun 1.8% điều trị gàu và ngứa da đầu (chai 100ml);94000;Selenium Sulfid 1.8%/100ml;Vrohto;Chai;https://www.pharmacity.vn/product/dau-goi-tri-gau-va-ngua-selsun-1-8-100ml
Viên nang cứng Mekocefaclor 500 điều trị nhiễm khuẩn (2 vỉ x 8 viên);119000;Cefaclor 500mg;Mekophar;Hộp;https://www.pharmacity.vn/product/mekocefaclor-500-h16vien
Viên nén bao phim Votrient 200mg điều trị ung thư (chai 30 viên);6950000;Pazopanib hydrochloride 200mg;Novartis;Hộp;https://www.pharmacity.vn/product/votrient-200mg-h30vien
Erybact 365 (Hộp 25 gói x 3g);58000;Erythromycin 125mg, Sulfamethoxazole 200mg, Trimethoprim 40mg;Mekophar;Hộp;https://www.pharmacity.vn/product/erybact-365-mkp-hop25goi
Gel bôi niêm mạc miệng Daktarin 2% điều trị nấm ở khoang miệng (tuýp 10g);139000;Miconazol 200mg/10g;Johnson & Johnson;Tuýp;https://www.pharmacity.vn/product/gel-tri-nam-mieng-daktarin-10g
Nước cất pha tiêm 5ml (Hộp 50 ống x 5ml);59000;Nuoc cat pha tiem (Water for injections) 5ml;Other;Hộp;https://www.pharmacity.vn/product/nuoc-cat-pha-tiem-h50-ong-x-5ml-inj
Viên nén Trihexyphenidyl 2mg điều trị phụ trợ hội chứng Parkinson (5 vỉ x 20 viên);18600;Trihexyphenidyl 2mg;Pharmedic;Hộp;https://www.pharmacity.vn/product/trihexyphenidyl-2mg-5vi-x-20vien-pharmedic
Eyemiru 40EX 15ml – Bảo vệ mắt, giảm mỏi mắt, sáng tinh anh;85000;"Tetrahydrozolin Hydrochlorid 1.5mg, Neostigmin Methylsulfat 0.75mg, Chlorpheniramin 4.5mg, Retinol Palmitat
 4500IU
";Nitto Medic;Hộp;https://www.pharmacity.vn/product/thuoc-nho-mat-dieu-tri-moi-mat-mo-mat-eyemiru-40ex-15ml
Viên nén Haiblok 5mg điều trị tăng huyết áp (3 vỉ x 10 viên);93000;Bisoprolol 5mg;Novell Pharmaceutical Laboratories ;Hộp;https://www.pharmacity.vn/product/haiblok-tab-5mg-3vi-x-10vien
Viên nang Di - Angesic làm giảm đau các cơn đau (2 vỉ x 10 viên);32000;Paracetamol 400mg, Dextropropoxyphene 30mg;Tra Vinh;Hộp;https://www.pharmacity.vn/product/di-angesic-2vi-x-10vien
Argistad 1G (Hộp 20 ống);52000;Arginin 1g/5ml;STELLA;Hộp;https://www.pharmacity.vn/product/thuoc-ong-dieu-tri-tang-aminiac-huyet-arginine-stada-20-onghop
Viên nén Levothyrox 50mcg điều trị bướu giáp, suy giáp, ung thư giáp (3 vỉ x 10 viên);40000;Levothyrox 50µg;Merck Export GMBH;Hộp;https://www.pharmacity.vn/product/thuoc-dieu-tri-buou-giap-don-thuan-lanh-tinh-du-phong-tai-phat-sau-phau-thuat-buou-giap-don-thuan-levothyrox-50mg-3-vi-x-10-vienhop
Viên nén bao phim Mekozitex 10mg điều trị viêm mũi dị ứng, mày đay (10 vỉ x 15 viên);36100;Cetirizine 10mg;Mekophar;Hộp;https://www.pharmacity.vn/product/mekozitex-10
Thuốc dùng ngoài Neotica Balm giảm đau nhức cơ (tuýp 25g);22000;Methyl Salicylat 15g;Thai Nakorn Patana;Tuýp;https://www.pharmacity.vn/product/neotica-balm
Doaspin 81mg (Chai 100 viên);24000;Aspirin 81mg;Domesco;Chai;https://www.pharmacity.vn/product/thuoc-du-phong-huyet-khoi-tim-mach-va-mach-nao-doaspin-81mg-chai-100-vien
Viên nén Glibenclamid 5mg điều trị bệnh đái tháo đường type 2 (5 vỉ x 20 viên);102000;Glibenclamid 5mg;Domesco;Hộp;https://www.pharmacity.vn/product/thuoc-dieu-tri-dai-thao-duong-type-2-glibenclamid-5mg-5-vi-x-20-vien
Cốm pha uống Colocol 150mg hạ sốt, giảm đau cho trẻ em cân nặng 8 đến 30kg (hộp 12 gói);22000;Paracetamol 150mg;Sao Kim;Hộp;https://www.pharmacity.vn/product/thuoc-ha-sot-va-giam-dau-colocol-sachet-150-hop-12-goi-x-1g
Viên nang cứng Amoxycillin 250mg  Vidipha kháng sinh điều trị nhiễm khuẩn (10 vỉ x 10 viên);45000;Amoxicilin 250mg;Vidipha;Hộp;https://www.pharmacity.vn/product/thuoc-dieu-tri-cac-nhiem-khuan-amoxycillin-250mg-10-vi-x-10-vien
Viên nén Fixnat 100mg kháng sinh điều trị nhiễm khuẩn (3 vỉ x 10 viên);101500;Cefpodoxim 100mg;Hasan- Demarpharm;Hộp;https://www.pharmacity.vn/product/fixnat-100-hop-3-vi-x-10-vien
Viên nén Atorlip 20mg điều trị tăng cholesterol máu, giảm mỡ máu (3 vỉ x 10 viên);72000;Atorvastatin 20mg;DHG Pharma;Hộp;https://www.pharmacity.vn/product/atorlip-20-hop-3-vi-x-10-vien
Viên nén sủi bọt Bocalex C 1000 phòng và trị thiếu vitamin C (tuýp 10 viên);21000;Vitamin C 1000mg;DHG Pharma;Tuýp;https://www.pharmacity.vn/product/bocalex-c-1000-hop-1-tuyp-10-vien
Viên nén bao phim Savi Eperisone 50mg điều trị chứng tăng trương lực cơ (5 vỉ x 10 viên);65000;Eperisone 50mg;Savi;Hộp;https://www.pharmacity.vn/product/savi-eperisone-50mg-5-vi-x-10-vienhop
Viên nang mềm Kogimin cung cấp các vitamin và khoáng chất (12 vỉ x 5 viên);205500;Vitamin A 1250IU, Vitamin D3 250IU, Vitamin B1 5mg, Vitamin B2 2mg, Acid Folic 200mcg;Mediplantex;Hộp;https://www.pharmacity.vn/product/thuoc-cung-cap-vitamin-khoang-chat-kogimin-12-vi-x-5-vienhop
Viên nén Lisinopril 5mg Domesco điều trị tăng huyết áp, suy tim (3 vỉ x 10 viên);64800;Lisinopril 5mg;Domesco;Hộp;https://www.pharmacity.vn/product/lisinopril-5mg-3-vi-x-10-vienhop
Viên nén Olangim 10mg điều trị bệnh tâm thần phân liệt (5 vỉ x 10 viên);92700;Olanzapine 10mg;AGIPHARM;Hộp;https://www.pharmacity.vn/product/olangim-10mg-5-vi-x-10-vienhop
Viên nang Fabamox 500mg kháng sinh điều trị nhiễm khuẩn (5 vỉ x 12 viên);115000;Amoxicillin trihydrat 500mg;Pharbaco (TW1);Hộp;https://www.pharmacity.vn/product/thuoc-dieu-tri-nhiem-khuan-fabamox-500mg-5-vi-x-12-vien-hop
Viên nén bao phim Ihybes 300 điều trị tăng huyết áp (3 vỉ x 10 viên);107010;Irbesartan 300mg;AGIPHARM;Hộp;https://www.pharmacity.vn/product/ihybes-300-3-vi-x-10-vienhop
Poema (Chai 10ml);25000;Neomycin sulfate,  Dexammethason natri phosphate;Merap Group;Hộp;https://www.pharmacity.vn/product/poema-chai-10ml
Thuốc bột Augbidil 500mg/62,5mg điều trị nhiễm khuẩn (hộp 12 gói);81000;Amoxicilin 500mg,  Acid clavulanic (dưới dạng kali clavulanat) 62.5mg;BIDIPHAR;Hộp;https://www.pharmacity.vn/product/thuoc-khang-sinh-augbidil-500mg-625mg-12-goi
Oresol (Gói 27,9g);2000;Natri clorid 3.5g,  Natri citrat  2.9g,  Kali clorid  1.5g,  Glucose khan  20g;BIDIPHAR;Gói;https://www.pharmacity.vn/product/oresol-goi-279g
Viên nhai Pentinox 400mg điều trị nhiễm giun, sán (1 vỉ x 1 viên);5800;Albendazol 400mg;SPM;Hộp;https://www.pharmacity.vn/product/thuoc-khang-sinh-pentinox-400mg-hop-1-vien
Viên nén Losapin 100mg điều trị tăng huyết áp (3 vỉ x 10 viên);111000;Losartan 100mg;SPM;Hộp;https://www.pharmacity.vn/product/losapin-100-3-vi-x-10-vien
Viên nén bao phim USAAllerz 180mg điều trị triệu chứng dị ứng, mày đay (1 vỉ x 10 viên);38000;Fexofenadin 180mg;Ampharco U.S.A;Hộp;https://www.pharmacity.vn/product/usaallerz-180mg-10vien
Viên nang Ceftanir 300mg kháng sinh điều trị nhiễm khuẩn (2 vỉ x 4 viên);77000;Cefdinir 300mg;Pymepharco;Hộp;https://www.pharmacity.vn/product/ceftanir-hop-2-vi-x-4-vien
Viên giải phóng có kiểm soát Pyme Diapro MR 30mg điều trị đái tháo đường type 2 (2 vỉ x 30 viên);81500;Gliclazid 30mg;Pymepharco;Hộp;https://www.pharmacity.vn/product/thuoc-dieu-tri-dai-thao-duong-pyme-diapro-mr-2-vi-x-30-vien-hop
Viên nén bao phim Fenoflex điều trị rối loạn mỡ máu (3 vỉ x 10 viên);89000;Fenofibrate 160mg;United Pharma;Hộp;https://www.pharmacity.vn/product/thuoc-dieu-tri-tang-lipid-mau-fenoflex-3-vi-x-10-vienhop
Hỗn dịch tiêm Insulatard 100IU/ml insulin trị đái tháo đường;90000;Insulin Isophane 10ml;Novo Nordisk A/S;Lọ;https://www.pharmacity.vn/product/hon-dich-tiem-insulatard-100iuml-insulin-tri-dai-thao-duong
Viên nén bao đường Viegan-B hạ men gan, tăng cường chức năng gan, bổ gan (3 vỉ x 15 viên);43000;Cao diệp hạ châu 100mg, Cao nhân trần 50mg, Cao cỏ nhọ nồi 50mg;Foripharm (TW3);Hộp;https://www.pharmacity.vn/product/thuoc-ha-men-gan-ho-tro-dieu-tri-viem-gan-cap-va-man-tinh-viegan-b-3-vi-x-15-vienhop
Viên tỏi nghệ Garlicap hạ cholesterol và triglycerid máu (5 vỉ x 10 viên);43900;Bột Tỏi;OPC;Hộp;https://www.pharmacity.vn/product/garlicap-vien-toi-nghe-5-vi-x-10-vienhop
Viên nén Agostini 70mg điều trị loãng xương, giảm nguy cơ gãy xương (1 vỉ x 4 viên);68000;Alendronic acid (dưới dạng alendronat natri) 70mg,  cholecalciferol 5600IU;Davipharm;Hộp;https://www.pharmacity.vn/product/agostini-70mg-1-vi-x-4-vienhop
SaVi Candesartan 8mg (3 vỉ x 10 viên);142000;Candesartan cilexetil 8mg;Savi;Hộp;https://www.pharmacity.vn/product/savi-candesartan-8mg-3vi-x-10vien
Bột pha uống Augxicine 500mg/62,5mg điều trị nhiễm khuẩn (hộp 10 gói);41000;Amoxycilin Trihydrat 500mg, Acid Clavuclanic 62.5mg;Vidipha;Hộp;https://www.pharmacity.vn/product/thuoc-khang-sinh-augxicine-500-625mg-hop-10-goi
Viên nén Adazol 400mg điều trị nhiễm giun (1 vỉ x 1 viên);2500;Albendazol 400mg;Duoc pham 3/2;Hộp;https://www.pharmacity.vn/product/thuoc-tri-giun-adazol-400mg-1-vi-x-1-vienhop
Thuốc cốm Agimoti 1mg/1ml điều trị triệu chứng buồn nôn, nôn, khó tiêu (30 gói x 5ml);18000;Domperidon 1mg/ml;AGIPHARM;Hộp;https://www.pharmacity.vn/product/thuoc-dieu-tri-trieu-chung-non-va-buon-non-agimoti-10-goi-x-5mlhop
Viên nén Egilok 100mg Egis điều trị tăng huyết áp, đau thắt ngực (hộp 60 viên);371900;Metoprolol 100mg;Egis Pharma;Hộp;https://www.pharmacity.vn/product/thuoc-dieu-tri-tang-huyet-ap-egilok-100mg-egis-60-vienhop
Viên nén bao phim Methyldopa 250mg Bidiphar điều trị tăng huyết áp (10 vỉ x 10 viên);131500;Methyldopa 250mg;BIDIPHAR;Hộp;https://www.pharmacity.vn/product/methyldopa-250mg-10-vi-x-10-vienhop
Derimucin 0.1g  (tuýp 5g);38200;Mupirocin 100mg;Phong Phu;Hộp;https://www.pharmacity.vn/product/derimucin-dopharma
Viên nén Menison 4mg kháng viêm, điều trị viêm thấp khớp, chống dị ứng (3 vỉ x 10 viên);24990;Methyl Prednisolon 4mg;Pymepharco;Hộp;https://www.pharmacity.vn/product/menison-4mg-hop-3-vi-x-10-vien
Viên hoàn cứng Sitar Traphaco hỗ trợ điều trị trĩ nội, trĩ ngoại, chán ăn, trướng bụng (10 gói x 5g);50000;;Traphaco;Hộp;https://www.pharmacity.vn/product/thuoc-phong-va-ho-tro-dieu-tri-tri-noi-tri-ngoai-sitar-hop-10-tui-x-5g
Viên nén Spasticon điều trị bệnh não do chấn thương, đau nửa đầu (6 vỉ x 10 viên);54000;Piracetam  400mg, Cinarizin 25mg;TVPharma;Hộp;https://www.pharmacity.vn/product/spasticon-6-vi-x-10-vienhop
Dung dịch nhỏ mắt Eyexacin 0.5% điều trị viêm kết mạc do nhiễm khuẩn (chai 5ml);19000;Levofloxacin 0.5%/5ml;BIDIPHAR;Chai;https://www.pharmacity.vn/product/eyexacin-25mg-chai-5ml
Hỗn dịch uống Becoridone 30ml điều trị triệu chứng nôn và buồn nôn (chai 30ml);19000;Domperidon 1mg/ml;Công ty Cổ phần Dược phẩm Bến Tre;Hộp;https://www.pharmacity.vn/product/thuoc-dieu-tri-trieu-chung-non-va-buon-non-becoridone-30ml
Vacomuc 200 (Hộp 100 gói);79900;Acetylcystein 200mg;Duoc pham 3/2;Hộp;https://www.pharmacity.vn/product/vacomuc-200mg-100-goi-x-1ghop
Viên nén bao đường Dưỡng Tâm An Thần Danapha hỗ trợ trị mất ngủ, suy nhược thần kinh (chai 100 viên);72500;Hoài sơn, Liên nhục, Liên tâm, Bá tử nhân, Toan táo nhân, Lá dâu, Lá vông, Long nhãn 1g;Danapha;Hộp;https://www.pharmacity.vn/product/duong-tam-an-than-danapha-lo-100-vien
Viên nén phân tán Vigentin 250mg/31,25mg DT điều trị nhiễm khuẩn (2 vỉ x 7 viên);67000;Amoxicillin 250mg, Acid Clavulanic 31,25mg;Pharbaco (TW1);Hộp;https://www.pharmacity.vn/product/thuoc-dieu-tri-nhiem-khuan-vigentin-2503125-dt-2-vi-x-7-vienhop
Viên nang cứng Doxycyclin 100 mg điều trị nhiễm khuẩn (10 vỉ x 10 viên);79900;Doxycyclin 100mg;Domesco;Hộp;https://www.pharmacity.vn/product/doxycyclin-100mg-hop-10-vi-x-10-vien
Viên phóng thích kéo dài Savi Trimetazidine 35MR điều trị đau thắt ngực (3 vỉ x 10 viên);28500;Trimetazidin Dihydroclorid 35mg;Savi;Hộp;https://www.pharmacity.vn/product/thuoc-du-phong-con-dau-that-nguc-dieu-tri-ho-tro-chong-mat-u-tai-savi-trimetazidine-35mr-3-vi-x-10-vienhop
Siro Ceelin 100mg/5ml phòng và điều trị thiếu vitamin C (chai 30ml);25000;Vitamin C 100mg/5ml;United Pharma;Chai;https://www.pharmacity.vn/product/ceelin-hop-1-chai-30ml
Viên nén E-cox 60mg Gracure trị viêm và giảm các cơn đau khớp, đau cấp và mãn tính (3 vỉ x 10 viên);236600;Etoricoxib 60mg;Gracure Pharmaceuticals, India;Hộp;https://www.pharmacity.vn/product/thuoc-dieu-tri-viem-xuong-khop-cap-va-man-tinh-e-cox-60mg-gracure-10-vien-x-3-vihop
Viên nén USAlukast 10mg Ampharco dự phòng và điều trị hen phế quản mạn tính (10 vỉ x 10 viên);580000;Montelukast 10mg;Ampharco U.S.A;Hộp;https://www.pharmacity.vn/product/thuoc-du-phong-va-dieu-tri-hen-phe-quan-man-tinh-usalukast-10-10-vi-x-10-vienhop
Viên nén bao phim Magnesium - B6 - TV giảm các triệu chứng thiếu hụt magnesi (10 vỉ x 10 viên);50000;Magnesi Lactat Dihydrat 470 mg, Pyridoxin HCl 5mg;TVPharma;Hộp;https://www.pharmacity.vn/product/thuoc-dieu-tri-co-the-bi-thieu-hut-magnesi-magnesium-b6-10-vi-x-10-vienhop
Savi Losartan 100mg (3 Vỉ x 10Viên);79900;Losartan Kali 100mg;Savi;Hộp;https://www.pharmacity.vn/product/savi-losartan-100mg-3vi-x-10vien
Viên nén bao phim Richstatin 10mg Getz điều trị rối loạn mỡ máu (1 vỉ x 10 viên);76000;Rosuvastatin calcium 10mg;Getz Pharm;Hộp;https://www.pharmacity.vn/product/thuoc-dieu-tri-tang-cholesterol-mau-richstatin-10mg-1-vi-x-10-vienhop
Viên nén Mebizinc 15mg viên do mụn trứng cá nhẹ và vừa, viêm da đầu chi ruột (10 vỉ x 10 viên);65000;Kẽm glucona 15mg;Mebiphar;Hộp;https://www.pharmacity.vn/product/thuoc-dieu-tri-viem-do-mun-trung-ca-viem-da-dau-chi-ruot-mebizinc-10-vi-x-10-vienhop
Viên nén Meyerviliptin 50mg điều trị bệnh đái tháo đường type 2 (3 vỉ x 10 viên);129000;Vidagliptin 50mg;Meyer-BPC;Hộp;https://www.pharmacity.vn/product/thuoc-dieu-tri-dai-thao-duong-meyerviliptin-50mg-10-vien-x-3-vihop
Viên nén Rotundin 30mg an thần, trị mất ngủ (10 vỉ x 10 viên);47900;Rotundin 30mg;Donaipharm;Hộp;https://www.pharmacity.vn/product/thuoc-dieu-tri-lo-au-cang-thang-dan-den-mat-ngu-giac-ngu-den-cham-rotundin-30mg-10vi-x-10vien
Dung dịch khí dung Spiriva Respimat 2.5mcg điều trị duy trì cho bệnh nhân COPD (chai 30 liều);1059990; Tiotropium 2,5mcg/nh;Boehringer Ingelheim;Hộp;https://www.pharmacity.vn/product/spiriva-respimat-25mcgnh
Viên nén bao phim Bloci 500mg Bluepharma điều trị và dự phòng nhiễm khuẩn (2 vỉ x 8 viên);204000;Ciprofloxacin 500mg;Bluephama;Hộp;https://www.pharmacity.vn/product/thuoc-dieu-tri-nhiem-trung-bloci-500mg-bluepharma-8-vien-x-2-vihop
Vinpocetin 5mg (Hộp 2 vỉ x 25 viên);20000;Vinpocetin 5mg;Foripharm (TW3);Hộp;https://www.pharmacity.vn/product/thuoc-dieu-tri-roi-loan-tuan-hoan-nao-vinpocetin-5mg-2-vi-x-25-vienhop
Viên nén Mebicefpo 200mg Mebiphar kháng sinh điều trị nhiễm khuẩn (2 vỉ x 10 viên);250000;Cefpodoxim 200mg;Mebiphar;Hộp;https://www.pharmacity.vn/product/mebicefpo-200mg-hop-2-vi-x-10-vien
Viên nang Lilonton Siu Guan các bệnh tổn thương não, chóng mặt (10 vỉ x 10 viên);120000;Piracetam 400mg; Siu Guan;Hộp;https://www.pharmacity.vn/product/lilonton-10-vi-x-10-vienhop
Be-Stedy 16 (Hộp 10 vỉ x 10 viên);315000;Betahistin dihydrochlorid 16mg;Aurobindo Pharma Ltd;Hộp;https://www.pharmacity.vn/product/be-stedy-16-hop-10-vi-x-10-vien
Viên nang Vexinir 300mg kháng sinh điều trị nhiễm khuẩn (3 vỉ x 10 viên);500000;Cefdinir 300mg;Akums Drugs and Pharmaceuticals Ltd;Hộp;https://www.pharmacity.vn/product/vexinir-300mg-hop-3-vi-x-10-vien
Viên nang Vitamin C 500mg OPC điều trị bệnh Scorbut và các bệnh do thiếu vitamin C. (chai 100 viên);52000;Vitamin C 500mg;OPC;Hộp;https://www.pharmacity.vn/product/vitamin-c-500-opc-100vien
Viên nhai Calcichew 1250mg bổ sung calci, ngăn ngừa còi xương, loãng xương (chai 30 viên);75000;Calci carbonat 1250mg;Công ty cổ phần Dược phẩm Quảng Bình;Lọ;https://www.pharmacity.vn/product/calcichew-quang-binh-30vienlo
KITNO 625mg  (Hộp 10 vỉ x 10 viên);126000;Calci carbonat 625mg;Phương Đông;Hộp;https://www.pharmacity.vn/product/kitno-625mg-phuong-dong-10vi-x-10vien
Viên nén Calci lactate 650 Mekophar bổ sung calci, điều trị tình trạng thiếu calci (10 vỉ x 10 viên);5000;Calci lactat 650mg;Mekophar;Vỉ;https://www.pharmacity.vn/product/calci-lactate-650-mekophar-10vi-x-10vien
Combiwave SF 125 (Chai 120 liều);199000;Salmeterol 25mcg, fluticason propionat 125mcg;Glenmark;Chai;https://www.pharmacity.vn/product/combiwave-sf-125-chai-120-lieu
Viên nén Augtipha 625mg điều trị nhiễm khuẩn (2 vỉ x 10 viên);78000;Amoxicillin, Acid clavulanic;Excl. Agimexpharm;Hộp;https://www.pharmacity.vn/product/augtipha-625mg-hop-2-vi-x-10-vien
Viên nén Curam 625 Lek Pharma điều trị nhiễm khuẩn (10 vỉ x 8 viên);599000;Amoxicillin 500mg, Acid clavulanic 125mg;Lek - Slovenia;Hộp;https://www.pharmacity.vn/product/curam-625-10-vi-x-8-vienhop
Viên nén bao phim Thyperopa Forte Hataphar điều trị tăng huyết áp (10 vỉ x 10 viên);208000;Methyldopa 500mg;Hataphar;Hộp;https://www.pharmacity.vn/product/thyperopa-forte-hataphar-10vi-x-10vien
Viên nén Muspect 30mg Imexpharm hỗ trợ tan đờm trong bệnh hô hấp cấp và mạn tính (3 vỉ x 10 viên);4997;Ambroxol hydroclorid 30mg;Imexpharm;Vỉ;https://www.pharmacity.vn/product/muspect-30-imexpharm-3vi-x-10vien
Viên nén Damipid 100mg Danapha loét dạ dày, tổn thương niêm mạc dạ dày (3 vỉ x 10 viên);129000;Rebamipid 100mg;Danapha;Hộp;https://www.pharmacity.vn/product/damipid-3-vi-x-10-vienhop
Viên nén Primolut N 5mg trị xuất huyết do rối loạn chức năng, vô kinh (2 vỉ x 15 viên);47500;Norethisterone 5mg;Bayer WHC;Hộp;https://www.pharmacity.vn/product/primolut-n-hop-2-vi-x-15-vien
Viên nang Clindamycin 300mg điều trị nhiễm khuẩn (10 vỉ x 10 viên);400000;Clindamycin 300mg;Duoc pham 3/2;Hộp;https://www.pharmacity.vn/product/clindamycin-300mg-10-vi-x-10-vien
Viên đông khô dạng uống Minirin Melt 60mcg trị đái tháo nhạt trung ương, tiểu đêm (3 vỉ x 10 viên);720000;Desmopressin 60mcg;Minirin Melt;Hộp;https://www.pharmacity.vn/product/minirin-melt-60mcg-30-vien
Viên nhai Dioxzye 80mg chống đầy hơi (25 vỉ x 10 viên);325000;Simethicon 80mg;Thai Nakorn Patana;Hộp;https://www.pharmacity.vn/product/dioxzye-80mg-25vix-10-vien
Revolade 25mg (4 vỉ x 7 viên);8950000;Etrombopag 25mg;Novartis;Hộp;https://www.pharmacity.vn/product/revolade-25mg-4-vi-x-7-vien
Thuốc bột uống Acepron 80mg Pharimex giảm đau từ nhẹ đến vừa và hạ sốt (20 gói x 1.5g);10000;Paracetamol 80 mg/1,5g 80mg;Pharimexco;Hộp;https://www.pharmacity.vn/product/acepron-80-pharimex-hop-20-goi
Viên nén Pyrazinamide 500mg Mekophar điều trị bệnh lao phổi (10 vỉ x 10 viên);54000;Pyrazinamide 500mg;Mekophar;Hộp;https://www.pharmacity.vn/product/pyrazinamide-500mg-hop-10-vi-x-10-vien
Thuốc tiêm Aclasta 5mg/100ml Novartis điều trị loãng xương, giảm nguy cơ gãy xương (hộp 1 chai);7450000;Acid zoledronic 5mg;Novartis;Chai;https://www.pharmacity.vn/product/aclasta-5mg100ml-novartis
Viên nén bao phim Vaspycar 20mg điều trị đau thắt ngực (2 vỉ x 30 viên);31500;Trimetazidin 20mg;Pymepharco;Hộp;https://www.pharmacity.vn/product/vaspycar-tab-20mg-2vi-x-30vien
Viên nén Acyclovir 200mg trị nhiễm virus thủy đậu và zona, herpes simplex (10 vỉ x 10 viên);90000;AcycloVir 200mG 200mG;Mediplantex;Hộp;https://www.pharmacity.vn/product/acyclovir-200mg-h10x10v
Viên nén bao phim Famomed điều trị viêm loét dạ dày (10 vỉ x 10 viên);160000;Famotidin 40mG 40mG;Mediplantex;Hộp;https://www.pharmacity.vn/product/famomed-h10x10v
Viên nang Omeprazol 20mg Mediplantex điều trị viêm loét dạ dày (chai 14 viên);17000;Omeprazol 20mG 20mG;Mediplantex;Hộp;https://www.pharmacity.vn/product/omeprazol-lo-14v
Nước muối Natri clorid 0,9% HD khô mắt, rửa mắt, vệ sinh mũi (chai 10ml);2600;Natri clorid 0,9%/10ml 0.9%/10ml;Duoc VTYT Hai Duong;Chai;https://www.pharmacity.vn/product/natri-clorid-09-hd
Thuốc nhỏ mắt, tai Tirodi 5ml HD điều trị các bệnh nhiễm khuẩn mắt và tai (chai 5ml);10000;Ofloxacin 0,3%/5ml 0.3%/3ml;Duoc VTYT Hai Duong;Chai;https://www.pharmacity.vn/product/tirodi-5ml-hd
Viên nang Atasic 200mg kháng sinh điều trị nhiễm khuẩn (3 vỉ x 10 viên);54000;Cefixim 200mg 200mg;US Pharma;Hộp;https://www.pharmacity.vn/product/atasic-200mg-3vi-x-10-vien
Viên nang Cephalexin 500mg điều trị nhiễm khuẩn (10 vỉ x 10 Viên);150000;cephalexin 500mg 500mg;Mekophar;Hộp;https://www.pharmacity.vn/product/cephalexin-500mg-hop-10-x-10-vien
Viên nén Mifexton 500mg các bệnh tổn thương não, sa sút trí tuệ (3 vỉ x 10 viên);1100000;Citicolin 500mg;Mediplantex;Hộp;https://www.pharmacity.vn/product/mifexton-500mg-3vi-x-10vien
Dầu xoa sao vàng Danapha điều trị nhức đầu, chóng mặt, cảm lạnh, sổ mũi (chai 5ml);14000;Menthol, Camphor, tinh dầu đinh hương, tinh dầu tràm, tinh dầu quế;Danapha;Chai;https://www.pharmacity.vn/product/dau-xoa-sao-vang-chai-5ml-danapha
Viên nang Cholina 400mg hỗ trợ hồi phục chức năng sau tai biến mạch máu não (3 vỉ x 10 viên);436000;cholin 400mg 400mg;Phil Inter Pharma;Hộp;https://www.pharmacity.vn/product/cholina-400mg-hop-30-vien
Viên nén Vitamin C TW3 điều trị thiếu vitamin C (10 vỉ x 10 viên);32000;Vitamin C 500mg 500mg;Foripharm (TW3);Hộp;https://www.pharmacity.vn/product/vitamin-c-tw3-100vien
Viên nén bao phim Glazi 250mg điều trị nhiễm khuẩn (2 vỉ x 6 viên);55000;Azithromycin 250mg;GLOMED-ABBOTT;Hộp;https://www.pharmacity.vn/product/glazi-250-2vi-x-6vien
Viên nang mềm Ginkokup 40mg  điều trị bệnh sa sút trí tuệ, kể cả bệnh Alzheimer (6 vỉ x 10 viên);150000;Ginkgo biloba  40mg;Korea United Pharm;Hộp;https://www.pharmacity.vn/product/ginkokup-40mg-6vi-x-10vien
Viên nén Tenofovir Stada 300 mg trị và dự phòng nhiễm HIV, viêm gan B mạn tính (3 vỉ x 10 viên);174000;TenofoVir Disoproxil Fumarate 300mg;STADA;Hộp;https://www.pharmacity.vn/product/tenofovir-stada-300-mg-3-vix10-vien
Viên nang Ampicilin 500mg Thephaco kháng sinh điều trị nhiễm khuẩn (10 vỉ x 10 viên);85400;Ampicilin 500mg;Thephaco;Hộp;https://www.pharmacity.vn/product/ampicilin-caps-500mg-box-100
Viên nén bao phim Cefuroxim 500mg Vidiphar điều trị nhiễm khuẩn (2 vỉ x 5 viên);39990;cefuroxim 500mg;Vidipha;Hộp;https://www.pharmacity.vn/product/cefuroxim-500mg-vidiphar-2vi-x-5vien
Viên nén Aticef 500mg điều trị nhiễm khuẩn đường tiểu, da, viêm họng (chai 100 viên);239100;Cefadroxil 500mg;DHG Pharma;Chai;https://www.pharmacity.vn/product/aticef-500-caps-chai-100v
Viên nén bao phim Superkan điều trị mất trí nhớ ngắn hạn, thiếu minh mẫn, trầm cảm (2 vỉ x 15 viên);34100;ginko biloba 40mg;Mediplantex;Hộp;https://www.pharmacity.vn/product/superkan-hop30-vien
Viên nang NESTELOC 40MG điều trị viêm loét thực quản do trào ngược, tăng tiết acid (3 vỉ x 10 viên);79000;Esomeprazol 40mg;Cagipharm;Hộp;https://www.pharmacity.vn/product/nesteloc-caps-pllt-ec-40mg-box-30
Hỗn dịch uống Barudon Susp giảm đau trong viêm dạ dày, loét dạ dày - tá tràng (20 gói x 10ml);150000;Oxethazaine,Dried aluminum hydroxide gel,Magnesium hydroxide,.. 20mg,582mg,196mg,..;;Hộp;https://www.pharmacity.vn/product/barudon-susp-hop-20-goi-x-10ml
Viên nén Neucitin 120mg trị rối loạn tuần hoàn ngoại biên, chóng mặt, ù tai (6 vỉ x 10 viên);258000;Cao khô lá bạch quả 120mg;Mediplantex;Hộp;https://www.pharmacity.vn/product/neucitin-120mg-mediplantex-hop-6x10-vien
Viên nén Paracetamol 325mg hạ sốt, giảm đau (chai 500 viên);175000;Paracetamol 325mg;Pharmedic;Chai;https://www.pharmacity.vn/product/paracetamol-tab-325mg-chai-500-vien
Viên nang ACETYLCYSTEINE 200mg tiêu nhầy, loãng đàm, giảm ho (10 vỉ x 10 viên);62000;ACETYLCYSTEINE 200mg;Mekophar;Hộp;https://www.pharmacity.vn/product/acetylcysteine-caps-200mg-hop-10-vi-x-10-vien
Viên nén Fexofenadin 60 - HV trị viêm mũi dị ứng, mày đay (10 vỉ x 10 viên);80000;FEXOFENADINE 60mg;US Pharma;Hộp;https://www.pharmacity.vn/product/fexofenadin-60-hv-hop-10-vi-x-10-vien
Viên nén Cadifast 120mg trị viêm mũi dị ứng, mày đay (3 vỉ x 10 viên);38000;FEXOFENADINE 120mg;US Pharma;Hộp;https://www.pharmacity.vn/product/cadifast-tab-fc-120mg-hop-3-vi-x-10-vien
Viên nén Bifumax 500mg kháng sinh điều trị nhiễm khuẩn (2 vỉ x 5 viên);87900;Cefuroxim Cefuroxim 500 mg;BIDIPHAR;Hộp;https://www.pharmacity.vn/product/bifumax-tab-fc-500mg-box-10
Viên nén Zuryk 300mg điều trị bệnh gút (10 vỉ x 10 viên);360500;Allopurinol 300 mg;Davipharm;Hộp;https://www.pharmacity.vn/product/zuryk-300mg-hop10vi-x-10-vien
Viên nén Terpincold trị ho khan do kích thích (chai 100 viên);175100;Terpin hydrat, Codein 100mg, 15mg;Ha Tay;Hộp;https://www.pharmacity.vn/product/terpincold-lo-100-vien
Viên nén Agimetpred 16mg kháng viêm, điều trị viêm thấp khớp, chống dị ứng (6 vỉ x 10 viên);90000;METHYLPREDNISOLONE 16mg;AGIPHARM;Hộp;https://www.pharmacity.vn/product/agimetpred-tab-16mg-6vi-x-10vien
Viên nén ALPHACHYMOTRYPSIN ALU 4.2MG phù nề sau chấn thương, phẫu thuật, bỏng (2 vỉ x 10 viên);18000;CHYMOTRYPSIN 4.2mg;TVPharma;Hộp;https://www.pharmacity.vn/product/alphachymotrypsin-alu-42mg-2vi-x-10-vien
Viên nang Podolamin 200mg kháng sinh điều trị nhiễm khuẩn (2 vỉ x 10 viên);103000;Cefpodoxim 200mg;US Pharma;Hộp;https://www.pharmacity.vn/product/podolamin-caps-200mg-box-20
Viên nén Calcium-D 500mg /200IU bổ sung calci, D3, ngừa còi xương, loãng xương (10 vỉ x 10 viên);26000;CALCIUM + COLECALCIFEROL 500mG;Công ty cổ phần dược S.Pharm;Hộp;https://www.pharmacity.vn/product/calcium-d-capl-fc-500mg-200box-100
Viên nén Ciprofloxacin 500mg Bidiphar điều trị và dự phòng nhiễm khuẩn (10 vỉ x 10 viên);145000;Ciprofloxacin 500mg;BIDIPHAR;Hộp;https://www.pharmacity.vn/product/ciprofloxacin-500mg-bidiphar
Viên nén bao phim Auclanityl 500mg/125mg TIPHARCO kháng sinh điều trị nhiễm khuẩn (2 vỉ x 10 viên);78000;Amoxicillin 875mg,Acid clavulanic 125mg;TIPHARCO;Hộp;https://www.pharmacity.vn/product/auclanityl-500mg125mg-hop-20-vien
Companity Lactulose 670mg/ml (Hộp 4 vỉ x 5 ống);84500;Lactulose 670mg;Công ty cổ phần Dược phẩm CPC1 Hà Nội;Hộp;https://www.pharmacity.vn/product/companity-lactulose-670mgml-hop-4-vi-x-5-ong
Dung dịch Iodine 10% Bidiphar sát khuẩn da và niêm mạc (chai 30ml);9300;POVIDONE-IODINE 0.1;BIDIPHAR;Lọ;https://www.pharmacity.vn/product/iodine-sol-ext-10-30ml-1-bidiphar
Esonix 40mg (Hop 30 vien) Incepta pharma;450000;Esomeprazole 40mg 40mg;INCEPTA PHARMACEUTICALS LTD;Hộp;https://www.pharmacity.vn/product/esonix-40mg-hop-30-vien-incepta-pharma
VORIOLE TAB F.C 200MG BOX 10;4532000;Voriconazole 200mg;Medlac pharm;Hộp;https://www.pharmacity.vn/product/voriole-tab-fc-200mg-box-10
Viên nén Zinmax-Domesco 250 mg kháng sinh điều trị nhiễm khuẩn (1 vỉ x 10 viên);103000;CEFUROXIME AXETIL 250mg;Domesco;Hộp;https://www.pharmacity.vn/product/zinmax-capl-250mg-hop-10-vien
Viên nén Maxxhepa Urso 300mg điều trị sỏi mật, cải thiện chức năng gan (3 vỉ x 10 viên);255000;Acid ursodeoxycholic 300 mg 300mg;Ampharco U.S.A;Hộp;https://www.pharmacity.vn/product/maxxhepa-urso-cap-300mg-3vix10vien
Viên nén Griseofulvin Mekophar 500mg điều trị các bệnh nấm da, lông, tóc, móng (2 vỉ x 10 viên);39200;Griseofulvin  500mg;Mekophar;Hộp;https://www.pharmacity.vn/product/griseofulvin-500mg-mekophar-hop-20-vien
Viên nén Ofcin 200mg điều trị và dự phòng nhiễm khuẩn (2 vỉ x 10 viên);17000;OFLOXACIN 200mg;DHG Pharma;Hộp;https://www.pharmacity.vn/product/ofcin-tab-200mg-2vix10vien
Viên nang Gracox 200mg điều trị viêm và giảm các cơn đau cơ xương khớp (3 vỉ x 10 viên);190000;CELECOXIB 200mg;Gracure Pharmaceuticals, India;Hộp;https://www.pharmacity.vn/product/gracox-caps-200mg-3vi-x-10vien
Viên nén Vipocef 200mg kháng sinh điều trị nhiễm khuẩn (1 vỉ x 10 viên);25300;CEFPODOXIME PROXETIL 200mg;Pharimexco;Hộp;https://www.pharmacity.vn/product/vipocef-capl-fc-200mg-box-10
Viên bao tan ở ruột Gaspemin 40mg điều trị loét dạ dày, tá tràng (3 vỉ x 10 viên);420000;Esomeprazol 40mg;SRS Pharmaceuticals;Hộp;https://www.pharmacity.vn/product/gaspemin-40-hop-3-vi-x-10-vien
Abiratred 250mg (Hộp 1 lọ x 120 viên);4480500;Abiraterone acetate 250mg;Reddy;Hộp;https://www.pharmacity.vn/product/abiratred-250mg-hop-1-lo-x-120-vien
Viên nén bao phim Clarithromycin 500mg Tipharco kháng sinh điều trị nhiễm khuẩn (1 vỉ x 10 viên);45000;Clarithromycin 500mg;TIPHARCO;Hộp;https://www.pharmacity.vn/product/clarithromycin-500mg-hop-1-vi-x-10-vien
MELEVOX TAB F.C 500MG (3 vỉ x 10 viên);560000;LEVOFLOXACIN 500 mg;Korea Prime Pharm. Co., Ltd.;Hộp;https://www.pharmacity.vn/product/melevox-tab-fc-500mg-3vi-x-10vien
Thuốc tiêm Vincopane 20mg/ml Vinphaco điều trị co thắt dđường tiêu hóa (10 ống x 1ml);90000;Hyoscin - N – Butylbromid 20 mg;Vinphaco;Hộp;https://www.pharmacity.vn/product/vincopane-20mgml-vinphaco-hop-10-ong-x-1ml
Viên nén FRANLUCAT 5MG dự phòng và điều trị hen phế quản mạn tính, viêm mũi dị ứng (4 Vỉ x 7 viên);70000;MONTELUKAST 5mg;Eloge France;Hộp;https://www.pharmacity.vn/product/franlucat-tab-chew-5mg-box-28
VACOLAREN TAB F.C 20MG BOX 60;15500;TRIMETAZIDINE 20mg;Vacopharm;Hộp;https://www.pharmacity.vn/product/vacolaren-tab-fc-20mg-box-60
DIPHERELINE VIAL D+SL RE 11.2MG 2ML 1;8495000;Triptorelin (dưới dạng Triptorelin pamoare) 11,25mg 11.25mg;Ipsen Pharma;Hộp;https://www.pharmacity.vn/product/diphereline-vial-dsl-re-112mg-2ml-1
Bộ 2 hộp Enat 400 IU điều trị và dự phòng tình trạng thiếu vitamin E (3 vỉ x 10 viên);253000;Vitamin E 400iu;Mega Lifesciences;Bộ;https://www.pharmacity.vn/product/bundle-enat-4003vi-x-10-vien
Viên nhai Mebendazol 500mg điều trị các loại giun tròn (1 viên);7000;"
Mebendazol 500mg 500mg";Nam Ha;Hộp;https://www.pharmacity.vn/product/mebendazol-tab-chew-500mg-bttl-1
IVF-M Inj. 150IU;3000000;Menotropin 150IU;;Hộp;https://www.pharmacity.vn/product/ivf-m-inj-150iu
Bộ 3 túi Tiger Balm - RD 10X14cm (3 túi x 3 miếng);123000;Camphor 1% Camphor 1%,  Menthol 0, 3%  Menthol 0, 3%,  Dementholised Mint Oil 0, 6%  Dementholised Mint Oil 0, 6%,  Eucalyptus oil 0, 5%  Eucalyptus oil 0, 5%,  Capsicum Extract 0, 2%g  Capsicum Extract 0, 2;Mega Lifesciences;Bộ;https://www.pharmacity.vn/product/bundle-tiger-balm-rd-10x14cm-3-tui-x-3-tam
Dịch truyền Paracetamol Kabi 1000mg Fresenius Kabi điều trị ngắn hạn đau vừa và sốt (100ml);36500;Paracetamol;Fresenius Kabi;Chai;https://www.pharmacity.vn/product/paracetamol-kabi-inf-10mg-ml100ml-1
Viscoplus Gel 75mg;5500000;Sodium hyaluronate 75mg 75mg;BIOMED;Ống;https://www.pharmacity.vn/product/
Azicine Stella 500mg  điều trị các trường hợp nhiễm khuẩn gây ra bởi các vi khuẩn nhạy cảm với thuốc (1 vỉ x 6 viên);50000;Azithromycin dihydrate 500 mg 500mg;STELLA;Hộp;https://www.pharmacity.vn/product/azicine-500-stella-1-vi-x-6-vien
Viên uống Cobergon 250mg Điều trị đột quỵ, điều trị các triệu chứng sau chấn thương sọ não (2 vỉ x 15 viên);409000;Citicolin 250mg;Công ty cổ phần Dược phẩm CPC1 Hà Nội;Hộp;https://www.pharmacity.vn/product/cobergon-250mg-2vi-x-15-vien
Itrozol 100mg Arena Group S.A. (Hộp 3 vỉ x 5 Viên);309000;Itraconazol 100mg;S.C. Arena Group S.A;Hộp;https://www.pharmacity.vn/product/itrozol-100mg-arena-group-sa-hop-3-vi-x-5-vien
Zecuf Herbal Drops Sugar Free Unique (Hộp 5 Gói x 4 Viên);56700;Levomenthol 7,0mg,  cao khô cam thảo (Glycyrrhiza glabra dry extract) (5:1) 3,0mg,  Cao khô chùm ruột núi (Emblica Officinalis dry extract) (4:1) 2,5mg,  cao khô gừng (Zingiber officinale dry extract) (10:1) 1,0mg.;Unique Pharmaceutical Labs ;Hộp;https://www.pharmacity.vn/product/zecuf-herbal-drops-sugar-free-unique-hop-5-goi-x-4-vien
Preclint Farmalabor (Hộp 2 chai 45ml);280000;Dinatri phosphat dodecahydrat 240mg/ml,  Mononatri phosphat dihydrat 542mg/ml;Farmalabor;Hộp;https://www.pharmacity.vn/product/preclint-farmalabor-hop-2-chai-45ml
Companity 670mg/ml CPC1HN (Hộp 20 gói x 15ml);164000;Lactulose 670mg/ml Lactulose 670mg/ml;Công ty cổ phần Dược phẩm CPC1 Hà Nội;Hộp;https://www.pharmacity.vn/product/companity-670mgml-cpc1hn-hop-20-goi-x-15ml
Viên uống An Cung Ngưu Hoàng Hoàn Yunnan Tengyao (Hộp 1 Viên);1295000;"Băng phiến 166.67mg
Chi tử 166.67mg
Hoàng cầm 166.67mg
Hoàng liên 166.67mg
Hùng hoàng 166.67mg
Trân Châu 83.33mg
Xạ hương 41.67mg
Chu sa 166.67mg
Ngưu hoàng 166.67mg 166.67mg/166.67mg/166.67mg/166.67mg/166.67mg/83.33mg/41.67mg/166.67mg/166.67mg";Yunan;Viên;https://www.pharmacity.vn/product/vien-uong-an-cung-nguu-hoang-hoan-yunnan-tengyao-hop-1-vien
Esomeprazol 40mg Mediplantex (Hop 30 Vien);165000;Esomeprazole 40mg 40mg;Mediplantex;Hộp;https://www.pharmacity.vn/product/esomeprazol-40mg-mediplantex-hop-30-vien
Vytostad 10/20 Stella (3 Vi x 10 Vien);165000;Ezetimibe 10mg, Simvastatin 20mg;STELLA;Hộp;https://www.pharmacity.vn/product/vytostad-1020-stella-3-vi-x-10-vien
Dapagliflozin Tablet 10mg Macleods (Hop 3 vi x 10 vien);432600;Dapagliflozin 10mg (dưới dạng Dapagliflozin premix 50mg) 10mg;Macleods Pharmaceuticals, India;Hộp;https://www.pharmacity.vn/product/dapagliflozin-tablet-10mg-macleods-hop-3-vi-x-10-vien
Tasigna 200mg Novartis (Hop 7 Vi x 4 Vien);7100000;Nilotinib (dưới dạng nilotinib hydrochloride monohydrate) 200mg 200mg;Novartis;Hộp;https://www.pharmacity.vn/product/tasigna-200mg-novartis-hop-7-vi-x-4-vien
Vidpoic 600 MERACINE (Hộp 3 vỉ x 10 viên);300000;Acid alpha lipoic 600MG 600mg;Hataphar;Hộp;https://www.pharmacity.vn/product/vidpoic-600-meracine-hop-3-vi-x-10-vien-
Memoback 4mg CPC1HN (Hộp 20 Ống);360000;Galantamin 4mg/5ml 4mg/5ml;Công ty cổ phần Dược phẩm CPC1 Hà Nội;Hộp;https://www.pharmacity.vn/product/memoback-4mg-cpc1hn-hop-20-ong
Galcholic 150mg Hasan (Hộp 6 Vỉ x 10 Viên);240000;Acid ursodeoxycholic 150mg;Hasan- Demarpharm;Hộp;https://www.pharmacity.vn/product/galcholic-150mg-hasan-hop-6-vi-x-10-vien
Huntelaar 4mg DaVipharm (6 Vỉ 10 Viên);221000;Lacidipine 4mg;Davipharm;Hộp;https://www.pharmacity.vn/product/huntelaar-4mg-davipharm-6-vi-10-vien
Ubinutro Nam Ha (Chai 120ml);47000;Kẽm 30mg,Lysin 900mg,vitamin b120mg, vitamin b2 20mg,vitamin b6 20mg, vitamin pp 16mg 120ml;Nam Ha;Chai;https://www.pharmacity.vn/product/ubinutro-nam-ha-chai-120ml
Pretension plus 80/12.5mg Dasan (Hộp x 30 Viên);222000;"Telmisartan 80mg
Hydrochlorothiazide 12.5mg
 Telmisartan 80mg
Hydrochlorothiazide 12.5mg
";Dasan;Hộp;https://www.pharmacity.vn/product/pretension-plus-80125mg-dasan-hop-x-30-vien
Viên nén Tatanol Codein 500mg/8mg giảm đau cấp tính ở mức độ trung bình (20 vỉ x 4 viên);150000;Paracetamol 500mg, Codeine phosphate 30mg;Tatanol;Hộp;https://www.pharmacity.vn/product/thuoc-dieu-tri-giam-dau-that-lung-dau-dau-dau-day-than-kinh-tatanol-codein-20-vi-x-4-vien
Viên giải phóng có kiểm soát Kaleorid 600mg điều trị phòng ngừa giảm kali-huyết (3 vỉ x 10 viên);277500;Kali Clorid 600mg;Leo Pharma;Hộp;https://www.pharmacity.vn/product/thuoc-bo-sung-kali-cho-co-the-kaleorid-600mg
Viên nén Zestril 20mg điều trị tăng huyết áp, suy tim (2 vỉ x 14 viên);215800;Lisinopril 20mg;Zestril;Hộp;https://www.pharmacity.vn/product/thuoc-dieu-tri-tang-huyet-ap-suy-tim-va-bien-chung-tren-than-zestril-20mg-2-vi-x-14-vienhop
Viên nén Dogarlic điều trị tăng lipid máu, phòng ngừa xơ vữa động mạch (chai 100 viên);96000;Cao tỏi 300mg, Cao nghệ 25mg;Domesco;Hộp;https://www.pharmacity.vn/product/thuc-pham-bao-ve-suc-khoe-giup-ha-cholesterol-tang-tuan-hoan-mau-dogarlic-hop-100-vien
Viên nén bao phim Hyzaar Tab 50/12,5mg điều trị tăng huyết áp (2 vỉ x 15 viên);279000;Losartan 50mg, Hydrochlorothiazide 12.5mg;Merck Sharp & Dohme;Hộp;https://www.pharmacity.vn/product/thuoc-dieu-tri-tang-huyet-ap-hyzaar-50125mg
Viên nén Dexamethasone 0.5mg Vidipha trị viêm thấp khớp, hen suyễn, lupus ban đỏ (10 vỉ x 30 viên);45000;Dexamethasone 0.5mg;Vidipha;Hộp;https://www.pharmacity.vn/product/dexamethasone-05mg-vidipha-30vien-x-10vi
Viên nang Meko Indocin 25mg điều trị viêm xương khớp, viêm khớp dạng thấp (hộp 100 viên);25200;Indomethacin 25mg;Mekophar;Chai;https://www.pharmacity.vn/product/thuoc-dieu-tri-viem-thap-khop-man-tinh-meko-indocin-25-chai-100-vien
Viên nén Tydol codeine Forte 500mg/30mg giảm đau cấp tính ở mức độ trung bình (10 vỉ x 10 viên);197800;Paracetamol 500mg, Codeine phosphate 30mg;Tydol;Hộp;https://www.pharmacity.vn/product/thuoc-dieu-tri-giam-cac-con-dau-nhuc-tu-trung-binh-den-nang-tydol-codeine-forte-100-vienhop
Viên nén Novofungin 400mg điều trị nhiễm khuẩn (2 vỉ x 7 viên);7000;Metronidazol 400mg;STELLA;Hộp;https://www.pharmacity.vn/product/thuoc-dieu-tri-va-phong-ngua-cac-loai-nhiem-khuan-loet-tieu-hoa-metronidazol-stada-400mg
Viên nén Alpha Choay phù nề sau chấn thương, phẫu thuật, bỏng (2 vỉ x 15 viên);42000;Chymotrypsin 4200IU;Sanofi GEM;Hộp;https://www.pharmacity.vn/product/alpha-choay
Viên nén Colchicine Capel 1mg bệnh gút cấp, viêm sụn khớp (1 vỉ x 20 viên);125000;Colchicine 1mg;Mayolyspindler;Hộp;https://www.pharmacity.vn/product/colchicine-capel-1mg
Thuốc dùng ngoài Nizoral 2% điều trị nhiễm nấm ngoài da (tuýp 10g);38000;Ketoconazol 0;Nizoral;Tuýp;https://www.pharmacity.vn/product/kem-tri-nam-ngoai-da-lang-ben-nizoral-cream-10g
Hỗn dịch uống Motilium Suspension 1mg/1ml điều trị chứng nôn và buồn nôn (chai 60ml);50000;Domperidon 1mg/ml;Janssen;Chai;https://www.pharmacity.vn/product/siro-dieu-tri-chung-trao-nguoc-da-day-viem-thuc-quan-motilium-60ml
Hỗn dịch uống Tylenol 80mg/2.5ml giảm đau từ nhẹ đến vừa và hạ sốt (chai 60ml);28500;Paracetamol 325mg;Johnson & Johnson;Chai;https://www.pharmacity.vn/product/siro-giam-dau-ha-sot-cho-tre-em-tylenol-childrens-60ml
Viên nén Clorpheniramin 4mg DHG điều trị triệu chứng dị ứng (chai 200 viên);20000;Chlorphenamin 4mg;DHG Pharma;Chai;https://www.pharmacity.vn/product/thuoc-dieu-tri-viem-mui-di-ung-chay-nuoc-mui-so-mui-nghet-mui-clorpheniramin-4mg
Viên nén Lostad T50 Stella điều trị tăng huyết áp (3 vỉ x 10 viên);69000;Losartan 50mg;STELLA;Hộp;https://www.pharmacity.vn/product/thuoc-dieu-tri-tang-huyet-ap-lostad-t50-3-vi-x-10-vienhop
Viên nang Pradaxa 75mg phòng ngừa tai biến, đột quỵ, trị huyết khối tĩnh mạch sâu (3 vỉ x 10 viên);990000;Dabigatran Etexilat 75mg;Boehringer Ingelheim;Hộp;https://www.pharmacity.vn/product/pradaxa-75mg-hop-3-vi-x-10-vien
Hỗn dịch nhỏ mắt Flumetholon 0.02% trị viêm phía ngoài mắt, bờ mi, kết - giác mạc (chai 5ml);29000;Fluorometholon 0.02%;Santen;Hộp;https://www.pharmacity.vn/product/flumetholon-002-hop-1-chai-5ml
Viên nén Siofor 850mg điều trị đái tháo đường không phụ thuộc insulin (type 2) (4 vỉ x 15 viên);90000;Metformin 850mg;Berlin - Chemie AG;Hộp;https://www.pharmacity.vn/product/thuoc-dieu-tri-dai-thao-duong-typ-ii-siofor-850
Thuốc điều trị bệnh da liễu Clomaz (H/6viên);29900;Clotrimazole 100mg;Other;Hộp;https://www.pharmacity.vn/product/thuoc-dieu-tri-benh-da-lieu-clomaz-h6vien
Thuốc bột uống Cefixim 100mg Mekophar kháng sinh điều trị nhiễm khuẩn (hộp 12 gói);67000;Cefixime 100mg;Mekophar;Hộp;https://www.pharmacity.vn/product/cefixim-100mg-mkp-hop12-goi
Ciprobay IV 200mg - 100ml  Inj;250000;Ciprofloxacin 200mg;Bayer (Others);Hộp;https://www.pharmacity.vn/product/ciprobay-iv-inj-200mg-100ml
Viên nén Novogyl - Mekophar phòng ngừa và điều trị nhiễm trùng răng miệng (2 vỉ x 10 viên);33000;Metronidazol 750 000IU, Spiramicin 125mg;Mekophar;Hộp;https://www.pharmacity.vn/product/thuoc-dieu-tri-nhiem-khuan-rang-mieng-novogyl-2-vi-x-10-vienhop
Viên nang EUROXIL 500mg điều trị nhiễm khuẩn đường tiểu, da, viêm họng (10 vỉ x 12 viên);273900;Cefadroxil 500mg;Euvipharm;Hộp;https://www.pharmacity.vn/product/thuoc-dieu-tri-cac-nhiem-khuan-tiet-nieu-duong-ho-hap-euroxil-500mg-hop-10-vi-x-12-vien
Viên nang Liverton 140mg điều trị viêm gan, xơ gan (10 vỉ x 10 viên);15000;Silymarin 140mg;Pymepharco;Vỉ;https://www.pharmacity.vn/product/thuoc-dieu-tri-benh-gan-liverton-140-10-vi-x-10-vien-hop
Dung dịch nhỏ mắt Tetracain 0.5% gây tê bề mặt dùng trong nhãn khoa (chai 10ml);17000;"Tetracain Hydroclorid
 0.5%/10ml";Duoc pham 3/2;Chai;https://www.pharmacity.vn/product/tetracain-05-10ml
Viên nang Vitamin E 400IU USAR  ngăn ngừa lão hóa da, điều trị dự phòng thiếu E (10 vỉ x 10 viên);8400;Dl-alphatocopheryl Acetat 400IU;Usarichpharm;Vỉ;https://www.pharmacity.vn/product/vitamin-e-400iu-10-vi-x-10-vienhop
Thuốc nhỏ mắt, mũi, tai Neo-Dexa điều trị nhiễm khuẩn mắt, tai, mũi (chai 5ml);3500;Neomycin 17000IU, Dexamethason 5.5mg/5ml;Duoc pham 3/2;Chai;https://www.pharmacity.vn/product/thuoc-dieu-tri-nhiem-khuan-viem-ket-mac-neo-dexa-drops-chai-5ml
Thuốc dùng ngoài Tacroz 0.03% điều trị viêm da cơ địa từ vừa đến nặng (tuýp 10g);269000;Tacrolimus 0.03% 0.3mg/g;Glenmark;Tuýp;https://www.pharmacity.vn/product/tacroz-hop-1-tuyp-x-10g
Kem bôi ngoài da Leivis TRAPHACO điều trị nấm ngoài da, lang ben, hắc lào (tuýp 10g);12300;Ketoconazol 0;Traphaco;Tuýp;https://www.pharmacity.vn/product/kem-dieu-tri-vi-nam-viem-da-leivis-tuyp-10g
Viên nang Linh chi OPC điều hòa huyết áp, giảm cholesterol máu (2 vỉ x 10 viên);93000;Linh chi 3g;OPC;Hộp;https://www.pharmacity.vn/product/thuoc-dieu-hoa-huyet-ap-tang-cuong-chuc-nang-gan-linh-chi-opc-2-vi-x-10-vienhop
Viên nén Agirovastin 10mg điều trị tăng cholesterol máu, giảm mỡ máu (3 vỉ x 10 viên);54000;Rosuvastatin 10mg;AGIPHARM;Hộp;https://www.pharmacity.vn/product/agirovastin-10mg-3-vi-x-10-vienhop
Viên nén Pymenospain 40mg giảm đau do co thắt cơ trơn ở đường tiêu hoá (5 vỉ x 10 viên);50000;Drotaverin 40mg;Pymepharco;Hộp;https://www.pharmacity.vn/product/pymenospain-40mg-5-vi-x-10-vienhop
Viên nén Mibelet 5mg Hasan điều trị tăng huyết áp vô căn, suy tim mãn tính (3 vỉ x 14 viên);150800;Nebivolol 5mg;Hasan- Demarpharm;Hộp;https://www.pharmacity.vn/product/thuoc-dieu-tri-tang-huyet-ap-vo-can-suy-tim-on-dinh-nhe-den-trung-binh-mibelet-5mg-3-vi-x-14-vien
Viên nén Dorobay 100mg điều trị bệnh đái tháo đường type 2 (3 vỉ x 10 viên);108000;Acarbos 100mg;Domesco;Hộp;https://www.pharmacity.vn/product/dorobay-100mg-3-vi-x-10-vienhop
Viên nang Mepilori 40mg điều trị viêm loét thực quản do trào ngược, tăng tiết acid (2 vỉ x 7 viên);156000;Esomeprazole 40mg;OPV;Hộp;https://www.pharmacity.vn/product/mepilori-40mg-2vi-x-7vien
Thuốc long đờm, làm dịu cơn ho Acecyst 200mg (Hộp 30 gói);63000;Acetylcystein 200mg;AGIPHARM;Hộp;https://www.pharmacity.vn/product/thuoc-long-dom-lam-diu-con-ho-acecyst-200mg-hop-30-goi
 Tobrafar (5ml);12000;Tobramycin 15 mg;Pharmedic;Hộp;https://www.pharmacity.vn/product/thuoc-nho-mat-dieu-tri-cac-benh-nhiem-trung-mat-tobrafar-5ml
Viên nén Prostarin ngăn chặn một só biểu hiện cường adrogen ở da (1 vỉ x 21 viên);101840;"Cyproterone Acetat 2mg, Ethinyl Estradiol 
 35mcg";Abbott;Hộp;https://www.pharmacity.vn/product/thuoc-ngua-thai-dang-uong-prostarin-21-vienhop
Viên nén Cystine B6 Bailleul hỗ trợ điều trị rối loạn dưỡng tóc và móng (1 vỉ x 20 viên);115000;L -Cystein 500mg, yridoxil Hydroclorid 50mg;Rosa-Phytopharma Laboratoires;Hộp;https://www.pharmacity.vn/product/thuoc-tri-rung-toc-va-loan-duong-mong-cystine-b6-bailleul-1-vi-x-20-vien-hop
Viên nang Piracetam 400mg các bệnh tổn thương não, chóng mặt (5 vỉ x 10 viên);45000;Piracetam 400mg;Sao Kim;Hộp;https://www.pharmacity.vn/product/thuoc-dieu-tri-roi-loan-thieu-nang-vo-nao-piracetam-400mg-5-vi-x-10-vienhop
Thuốc cốm Cefakid 250mg điều trị nhiễm khuẩn (24 gói x 3g);52000;Cephalexin 250mg;Pymepharco;Hộp;https://www.pharmacity.vn/product/cefakid-250mg-hop-24-goi-x-3g
Viên nén Getzglim 2mg điều trị bệnh đái tháo đường type 2 (2 vỉ x 10 viên);42000;Glimepirid 2mg;Getz Pharm;Hộp;https://www.pharmacity.vn/product/getzglim-2mg-hop-2-vi-x-10-vien
Thuốc bột làm loãng nhầy đường hô hấp Acehasan 100 (Hộp 30 gói);26500;Acetylcystein  100mg 100mg;Hasan- Demarpharm;Hộp;https://www.pharmacity.vn/product/thuoc-bot-lam-loang-nhay-duong-ho-hap-acehasan-100-hop-30-goi
Viên nén Fexostad Stella 60mg trị viêm mũi dị ứng, mày đay (1 vỉ x 10 viên);15500;Fexofenadin 60mg;STELLA;Hộp;https://www.pharmacity.vn/product/fexostad-60-hop-1-vi-x-10-vien
Viên nang Pms-Lansoprazol 30mg điều trị viêm loét dạ dày tá tràng (1 vỉ x 10 viên);20000;Lansoprazol  30mg;Imexpharm;Hộp;https://www.pharmacity.vn/product/pms-lansoprazol-3010vien
Viên nén bao phim Klamentin 500mg/125mg kháng sinh điều trị nhiễm khuẩn (3 vỉ x 4 viên);62390;Amoxicillin 500mg;DHG Pharma;Hộp;https://www.pharmacity.vn/product/klamentin-500125-hop-3-vi-x-4-vien
viên nang Nidal Day giảm đau khi co thắt cơ trơn, đau bàng quang, đau quặn thận (3 vỉ x 10 viên);45000;Ketoprofen 50mg;Ampharco U.S.A;Hộp;https://www.pharmacity.vn/product/nidal-50mg-3-vi-x-10-vienhop
Viên nén Repraz 20mg trị loét dạ dày tá tràng, viêm thực quản trào ngược (3 vỉ x 10 viên);29900;Prednisolon 20mg;Atlantic Pharma- Producoes Farmaceuticas S.A (Fab. Abrunheir;Hộp;https://www.pharmacity.vn/product/repraz-20-3-vi-x-10-vienhop
Viên nén Mezamazol 5mg điều trị cường giáp (10 vỉ x 10 viên);90000;Thiamazol 5mg;Ha Tay;Hộp;https://www.pharmacity.vn/product/thuoc-dieu-tri-cuong-giap-mezamazol-5mg-10-vi-x-10-vien-hop
Natecal D3 (hop/60vien);260000;Calcium (dưới dạng canxi carbonat) 600mg, Cholecalciferol (vitamin D3) 400ui;Italfarmaco S.A;Hộp;https://www.pharmacity.vn/product/natecal-d3-hop60vien
Viên nén Metsav 500mg điều trị đái tháo đường không phụ thuộc insulin (type 2) (10 vỉ x 10 viên);51000;Metformin HCl 500mg 500mg;Savi;Hộp;https://www.pharmacity.vn/product/metsav-500mg-10-vi-x-10-vienhop
Viên nén Captagim 25mg điều trị tăng huyết áp, suy tim (10 vỉ x 10 viên);80000;Captopril 25mg 25mg;AGIPHARM;Hộp;https://www.pharmacity.vn/product/captagim-25mg-10-vi-x-10-vienhop
Dung dịch dùng ngoài 3/2 Natri Clorid Nuoc Suc mieng 500ml trị tiêu đờm, sát trùng họng (chai 500ml);11000;Natri Cloride 0.9% 0.90%;Duoc pham 3/2;Chai;https://www.pharmacity.vn/product/nuoc-suc-mieng-natri-clorid-500ml
Thuốc bột pha hỗn dịch uống Augtipha 562,5mg kháng sinh điều trị nhiễm khuẩn (hộp 12 gói);102000;Amoxicillin 500mg, Kali Clavuclanat 62.5mg;Excl. Agimexpharm;Hộp;https://www.pharmacity.vn/product/augtipha-5625mg-hop-12-goi-x-38g
Viên nén Meyercarmol 750mg Meyer-BPC trị đau do co thắt cơ, gãy xương, trật khớp (10 vỉ x 10 viên);300000;Ebastin 750mg;Hasan- Demarpharm;Hộp;https://www.pharmacity.vn/product/meyercarmol-750-meyer-bpc-10vi-x-10vien
Viên nén Colosar-Denk 50mg/12,5mg điều trị tăng huyết áp (2 vỉ x 14 viên);153800;Losartan 50mg, Hydroclorothiazid 12.5mg;Denk Pharma GmbH & Co.KG;Hộp;https://www.pharmacity.vn/product/thuoc-dieu-tri-tang-huyet-ap-colosar-denk-50mg125mg-denk-14-vien-x-2-vihop
Viên nén bao phim Tovecor 5mg điều trị tăng huyết áp, suy tim (3 vỉ x 10 viên);120000;Perindopril arginin 5mg;Codupha (TW2);Hộp;https://www.pharmacity.vn/product/thuoc-dieu-tri-tang-huyet-ap-tovecor-5mg-3-vi-x-10-vienhop
Maxxviton 1200 Ampharco (Hộp 10 vỉ x 10 viên);273000;Piracetam 1200mg;Ampharco U.S.A;Hộp;https://www.pharmacity.vn/product/thuoc-dieu-tri-chong-mat-suy-giam-tri-nho-dot-quy-thieu-mau-cuc-bo-cap-maxxviton-1200-10-vi-x-10-vienhop
Dung dịch LeoPovidone 10% Leopard sát khuẩn da và niêm mạc (chai 15ml);16000;Povidone-iodine 0;Leopard Medical Brand;Chai;https://www.pharmacity.vn/product/dung-dich-sat-khuan-leopovidone-10-15ml
Viên nang cứng Omesel 20mg Roussel điều trị viêm loét dạ dày (3 vỉ x 10 viên);60000;Omeprazol 20mg;Roussel;Hộp;https://www.pharmacity.vn/product/thuoc-tieu-hoa-omesel-20mg-roussel-3-vi-x-10-vien
Viên hoàn Hoàn Bổ Trung Ích Khí Nam Hà tỳ vị suy nhược, trung khí hạ hãm, tiêu chảy (10 hoàn x 8g);39200;Đảng sâm 1,12g, Hoàng kỳ 0,90g, Bạch truật 0,26g, Trần bì 0,26g, Sài hồ 0,26g, Đương quy 0,26g, Đại táo 0,23, Cam thảo 0,23g, Cao đặc Thăng ma 0,04g;Foripharm (TW3);Hộp;https://www.pharmacity.vn/product/hoan-bo-trung-ich-khi-10-hoan-x-8ghop
Vasotrate 30 OD (2 vỉ x 14 viên);74200;Isosorbid Mononitrat 30mg;Torrent Pharm;Hộp;https://www.pharmacity.vn/product/vasotrate-30-od-2vi-x-7vien
Thuốc điều trị trầm cảm, rối loạn lo âu, hội chứng loạn thần kinh ám ảnh Everim 10mg (10 vỉ x 10 viên/hộp);357000;Paroxetin 10mg;Dong Nam;Hộp;https://www.pharmacity.vn/product/thuoc-dieu-tri-tram-cam-roi-loan-lo-au-hoi-chung-loan-than-kinh-am-anh-everim-10mg-10-vi-x-10-vienhop
Sorbitol 5g Domesco (Hộp 25 gói);27500;Sorbitol 5g;Domesco;Hộp;https://www.pharmacity.vn/product/sorbitol-5g-domesco-25goi
Viên nén Paxirasol 8mg hỗ trợ tan đờm trong bệnh hô hấp cấp và mạn tính (2 vỉ x 10 viên);21000;Bromhexin 8mg;Egis Pharma;Hộp;https://www.pharmacity.vn/product/thuoc-dieu-tri-cac-benh-duong-ho-hap-paxirasol-8mg-2-vi-x-10-vienhop
Viên nén bao phim Zlatko 25mg điều trị bệnh đái tháo đường type 2 (3 vỉ x 10 viên);180000;Stitagliptin 25mg;Davipharm;Hộp;https://www.pharmacity.vn/product/zlatko-25mg-3-vi-x-10-vienhop
Viên nén bao phim Agisimva 20mg điều trị rối loạn mỡ máu (3 vỉ x10 viên);72000;Simvastatin 20mg;AGIPHARM;Hộp;https://www.pharmacity.vn/product/agisimva-20mg-3-vi-x-10-vienhop
Niztahis 150 (3 vỉ x 10 viên);205200;Nizatidin 150mg;AGIPHARM;Hộp;https://www.pharmacity.vn/product/niztahis-150-3-vi-x-10-vien
Dung dịch tiêm Humalog Kwikpen 100IU/ml insulin trị đái tháo đường 0;1250000;Insulin Lispro 3ml;Eli Lilly;Hộp;https://www.pharmacity.vn/product/humalog-kwikpen-100iuml-5but-x-3ml-inj
Hỗn dịch tiêm Insulatard FlexPen 100IU/ml insulin trị đái tháo đường 0;893000;Insulin Isophane 3ml;Novo Nordisk A/S;Hộp;https://www.pharmacity.vn/product/insulatard-flexpen-100iuml-5but-x-3ml-inj
Viên nén Ostebon 70mg điều trị loãng xương ở phụ nữ sau mãn kinh và nam giới (2 vỉ x 2 viên);80000;Acid alendronic 70mg;OPV;Hộp;https://www.pharmacity.vn/product/ostebon-70mg-1-vi-x-4-vienhop
Viên nén Erilcar 5mg điều trị tăng huyết áp, suy tim (3 vỉ x 10 viên);28900;Enalapril 5mg;Pymepharco;Hộp;https://www.pharmacity.vn/product/erilcar-5mg-3-vi-x-10-vienhop
Viên nang cứng Moritius 75mg điều trị động kinh,rối loạn lo âu (6 vỉ x 14 viên);230000;Pregabalin 75mg;Davipharm;Hộp;https://www.pharmacity.vn/product/moritius-75mg-6-vi-x-14-vienhop
SaviFexo 60mg (Hộp 1 chai 100 viên);16500;Fexofenadin HCl 60mg;Savi;Hộp;https://www.pharmacity.vn/product/thuoc-dieu-tri-cac-trieu-chung-cua-viem-mui-di-ung-theo-mua-savi-fexo-60mg-1-vi-x-10-vien-hop
Viên nang mềm Catolis 150mg điều trị sỏi mật (4 vỉ x 15 viên);280000;Ursodeoxycholic acid 150mg;Công ty cổ phần Dược phẩm CPC1 Hà Nội;Hộp;https://www.pharmacity.vn/product/catolis-150mg-4-vi-x-15-vienhop
Dung dịch VNP Spray Baby 0.9% làm sạch dịch nhầy mũi giúp bé thở và bú tốt hơn (chai 50ml);76000;Natri Clorid 0.009;DP Trung uong CPC1;Hộp;https://www.pharmacity.vn/product/vnp-spray-baby-09-chai-50mlhop
Viên đại tràng Inberco OPC trị tiêu chảy, viêm đại tràng, lỵ (5 vỉ x 10 viên);106000;Berberin clorid40,0mg, Rễ Mộc hương (Radix Sausureae lappae)74,7mg, Quả Ngô thù du (Fructus Evodiae rutaecarpae)53,4mg, Rễ Bạch thược (Radix Paeoniae lactiflorae)216,0mg, Bột mịn Rễ Mộc hương (Radix Sausureae lappae pulverata)80,0mg;OPC;Hộp;https://www.pharmacity.vn/product/vien-dai-trang-inberco-5-vi-x-10-vienhop
Viên nén Taginko 40mg điều trị các rối loạn chú ý, trí nhớ, suy tuần hòan não (3 vỉ x 10 viên);15800;Ginkgo biloba  40mg;Mekophar;Hộp;https://www.pharmacity.vn/product/thuoc-dieu-tri-suy-tuan-hoan-nao-suy-giam-tri-nho-taginko-40mg-3-vi-x-10-vienhop
Thuốc Ho Nam Dược (Hộp 1 chai);57000;Tỳ bà diệp, Xuyên bối mẫu, Cát cánh;Nam Duoc;Chai;https://www.pharmacity.vn/product/thuoc-ho-nam-duoc-chai-100ml
Manduka 200mg (Hộp 6 vỉ x 10 viên);528000;Flavoxat HCl 200mg;Davipharm;Hộp;https://www.pharmacity.vn/product/manduka-200mg-hop-6-vi-x-10-vien
Paolucci 500mg (Hộp 3 vỉ x 10 viên);300000;Deferipron 500mg;Davipharm;Hộp;https://www.pharmacity.vn/product/thuoc-dieu-tri-tinh-trang-du-thua-sat-paolucci-500mg-3-vi-x-10-vienhop
Viên nén Vipredni 16mg kháng viêm, điều trị viêm thấp khớp, chống dị ứng (10 vỉ x 10 viên);250000;Methylprednisolone 16mg;Hasan- Demarpharm;Hộp;https://www.pharmacity.vn/product/thuoc-khang-viem-vipredni-16mg-10-vi-x-10-vien-hop
Suntopirol 25mg (5Vi x 10Vien);205000;Topiramate 25mg;Sun Pharma;Hộp;https://www.pharmacity.vn/product/suntopirol-25mg-5vi-x-10vien
Viên nén Mezapizin 10 mg điều trị đau nữa đầu, chóng mặt, ù tai (10 vỉ x 10 viên);100000;Flunarizin 10mg;Medisun;Hộp;https://www.pharmacity.vn/product/thuoc-du-phong-va-dieu-tri-chung-dau-nua-dau-roi-loan-tien-dinh-mezapizin-10-10-vi-x-10-vienhop
Viên nén Vitamin PP 500mg điều trị bệnh pellagra (10 vỉ x 10 viên);43000;Vitamin PP 500mg;Sinh học Y tế;Hộp;https://www.pharmacity.vn/product/vitamin-pp-500mg-mebiphar-10vi-x-10vien
Disys (Hộp 5 vỉ x 6 viên);239000;Valsartan 80mg;Healthcare Pharmaceuticals;Hộp;https://www.pharmacity.vn/product/disys-3-vi-x-10-vienhop
Viên nang Trinopast 75mg OPV điều trị động kinh,rối loạn lo âu (2 vỉ x 7 viên);125000;Pregabalin 75mg;OPV;Hộp;https://www.pharmacity.vn/product/trinopast-75mg-2-vi-x-7-vienhop
Viên nén Tegrucil-1 dự phòng huyết khối tắc mạch ở bệnh nhân bị bệnh tim (10 vỉ x 10 viên);275000;Acenocoumarol 1mg;Davipharm;Hộp;https://www.pharmacity.vn/product/tegrucil-1-10-vi-x-10-vienhop
Viên nén Tegrucil-4 dự phòng huyết khối tắc mạch ở bệnh nhân bị bệnh tim (6 vỉ x 10 viên);189000;Acenocoumaro 4mg;Davipharm;Hộp;https://www.pharmacity.vn/product/tegrucil-4-6-vi-x-10-vienhop
Viên nén Aciclovir 800 Meyer điều trị nhiễm Herpes zoster, thủy đậu (3 vỉ x 10 viên);96000;Aciclovir 800mg;Meyer-BPC;Hộp;https://www.pharmacity.vn/product/aciclovir-800-3-vi-x-10-vienhop
Viên bao phim Bisoloc 5mg United trị tăng huyết áp bệnh mạch vành, suy tim ổn định (3 vỉ x 10 viên);56900;Bisoprolol 5mg;United Pharma;Hộp;https://www.pharmacity.vn/product/bisoloc-5mg-3-vi-x-10-vienhop
Viên nén Corbis 5mg điều trị tăng huyết áp, đau thắt ngực, suy tim (2 vỉ x 10 viên);75000;Bisoprolol fumarat 5mg;Efroze;Hộp;https://www.pharmacity.vn/product/corbis-5-2-vi-x-10-vienhop
Viên nén SaVi Gemfibrozil 600mg điều trị tăng cholesterol máu, giảm mỡ máu (6 vỉ x 10 viên);285000;Gemfibrozil 600mg;Savi;Hộp;https://www.pharmacity.vn/product/savi-gemfibrozil-600-hop-6-vi-x-10-vien
Siro Befabrol 15mg/5ml Bến Tre làm loãng chất nhầy (hoặc đàm), tăng thanh thải chất nhầy (chai 30ml);17000;Ambroxol 15mg/5ml;Công ty Cổ phần Dược phẩm Bến Tre;Chai;https://www.pharmacity.vn/product/befabrol-ben-tre-30ml
Viên ngậm Strepsils Maxpro mật ong & chanh giảm đau trong viêm họng, chống viêm (12 gói x 8 viên);220800;Flurbiprofen 8.75mg;Strepsils;Hộp;https://www.pharmacity.vn/product/strepsils-maxpro-hop-12-goi-x-8-vien
Viên nén Erilcar 10 Pymepharco điều trị tăng huyết áp, suy tim (3 vỉ x 10 viên);54900;Enalapril maleat 10mg;Pymepharco;Hộp;https://www.pharmacity.vn/product/erilcar-10-pymepharco-3vi-x-10vien
Viên nén bao phim TATACA 500mg điều trị nhiễm giun (1 vỉ x 1 viên);5000;Mebendazole 500mg;Pymepharco;Hộp;https://www.pharmacity.vn/product/tataca1vien
Dung dịch uống NUPIGIN 1200mg/10ml các bệnh tổn thương não, chóng mặt (hộp 10 ống);85000;Piracetam 1200mg 1200mg;DP Trung uong CPC1;Hộp;https://www.pharmacity.vn/product/nupigin-1200mg10ml-hop10-ong
Viên nén Batigan 300mg hỗ trợ điều trị nhiễm HIV-1, viêm gan B mạn tính (3 vỉ x 10 viên);600000;Tenofovir disoproxil fumarat  300mg;Phương Đông;Hộp;https://www.pharmacity.vn/product/batigan-300mg-hop-3-vi-x-10-vien
Viên nén Perindastad 4 điều trị tăng huyết áp, suy tim (1 vỉ x 30 viên);45000;Perindopril erbumin 4mg;STELLA;Hộp;https://www.pharmacity.vn/product/perindastad-4mg-1-vi-x-30-vien
Viên nang Marathone điều trị các bệnh phong tê thấp, viêm khớp, đau khớp, (10 vỉ x 10 viên);120000;Bột mã tiền chế, Ma hoàng, Tằm vôi,… 50mg, 11,5mg, 11,5mg,…;Foripharm (TW3);Hộp;https://www.pharmacity.vn/product/marathone-hop-10-vi-x-10-vien
Viên nang Cimetidin 300 Imexpharm trị viêm loét, trào ngược dạ dày thực quản (10 vỉ x 10 viên);105000;Cimetidin 300mg;Imexpharm;Hộp;https://www.pharmacity.vn/product/cimetidin-300-imexpharm-10vi-x-10vien
Thuốc bột uống Roxithromycin 50mg Nadyphar điều trị nhiễm khuẩn đường hô hấp (hộp 30 gói);59900;Roxithromycin 50mg;Nadyphar;Hộp;https://www.pharmacity.vn/product/roxithromycin-50-30-goi-x-3ghop
Viên nén Daquetin 100mg Danapha điều trị rối loạn lưỡng cực, tâm thần phân liệt (5 vỉ x 10 viên);399000;Quetiapin 100mg;Danapha;Hộp;https://www.pharmacity.vn/product/daquetin-100-5-vi-x-10-vienhop
Viên nang cứng Opeazitro 500mg OPV điều trị nhiễm khuẩn (1 vỉ x 3 viên);45000;;OPV;Hộp;https://www.pharmacity.vn/product/opeazitro-500mg-opv-1vi-x-3vien
Viên bao đường Hoạt Huyết Dưỡng Não HD phòng và điều trị chứng suy giảm trí nhớ (5 vỉ x 20 viên);49000;Cao dinh lanh 150mg, Cao bach qua 10mg;Duoc VTYT Hai Duong;Hộp;https://www.pharmacity.vn/product/hoat-huyet-duong-nao-hd-hai-duong-5vi-x-20vien
Thuốc dùng ngoài Azaduo điều trị tại chỗ mụn trứng cá (tuýp 15g);143000;Adapalen, Benzoyl Peroxide  0,1%,2.5%;Medisun;Hộp;https://www.pharmacity.vn/product/azaduo-hop-1-tuyp-15g
Van Xuan Ho Nao Tam (10 vi x 10 vien);110000;Hoàng kỳ, Đào nhân, Hồng hoa, Địa long 760 mg, 70 mg, 70 mg, 160 mg;;Hộp;https://www.pharmacity.vn/product/van-xuan-ho-nao-tam-10-vi-x-10-vien
Viên hoàn mềm Hoàn Lục Vị Địa Hoàng dùng cho người có thận âm hư, cơ thể gầy yếu (1 vỉ x 10 viên);52000;Thục địa, Hoài sơn, Sơn thù ,… 1.15g, 0.96g, 0.96g,…;Traphaco;Hộp;https://www.pharmacity.vn/product/hoan-luc-vi-dia-hoang-traphaco-hop-1-vi-x-10-hoan
Viên nén bao phim Lorista H 50mg/12.5mg điều trị tăng huyết áp (2 vỉ x 14 viên);147000;Losartan potassium 50mg,Hydrochlorothiazid 12,5mg;Novo Mesto- Xlo Ven Ni A;Hộp;https://www.pharmacity.vn/product/lorista-h28-vien
Thuốc dùng ngoài Capser 0.75% giảm đau tại chỗ (tuýp 100g);323500;Capsaicin 0,75mg;Help S.A;Tuýp;https://www.pharmacity.vn/product/capser-tuyp-100g
Viên nén Thập toàn đại bổ Nhất Nhất bồi bổ cơ thể, tăng cường thể lực (2 vỉ x 10 viên);130000;"Cao khô hỗn hợp dược liệu 660mg tương đương:  Bạch truật (Rhizoma Atractylodis macrocephaloe) 275mg, Đảng sâm (Radix Colonopsis pilosulae) 413mg, Phục linh (Poria) 220mg, Cam thảo (Radix Glycyrrhizae) 220mg, Đương quy (Radix Anglicae sinensis) 275mg, Xuyên khung (Rhizoma Ligustici wallichii) 220mg, Bạch thược (Radix Paeoniae alba) 275mg, Thục địa (Radix Rehmanniae praeparata) 413mg, Hoàng kỳ (Radix Astragali membranacei) 413mg,  Quế vỏ (Cortex Cinnamomi) 275mg
Tá dược vừa đủ 1 viên";Nhat Nhat;Hộp;https://www.pharmacity.vn/product/nhat-nhat-thap-toan-dai-bo-boi-bo-khi-huyet-tang-cuong-the-luc-hop-2-vi-x-10-vien
Vintrypsine (Hộp 5 lọ x 5 ống x 1ml);70100;Alpha chymotrypsin 5000 đơn vị USP;Công ty cổ phần dược phẩm Vĩnh Phúc;Hộp;https://www.pharmacity.vn/product/vintrypsine-hop-5-lo-tiem-dong-kho-va-5-ong-dung-moi-x-1ml
Viên nén Ezenstatin 10mg/20mg trị tăng cholesterol máu, phòng ngừa bệnh tim mạch (4 vỉ x 7 viên);229400;Ezetimibe, Atorvastatin;AGIPHARM;Hộp;https://www.pharmacity.vn/product/ezenstatin-10mg20mg-hop-4vi-x-7vien
Dung dịch uống Metiocolin 100mg trị chậm phát triển trí tuệ, rối loạn giấc ngủ ở trẻ (4 vỉ x 5 ống);256000;Citicolin 100mg;Công ty cổ phần Dược phẩm CPC1 Hà Nội;Hộp;https://www.pharmacity.vn/product/metiocolin-hop-4-vi-x-5-ong-nhua-x-10ml
Dung dịch Stiprol 9g Hadiphar điều trị táo bón (6 tuýp x 3g);5500;Glycerol 6,75g;Hadiphar;Tuýp;https://www.pharmacity.vn/product/stiprol-9g-hadiphar-6tuyp
Viên nang GALEPTIC 300mg trị động kinh, viêm dây thần kinh (3 vỉ x 10 viên);108000;Gabapentin 300mg;Hasan- Demarpharm;Hộp;https://www.pharmacity.vn/product/galeptic-300mg-3vi-x10vien
Viên nén Andol Fort điều trị các triệu chứng cảm cúm (25 vỉ x 20 viên);380000;"Paracetamol                               
Phenylephrine  HCl                      
Loratadin 500mg,10mg,5mg";Imexpharm;Hộp;https://www.pharmacity.vn/product/andol-fort-hop-500-vien
Viên nén bao phim Metformine EG 500mg điều trị bệnh đái tháo đường type 2 (5 vỉ x 10 viên);45000;Metformin 500mg;Pymepharco;Hộp;https://www.pharmacity.vn/product/metformine-eg-500mg-hop-50-vien
Viên nén Arthrobic 15 Mekophar điều trị viêm xương khớp, viêm khớp dạng thấp (hộp 30 viên);15000;Meloxicam 15mg;Mekophar;Hộp;https://www.pharmacity.vn/product/arthrobic-15-mekophar-hop-1-lo-x-30-vien-nen
Viên nén Alipid 10mg OPV điều trị tăng cholesterol máu, giảm mỡ máu (3 vỉ x 10 viên);46400;Atorvastatin calci trihydrat 10mg;OPV;Hộp;https://www.pharmacity.vn/product/alipid-10-opv-hop-3-vi-x-10-vien-nen
Viên nang Acetylcystein 200mg Vidipha tiêu nhầy, loãng đàm, giảm ho (20 vỉ x 10 viên);74000;Acetylcystein 200mg 200mg;Vidipha;Hộp;https://www.pharmacity.vn/product/acetylcystein-200mg-hop-20vi-x-10vien-vidipha
Viên nén VITAMIN B1B6B12 điều trị rối loạn do thiếu vitamin B1, B6, B12 (chai 50 viên);33500;Thiamine mononitrate , Pyridoxin hydrochloride  , Cyanocobalamin 125mg, 125mg, 125mcg.;Mekophar;Chai;https://www.pharmacity.vn/product/vitamin-b1b6b12-tab-sc-250mg-125-chai-50-vien
Viên nén PARACETAMOL 500MG giảm đau từ nhẹ đến vừa và hạ sốt (10 vỉ x 10 viên);165000;PARACETAMOL 500mg;Pharimexco;Hộp;https://www.pharmacity.vn/product/paracetamol-tab-500mg-hop-50-vi-x-10-vien
Viên nang cứng Paracetamol 500mg hạ sốt, giảm đau (chai 500 viên);200000;PARACETAMOL 500mg;Duoc Phuc Vinh;Chai;https://www.pharmacity.vn/product/paracetamol-tab-500mg-chai-500-vien
Viên nén Bostrypsin 4200 IU phù nề sau chấn thương, phẫu thuật, bỏng (2 vỉ x 10 viên);144200;Chymotrypsin 4200 IU;Boston;Hộp;https://www.pharmacity.vn/product/bostrypsin-10vi-x-10vien
Viên nén Trajenta duo 2.5mg/500mg điều trị đái tháo đường type 2 (chai 60 viên);595000;Linagliptin,Metformin   2.5mg,500m;Boehringer Ingelheim;Chai;https://www.pharmacity.vn/product/trajenta-duo-25500mg-chai-60vien
Viên nén Trajenta duo 2.5mg/1000mg điều trị đái tháo đường type 2 (chai 60 viên);595000;Linagliptin,Metformin   1000mg, 2.5mg;Boehringer Ingelheim;Chai;https://www.pharmacity.vn/product/trajenta-duo-251000mg-chai-60vien
Viên nén Trajenta duo 2.5mg/500mg điều trị đái tháo đường type 2 (chai 14 viên);153000;Linagliptin,Metformin   2.5mg,500m;Boehringer Ingelheim;Chai;https://www.pharmacity.vn/product/vien-nen-trajenta-duo-25mg500mg-dieu-tri-dai-thao-duong-type-2-chai-14-vien
Viên nang cứng EnteroGolds giúp cân bằng hệ vi sinh đường ruột (6 vỉ x 10 viên);178200;Bacillus Clausii 2bil;Biopharco;Chai;https://www.pharmacity.vn/product/enterogolds-60vien-ma-moi
Viên nén Soluthepharm 16mg trị viêm thấp khớp, hen suyễn, lupus ban đỏ hệ thống (10 vỉ x 10 viên);299000;Methylprednisolon 16mg;Thephaco;Hộp;https://www.pharmacity.vn/product/soluthepharm-tab-16mg-box-100
Thuốc bột Augbidil 250mg/31.25mg điều trị nhiễm khuẩn (hộp 12 gói);69000;Amoxicilin , Acid ClaVulanic 250 mg,   31,25 mg;Hasan- Demarpharm;Hộp;https://www.pharmacity.vn/product/augbidil-sac-pwd-250mg-311-hop-12-goi
Viên nén Cocilone 1mg điều trị và dự phòng cơn gout cấp (1 vỉ x 10 viên);18600;Colchicine 1mg;Brawn;Hộp;https://www.pharmacity.vn/product/cocilone-tab-1mg-box-10
Viên nang TV-Sulpiride 50mg điều trị chứng rối loạn tâm thần phân liệt (10 vỉ x 10 viên);45000;Sulpiride 50mg;SPM;Hộp;https://www.pharmacity.vn/product/tv-sulpiride-50mg-v10h100
Viên nén Kuplevotin 25mg điều trị rối loạn tiêu hóa chức năng (3 vỉ x 10 viên);69000;Levosulpirid 25mg 25mg;Korea United Pharm;Hộp;https://www.pharmacity.vn/product/kuplevotin-25mg-hop30-vien
Viên nén Capbize 500mg trị ung thư vú, ung thư đại trực tràng, ung thư dạ dày (3 vỉ x 10 viên);507000;Capecitabine 500mg;;Hộp;https://www.pharmacity.vn/product/capbize-500mg-3-vi-x-10-vien
Bột pha hỗn dịch uống Ofmantine 250mg/62,5mg kháng sinh điều trị nhiễm khuẩn (hộp 10 gói);61000;Amoxicillin ,Acid clavulanic  250mg, 62.5mg;Domesco;Hộp;https://www.pharmacity.vn/product/ofmantine-250625mg-hop-10-goi
Viên nén Mifrednor 10mg ngừa thai khẩn cấp 120 giờ (1 vỉ x 1 viên);6000;Mifepriston 10mg;AGIPHARM;Hộp;https://www.pharmacity.vn/product/mifrednor-10-hop1vien
Viên nén Tatanol 325mg/200mg hạ sốt, giảm đau (10 vỉ x 10 viên);97000;Paracetamol, Ibuprofen;Pymepharco;Hộp;https://www.pharmacity.vn/product/tatanol-nhuc-moi-tab-325mg200-hop-10-vi-x-10-vien
Viên nang Wonfixime 200mg kháng sinh điều trị nhiễm khuẩn (1 vỉ x 10 viên);27000;Cefixime 200mg;Phil Inter Pharma;Hộp;https://www.pharmacity.vn/product/wonfixime-200mg-1-vi-x-10-vien
Siro Ho TW3 trị ho do kích thích, cảm cúm, sổ mũi, viêm mũi dị ứng (chai 60ml);25000;Dextromethorphan, Clorpheniramin maleat, Guaifenesin 30mg, 7.98mg, 300mg;Foripharm (TW3);Hộp;https://www.pharmacity.vn/product/siro-ho-tw3-hop-1-chai-x-60ml
Viên nén Mibezin 10mg Hasan phòng ngừa và điều trị kẽm (5 vỉ x 10 viên);80000;;Hasan- Demarpharm;Hộp;https://www.pharmacity.vn/product/mibezin-10mg-hasan-hop-5-vi-x-10-vien
Viên nang Bidimoxy 500mg Bidiphar điều trị nhiễm khuẩn (10 vỉ x 10 viên);150000;Amoxicilin  500mg;BIDIPHAR;Hộp;https://www.pharmacity.vn/product/bidimoxy-500-bidiphar-hop-10-vi-x-10-vien
Viên nén Cefpodoxim 100mg - TV.Pharma kháng sinh điều trị nhiễm khuẩn (3 vỉ x 10 viên);68500;CEFPODOXIME PROXETIL 100mG;TVPharma;Hộp;https://www.pharmacity.vn/product/cefpodoxim-capl-100mg-3vi-x-10vien-tv-pharma
Viên nén Dexipharm 15mg trị ho khan do kích thích (10 vỉ x 10 viên);43000;DEXTROMETHORPHAN 15mg;Imexpharm;Hộp;https://www.pharmacity.vn/product/dexipharm-tab-fc-15mg-box-100
Gibiba 80mg Phil Inter pharma (Hộp 10 vỉ x 10 viên);535600;Cao khô lá bạch quả 80mg;Phil Inter Pharma;Hộp;https://www.pharmacity.vn/product/gibiba-80mg-phil-inter-pharma-hop-10-vi-x-10-vien
Viên nang cứng Fluebac 50mg điều trị các bệnh nhiễm nấm (1 vỉ x 7 viên);180000;Fluconazol 50mg;SLAVIA PHARM;Hộp;https://www.pharmacity.vn/product/fluebac-50mg-slavia-pharm-hop-1-vi-x-7-vien
Viên nang Ocekem DT phòng ngừa và điều trị kẽm (5 vỉ x 10 viên);162000;Zinc 15mg;CT CP hóa dược VN;Hộp;https://www.pharmacity.vn/product/ocekem-dt-hop-5-vi-x-10-vien
Viên nén Methylprednisolone 4mg kháng viêm, điều trị viêm thấp khớp, chống dị ứng (10 vỉ x 10 viên);49500;Methylprednisolon 4mg;Mekophar;Hộp;https://www.pharmacity.vn/product/methylprednisolone-4mg-hop-10-vi-x-10-vien
Viên nén Bonzacim 10mg điều trị tăng cholesterol máu, giảm mỡ máu (3 vỉ x 10 viên);253740;Rosuvastatin 10mg;Dalfusin 75;Hộp;https://www.pharmacity.vn/product/bonzacim-10-3vi-x-10vien
Viên nén Cifga 500mg điều trị và dự phòng nhiễm khuẩn (hộp 20 viên);26300;Ciprofloxacin 500mg;DHG Pharma;Hộp;https://www.pharmacity.vn/product/cifga-hop-20-vien
Viên nang cứng Galamento 400 trị động kinh, viêm dây thần kinh (5 vỉ x 10 viên);299500;Gabapentin  400mg;BRV Healthcare;Hộp;https://www.pharmacity.vn/product/galamento-400-5vi-x-10vien
Viên nang mềm đặt âm đạo Gynocaps điều trị bệnh nấm candida âm đạo và viêm âm đạo (hộp 10 viên);108000;Miconazol nitrat,  Metronidazol;Minskinterrcaps ;Hộp;https://www.pharmacity.vn/product/gynocaps-hop-10-vien
Thuốc xịt mũi Nasomom 4 Tinh dầu trẻ em giảm sổ mũi, viêm mũi dị ứng, khò khè trẻ nhỏ (chai 70ml);39000;Natri Clorid 630mg 630mg;;Chai;https://www.pharmacity.vn/product/tinh-dau-tre-em-nasomom-4-spray-chai-70ml
Viên nang Prezel 75mg điều trị động kinh,rối loạn lo âu (3 vỉ x 10 viên);369000;Pregabalin 75 mg 75mg;S.C.Arena Group S.A.;Hộp;https://www.pharmacity.vn/product/prezel-75mg-hop-3-vix-10-vien
Viên nang NEUCOTIC 300MG trị động kinh, viêm dây thần kinh (3 vỉ x 10 viên);111000;GABAPENTIN 300mg;BIDIPHAR;Hộp;https://www.pharmacity.vn/product/neucotic-300mg-3vix10vien
Viên nén Metilone-4 Davipham kháng viêm, điều trị viêm thấp khớp, chống dị ứng (10 vỉ x 10 viên);74000;Methylprednisolon 20mg;Davipharm;Hộp;https://www.pharmacity.vn/product/metilone-4-davipham-hop-100-vien
Viên nén Negacef 250mg kháng sinh điều trị nhiễm khuẩn (2 vỉ x 5 viên);90700;CEFUROXIME AXETIL 250mg 250mg;Pymepharco;Hộp;https://www.pharmacity.vn/product/negacef-capl-fc-250mg-box-10-pymepharco
Datagalas 10mg (3vix10vien) PHAPHARCO;510000;Dapagliflozin 10mg 10mg;PHAPHARCO;Hộp;https://www.pharmacity.vn/product/datagalas-10mg-3vix10vien-phapharco
Bột pha uống Augxicine 250mg/31.25mg điều trị nhiễm khuẩn (hộp 10 gói);30000;AMOXICILLIN + CLAVULANIC ACID 250mg;Vidipha;Hộp;https://www.pharmacity.vn/product/augxicine-sac-pwd-250mg-3108g-10
Dung dịch uống Laferine điều trị chóng mặt, ù tai, trí nhớ kém, khó tập trung (20 ống x 20ml);1200000;Cao khô lá Bạch quả 20ml;Cho-A pharm;Hộp;https://www.pharmacity.vn/product/laferine-hop-20-ong-x-20ml
AZENMAROL TAB 1MG (Hop 100 vien);178000;ACENOCOUMAROL 1mg;AGIPHARM;Hộp;https://www.pharmacity.vn/product/azenmarol-tab-1mg-hop-100-vien
Dung dịch uống Nausazy 4mg/5ml trị tình trạng buồn nôn do hoá trị liệu hoặc xạ trị (4 vỉ x 5 ống);384900;ONDANSETRON 4mg 4mg;Công ty cổ phần Dược phẩm CPC1 Hà Nội;Hộp;https://www.pharmacity.vn/product/nausazy-vial-orl-4mg-4-vi-x-5-ongbox
HETOPARTAT 3G (Hộp 30 gói x 5G);750000;L-ornithine-L-aspartate 3G;Mediplantex;Hộp;https://www.pharmacity.vn/product/hetopartat-3g-hop-30-goi-x-5g
Nykob 5mg Genepharm SA điều trị tâm thần phân liệt (4 vỉ x 7 viên);150000;Olanzapine 5mg;Genepharm.SA;Hộp;https://www.pharmacity.vn/product/nykob-5mg-genepharm-sa-dieu-tri-tam-than-phan-liet-4-vi-x-7-vien
Viên nang Lyapi 100mg điều trị đau thần kinh và rối loạn lo âu (3 vỉ x 10 viên);306000;Pregabalin 100mg;Apimed;Hộp;https://www.pharmacity.vn/product/lyapi-100mg-hop-3-vi-x-10-vien
Seropin 100mg (6 vỉ x 10 viên);930000;Quetiapin (dưới dạng Quetiapin fumarat) 100mg;Genepharm.SA;Hộp;https://www.pharmacity.vn/product/seropin-100mg
GRINTEROL CAPS 250MG BOX 50;640000;Ursodeoxycholic acid 250mg;GRINDEKS;Hộp;https://www.pharmacity.vn/product/grinterol-caps-250mg-box-50
Cetrotide Inj (Hộp 7 kit);5860700;Cetrorelix (dưới dạng Cetrorelix acetate) 0,25mg;Merck Export GMBH;Hộp;https://www.pharmacity.vn/product/cetrotide-inj-hop-7-kit
Viên nén Stafloxin 200 Stella điều trị nhiễm khuẩn (Hộp 100 Viên);114500;Ofloxacin 200mg 200mg;STELLA;Hộp;https://www.pharmacity.vn/product/stafloxin-200-stellahop-100-vien
Capilusa caps 26mg (Hộp 30 viên);210000;Cao khô lá thường xuân 26mg;Mediplantex;Hộp;https://www.pharmacity.vn/product/capilusa-caps-26mg-box-30
Cetigam 200mg OPV (Hop 20 ong x 10ml);170000;Acid Ascorbic 200mg;OPV;Hộp;https://www.pharmacity.vn/product/cetigam-200mg-opv-hop-20-ong-x-10ml
Tenoboston 300mg Boston (Hộp 30 Viên);599000;Tenofovir disoproxil fumarat 300 mg 300mg;Boston;Hộp;https://www.pharmacity.vn/product/tenoboston-300mg-boston-hop-30-vien
Thuốc hỗ trợ cắt cơn cai nghiện ma túy Bông Sen 500ml Fataco (Loc 4 Chai x 500ml);800000;Nhân Sâm 15g  15g,  Đương quy 22.5g   22.5g,  Ô mai 30g   30g,  Sinh khương 7.5g   7.5g,  Mật ong 75g   75g,   Bạch truật 30g   30g,  Hải diêm 3.75g   3.75g,  Nhục thung dung 18.75g  18.75g;Fataco;Chai;https://www.pharmacity.vn/product/thuoc-ho-tro-cat-con-cai-nghien-ma-tuy-bong-sen-500ml-fataco-loc-4-chai-x-500ml
Lipofundin MCT/LCT 20% B.Braun 250ml (Hop 10 Chai);1900000;Medium-chain Triglycerides 10g 10g,  Soya-bean oil 10g 10g;B. Braun;Hộp;https://www.pharmacity.vn/product/lipofundin-mctlct-20-bbraun-250ml-hop-10-chai
Mireca 50mcg/0.3ml Roche (Hộp 1 Bơm);1731000;METHOXY POLYETHYLENE GLYCOL-EPOETIN BETA 50Mcg 50mcg;Roche;Hộp;https://www.pharmacity.vn/product/mireca-50mcg03ml-roche-hop-1-bom
Biosubtyl-II Biopharco 250mg (Hộp 100 Viên);170000;Bacillus subtilis 10.000.000 - 100.000.000 CFU/250mg 10.000.000 - 100.000.000 CFU/250mg;Biopharco;Hộp;https://www.pharmacity.vn/product/biosubtyl-ii-biopharco-250mg-hop-100-vien
Gintana 120 Mediplantex  (60 Viên);300000;Cao khô lá bạch quả (Extractum Folii Ginkgo siccus) 120mg (tương đương với 28, 8mg flavonoid toàn phần);Mediplantex;Hộp;https://www.pharmacity.vn/product/gintana-120-mediplantex-60-vien
Fluimucil 600mg (Hộp 5 Vỉ x 2 Viên);150000;Acetylcystein 600mg 600mg;Zambon;Hộp;https://www.pharmacity.vn/product/fluimucil-600mg-hop-5-vi-x-2-vien
Hồng Linh Cốt Cobra 20g Quapharco (Hộp 1 Lọ);46400;Menthol 1,6g  1,6 ,  Tinh dầu bạc hà 2,18g   2,18g ,  Long não (Camphora) 3,18g, Methyl salicylat 4g   3,18g ,  Tinh dầu Thiên niên kiện 0,01g ;QUAPHARCO;Lọ;https://www.pharmacity.vn/product/hong-linh-cot-cobra-20g-quapharco-hop-1-lo
Siro Immucel (Hộp 1 Chai 120ml);230000;"Trong mỗi 10ml có :
Betaglucan: 100mg
Vitamin C (acid ascorbic): 90mg.
Chiết xuất quả Việt quất khô (Vaccinium myrtillus): 
50mg.
Kẽm (kẽm gluconate): 5mg0 Trong mỗi 10ml có :
Betaglucan: 100mg
Vitamin C (acid ascorbic): 90mg.
Chiết xuất quả Việt quất khô";VALUEMED PHARMA;Chai;https://www.pharmacity.vn/product/siro-immucel-hop-1-chai-120ml
Ventinos 64mcg DHG (C/10ml);72000;Budesonide 64mcg;DHG Pharma;Chai;https://www.pharmacity.vn/product/ventinos-64mcg-dhg-c10ml
Siro Bảo Thanh Trẻ Em 100ml;63000;Cho 100ml,  Hoàng bá nam 9,36gl,  Tỳ bà diệp  12g,  Trần bì  2,34g,  Tinh dầu húng chanh 0,165g, Viễn chí 2,34g, Ngũ vị tử 1,17g, Tang bạch thì 2,34g,Cam thảo  2,34g, Thạch cao.  1,17g, Mật ong 20g, Ô mai 12g, Gừng tươi 2,34g, Đường, sorbitol, nước và các thành phần khác vừa đủ 100ml;Bao Thanh;Chai;https://www.pharmacity.vn/product/siro-bao-thanh-tre-em-100ml
Ketotifen  1 mg Helcor (Hộp 2 vỉ x 10 viên);108400;Ketotifen (dưới dạng Ketotifen hydrogen fumarat): 1mg Ketotifen (dưới dạng Ketotifen hydrogen fumarat): 1mg;Helcor;Hộp;https://www.pharmacity.vn/product/ketotifen-1mg-helcor-hop-2-vi-10-vien
Fycompa 8mg Eisai (Hộp 2 vỉ x 14 viên);1650000;Perampanel 8mg Perampanel 8mg;Eisai Ltd;Hộp;https://www.pharmacity.vn/product/fycompa-8mg-eisai-hop-2-vi-14-vien
Viên nén bao phim Telfast HD 180mg điều trị viêm mũi dị ứng, mày đay (1 vỉ x 10 viên);88000;Fexofenadin 180mg;Sanofi CHC Local;Hộp;https://www.pharmacity.vn/product/thuoc-dieu-tri-viem-mui-di-ung-va-me-day-vo-can-man-tinh-telfast-hd-180mg-1-vi-x-10-vien-hop
Viên nén bao phim Telfast BD 60mg điều trị triệu chứng dị ứng, mày đay (1 vỉ x 10 viên);38000;Fexofenadin 60mg;Sanofi CHC Local;Hộp;https://www.pharmacity.vn/product/thuoc-dieu-tri-viem-mui-di-ung-va-may-day-vo-can-man-tinh-telfast-bd-60mg-1-vi-x-10-vien-hop
Viên nén Acyclovir Stella 800mg trị nhiễm virus thủy đậu và zona, herpes simplex (7 vỉ x 5 viên);136500;Acyclovir 800mg;STELLA;Hộp;https://www.pharmacity.vn/product/thuoc-dieu-tri-ngan-ngua-tai-phat-virut-herpes-simplex-benh-zona-thuy-dau-acyclovir-stada-800mg-7-vi-x-5-vien-hop
Viên nén Alphachymotrypsin Mebiphar trị viêm và phù nề do áp xe, loét, chấn thương (20 vỉ x 10 viên);98000;Alphachymotrypsin 4200UI;Alphachymotrypsin;Hộp;https://www.pharmacity.vn/product/thuoc-dieu-tri-viem-va-phu-ne-do-ap-xe-chan-thuong-sau-mo-alphachymotrypsin-20-vi-x-10-vienhop
Gentridecme (Tuýp 10g);15423;Betamethasone 0.64mg, Clotrimazole 10mg, Gentamicin 1mg;Phil Inter Pharma;Hộp;https://www.pharmacity.vn/product/oos-by-ncc-gentridecme-10g
Cốm pha uống Ery 250mg điều trị nhiễm khuẩn đường hô hấp (hộp 24 gói);131990;Erythromycin 250mg;Bouchara;Hộp;https://www.pharmacity.vn/product/thuoc-dieu-tri-viem-hong-viem-phe-quan-cho-tre-em-ery-children-250mg
Siro thuốc Ameflu Ban Đêm trị các triệu chứng ho cảm thông thường (chai 60ml);22000;Acetaminophen (paracetamol) 500mg, Phenylephrin 10mg, Dextromethorphan 15mg, Chlorpheniramin 4mg;OPV;Chai;https://www.pharmacity.vn/product/new-ameflu-night-time-hop-1-chai-60ml
Thuốc bột Probio giúp cân bằng hệ vi sinh đường ruột (14 gói x 1g);21000;Lactobaccillus 1g;Imexpharm;Hộp;https://www.pharmacity.vn/product/pms-probio-hop14goi
Viên nén Mucosolvan 30mg giảm ho, tiêu nhầy (2 vỉ x10 viên);52000;Ambroxol 30mg/5ml;Sanofi CHC Local;Hộp;https://www.pharmacity.vn/product/thuoc-lam-giam-dich-dom-o-benh-phe-quan-phoi-cap-va-man-tinh-mucosolvan-30mg-2-vi-x-10-vienhop
Viên nén Zestril 5mg điều trị tăng huyết áp, suy tim (2 vỉ x 14 viên);127000;Lisinopril 5mg;Zestril;Hộp;https://www.pharmacity.vn/product/thuoc-dieu-tri-tang-huyet-ap-zestril-5mg
Viên nén Micardis Plus Tab 40mg/12,5mg điều trị tăng huyết áp (3 vỉ x 10 viên);309500;Telmisartan 40mg, Hydrochlorothiazid 12.5mg;Boehringer Ingelheim;Hộp;https://www.pharmacity.vn/product/micardis-plus-hop-3-vi-x-10-vien
Viên nén Glucofine 850mg Domesco điều trị đái tháo đường type 2 (4 vỉ x 5 viên);27000;Metformin 850mg;Domesco;Hộp;https://www.pharmacity.vn/product/glucofine-850mg-dmc-4vi-x-5vien
Dexamethason 4mg/ml (Hộp 1 vỉ x 10 ống x 1ml);12000;Dexamethasone 4mg/1ml;Vinphaco;Hộp;https://www.pharmacity.vn/product/dexamethason-kabi-4mg-vinphaco-10onghop
Olanstad 10mg (3 vỉ x 10 viên/hộp);50000;Olanzapin 10mg;STELLA;Hộp;https://www.pharmacity.vn/product/thuoc-dieu-tri-chung-tam-than-phan-liet-chung-hung-cam-olanstad-10mg-3-vi-x-10-vienhop
Rabicad 20mg (Hộp 1 vỉ x 10 viên);99000;Rabeprazole 20mg;Cadila Healthcare- India;Hộp;https://www.pharmacity.vn/product/rabicad-20mg-10vi-x-10-vien
Viên nén Glucofine 500mg Domesco điều trị đái tháo đường type 2 (5 vỉ x 10 viên);43500;Metformin 500mg;Domesco;Hộp;https://www.pharmacity.vn/product/glucofine-500mg-hop-5-vi-x-10-vien
Viên nén Furosemide 40mg Mekophar trị tăng huyết áp, phù, tăng calci huyết (10 vỉ x 30 viên);45000;Furosemide 40mg;Mekophar;Hộp;https://www.pharmacity.vn/product/furosemideh10vi30vien-mekophar
Viên nén bao phim Spirastad 1.5 M.I.U điều trị nhiễm khuẩn (3 vỉ x 10 viên);92000;Spiramycin 1.500.000 IU;STELLA;Hộp;https://www.pharmacity.vn/product/thuoc-dieu-tri-nhiem-trung-phe-quan-phoi-nhiem-trung-da-spirastad-15-miu
Viên hoàn cứng Didicera điều trị đau thần kinh tọa đau vai gáy (hộp 10 gói);50000;Độc hoạt 0.6g, Tang ký sinh 0.4g, Phòng phong 0.4g, Tần giao 0.4g, Tế tân 0.4g,  Quế chi 0.4g, Ngưu tất 0.4g,  Đỗ trọng 0.4g, Đương qui 0.4g, Bạch thược 0.4g, Cam thảo 0.4g,  Xuyên khung 0.4g;Traphaco;Hộp;https://www.pharmacity.vn/product/didicera-hop-10-goi
Newlevo 0.03mg (1 vỉ x 28 viên);8000;Levonorgestrel 0.03mg;Ba Dinh Pharma;Hộp;https://www.pharmacity.vn/product/newlevo
Viên nén Zinnat tablets 125mg kháng sinh điều trị nhiễm khuẩn (1 vỉ x 10 viên);67000;Cefuroxim 125mg;GSK ETC;Hộp;https://www.pharmacity.vn/product/thuoc-dieu-tri-nhung-chung-benh-lien-quan-den-nhiem-khuan-zinnat-tablets-125mg-10-vienhop
Thuốc nhỏ mắt Systan giảm tạm thời chứng rát, kích ứng do khô mắt (chai 15ml);95800;Polymethylene glycol 400 0.4%v/v, Propylene glycol 0.3%v/v;Systane;Hộp;https://www.pharmacity.vn/product/thuoc-nho-mat-lam-giam-cac-trieu-chung-kho-mat-systane-15ml
Viên nén Pariet 10mg điều trị loét dạ dày, tá tràng (1 vỉ x 14 viên);295000;Rabeprazol 10mg;Eisai Ltd;Hộp;https://www.pharmacity.vn/product/thuoc-dieu-tri-loat-da-day-ta-trang-pariet-10mg
Viên nén bao phim Futaton 30mg điều trị trầm cảm trung bình đến nặng (10 vỉ x 10 viên);1110000;Mirtazapine 30mg;Other;Hộp;https://www.pharmacity.vn/product/futaton-10vi-x-10-vien
Viên giải phóng có kiểm soát Ceclor 375 mg kháng sinh điều trị nhiễm khuẩn (1 vỉ x 10 viên);200000;Cefaclor 375mg;Menarini;Hộp;https://www.pharmacity.vn/product/thuoc-dieu-tri-viem-phe-quan-viem-hong-ceclor-375mg
Cetirizin 10mg - VIDIPHA (10 vỉ x 10 viên);24000;Cetirizine diHCL 10mg;Vidipha;Hộp;https://www.pharmacity.vn/product/cetirizin-10mg-vidipha-10vi-x-10vien
Thuốc dùng ngoài Silvirin 20g phòng và điều trị nhiễm khuẩn do bỏng độ 2 và 3 (tuýp 20g);20000;Sulfadiazine Bạc 1%/20g;Satyam;Tuýp;https://www.pharmacity.vn/product/kem-boi-phong-ngua-va-dieu-tri-nhiem-khuan-silvirin-20g
Thuốc dùng ngoài Mibeviru 5% điều trị các trường hợp nhiễm virus herpes simplex trên da (tuýp 5g);14000;Acyclovir 5% 0.05;Hasan- Demarpharm;Tuýp;https://www.pharmacity.vn/product/thuoc-dieu-tri-nhiem-herpes-simplex-mibeviru-tuyp-5g
Gel bôi da Curiosin hỗ trợ điều trị vết thương, làm lành vết loét điểm tỳ (tuýp 15g);172000;Hyaluronate Kem 15g 15g;Postinor;Tuýp;https://www.pharmacity.vn/product/curiosin-15g-gel
Viên nén Cetirizin EG 10mg điều trị triệu chứng viêm mũi dị ứng, mày đay (10 vỉ x 10 viên);100000;Cetirizin 10mg;Pymepharco;Hộp;https://www.pharmacity.vn/product/thuoc-khang-di-ung-pyme-cz10-10-vi-x-10-vienhop
Viên nén Dantuoxin trị các triệu chứng ho cảm thông thường (10 vỉ x 10 viên);88000;Paracetamol 500mg, Loratidin 5mg, Dextromethorphan 15mg;Danapha;Hộp;https://www.pharmacity.vn/product/dantuoxin-10-vi-x-10-vienhop
Deginal (Hộp 1 vỉ x 10 viên);33000;Dexamethason 0.5mg, Chloramphenicol 80mg, Metronidazol 200mg 200mg, Nystatin 100.000 UI 100IU;Mediplantex;Hộp;https://www.pharmacity.vn/product/deginal-1-vi-x-10-vienhop
Viên nén Doroclor 500mg kháng sinh điều trị nhiễm khuẩn (2 vỉ x 10 viên);132900;Cefaclor 500mg;Domesco;Hộp;https://www.pharmacity.vn/product/doroclor-500mg-2-vi-x-10-vienhop
Viên nén Sulpirid 50mg Danapha trị lo âu ở người lớn và rối loạn hành vi ở trẻ em (2 vỉ x 15 viên);10300;Sulpirid 50mg;Danapha;Hộp;https://www.pharmacity.vn/product/sulpirid-50mg-2-vi-x-15-vienhop
Viên nén Clabact 250mg điều trị nhiễm khuẩn đường hô hấp (2 vỉ x 10 viên);49000;Clarithromycin 250mg;DHG Pharma;Hộp;https://www.pharmacity.vn/product/clabact-250-hop-2-vi-x-10-vien
Viên nén Danapha Trihex 2mg điều trị hỗ trợ hội chứng Parkinson (5 vỉ x 20 viên);33500;Trihexyphenidyl HCl 2mg;Danapha;Hộp;https://www.pharmacity.vn/product/thuoc-dieu-tri-hoi-chung-parkinson-danapha-trihex-2mg-5-vi-x-20-vien-hop
Viên nén bao phim Hasanbest 2.5mg /500 mg điều trị bệnh đái tháo đường type 2 (2 vỉ x 15 viên);41000;Metformin 500mg 500mg,  Glibenclamid 2.5mg 2.5mg;Hasan- Demarpharm;Hộp;https://www.pharmacity.vn/product/hasanbest-25-500-mg3-vi-x-10-vien
Viên nén Agimlisin 10mg điều trị tăng huyết áp, suy tim (3 vỉ x 10 viên);72000;Lisinopril 10mg;AGIPHARM;Hộp;https://www.pharmacity.vn/product/agimlisin-10mg-3-vi-x-10-vienhop
Viên nén Imidagi 5mg điều trị tăng huyết áp (3 vỉ x 10 viên);87000;Imidapril 5mg;AGIPHARM;Hộp;https://www.pharmacity.vn/product/imidagi-5mg-3-vi-x-10-vienhop
Viên nén Sunsizopin 25mg điều trị chứng tâm thần phân liệt (5 vỉ x 10 viên);120000;Clozapine 25mg;Sun Pharma;Hộp;https://www.pharmacity.vn/product/sunsizopin-25mg-5-vi-x-10-vien
Agicarvir 0.5mg (3 vỉ x 10 viên/hộp);650000;Entecavir 0.5mg;AGIPHARM;Hộp;https://www.pharmacity.vn/product/agicarvir-05mg-3-vi-x-10-vienhop
Viên nang Mecefix BE 150mg kháng sinh điều trị nhiễm khuẩn (2 vỉ x 10 viên);150000;Cefixim 150mg;Merap Group;Hộp;https://www.pharmacity.vn/product/mecefix-be-150mg-2-vi-x-10-vienhop
Gói bột Mutecium-M điều trị triệu chứng buồn nôn, nôn, khó tiêu (hộp 30 gói);41000;Domperidon 2.5mg, Simethicon 50mg;Mekophar;Hộp;https://www.pharmacity.vn/product/thuoc-dieu-tri-chung-buon-non-non-mutecium-m-30-goi-x-1g-hop
Viên nén bao phim Flexidron 60mg điều trị viêm xương khớp, viêm khớp dạng thấp (3 vỉ x 10 viên);200000;Etoricoxib 60mg;GLOMED-ABBOTT;Hộp;https://www.pharmacity.vn/product/flexidron-60-glomed-3vi-x-10vien
Viên nén Tatanol Forte 650mg giảm đau từ nhẹ đến vừa và hạ sốt (30 vỉ x 5 viên);99000;Paracetamol 650mg;Tatanol;Hộp;https://www.pharmacity.vn/product/thuoc-giam-dau-va-ha-sot-tatanol-forte-30-vi-x-5-vien-nen-hop
Fynkhepar 200mg (Hộp 10 vỉ x 10 viên);470000;Silymarin 200mg;FYNK;Hộp;https://www.pharmacity.vn/product/fynkhepar-200mg-10vi-x-10vien
Viên nén Mibetel 40mg điều trị tăng huyết áp (3 vỉ x 10 viên);84000;Telmisartan 40mg;Hasan- Demarpharm;Hộp;https://www.pharmacity.vn/product/mibetel-40mg-3-vi-x-10-vien
Viên nén PYCALIS 20MG điều trị rối loạn cương dương (1 vỉ x 1 viên);30000;Tadalafil 20mg;Pymepharco;Hộp;https://www.pharmacity.vn/product/thuoc-dieu-tri-benh-roi-loan-cuong-duong-pycalis-20mg
Viên nang Mekocefaclor 250mg kháng sinh điều trị nhiễm khuẩn (1 vỉ x 12 viên);30845;Cefaclor 250mg;Mekophar;Hộp;https://www.pharmacity.vn/product/thuoc-dieu-tri-nhiem-khuan-duong-ho-hap-mekocefaclor-250mg
Dung dịch tiêm Novorapid Flexpen 100U/ml insulin trị đái tháo đường (hộp 5 bút);1300000;Insulin Aspart biphasis 100IU/ml;Novo Nordisk A/S;Hộp;https://www.pharmacity.vn/product/novorapid-flexpen-100uml-x-3ml-h5but-r-inj
Viên nén Topamax 50mg điều trị động kinh, dự phòng đau đầu migraine (6 vỉ x 10 viên);611000;Topiramat 50mg;Janssen;Hộp;https://www.pharmacity.vn/product/topamax-50mg-6vi-x-10vien
Viên nén Levothyrox 100mg điều trị bướu giáp đơn thuần lành tính (2 vỉ x 15 viên);61000;Levothyroxin 100mcg;Merck Export GMBH;Hộp;https://www.pharmacity.vn/product/levothyrox-100mcg-hop-3-vi-x-10-vien
Viên nén bao phim Kimraso điều trị sỏi thận, sỏi mật, viêm bể thận, viêm túi mật (chai 60 viên);43900;Cao đặc Kim tiền thảo 142,8 mg, Cao đặc Râu mèo 46.6mg;Foripharm (TW3);Chai;https://www.pharmacity.vn/product/kimraso-c60vien
Viên nang EULEXCIN 500mg điều trị nhiễm khuẩn (chai 200 viên);171000;Cephalexin 500mg;Euvipharm;Hộp;https://www.pharmacity.vn/product/thuoc-dieu-tri-nhiem-khuan-duong-ho-hap-nhiem-khuan-tai-mui-hong-nhiem-trung-duong-tieu-eulexcin-500mg-hop-10-vi-x-10-vien
Thuốc điều trị bổ trợ động kinh cục bộ Davyca (2Vỉ x 14Viên);95200;Pregabalin 75mg;Other;Hộp;https://www.pharmacity.vn/product/thuoc-dieu-tri-bo-tro-dong-kinh-cuc-bo-davyca-2vi-x-14vien
Cotrim 480mg (Hộp 10 vỉ x 10 viên);89000;Sulfamethoxazole 400mg, Trimethoprim 80mg;Imexpharm;Hộp;https://www.pharmacity.vn/product/cotrim-480mg-10vi-x10vien
Viên nén Dibulaxan chỉ định giảm đau nhẹ, hạ sốt (5 vỉ x 20 viên);10600;Paracetamol 325mg, Ibuprofen 200mg;Danapha;Vỉ;https://www.pharmacity.vn/product/thuoc-giam-dau-khang-viem-dibulaxan-5-vi-x-20-vien-hop
Viên nén Pycip 500mg điều trị và dự phòng nhiễm khuẩn (3 vỉ x 10 viên);94000;Ciprofloxacin 500mg;Pymepharco;Hộp;https://www.pharmacity.vn/product/pycip-500-3-vi-x-10-vienhop
Viên nén Vitamin B1-B6-B12 MEkophar điều trị rối loạn do thiếu vitamin B1, B6, B12 (10 vỉ x 10 viên);70000;Vitamin B1 125mg, Vitamin B6 125mg, Vitamin B12 125mcg;Mekophar;Hộp;https://www.pharmacity.vn/product/vitamin-mekophar-b1-b6-b12-hop-10-vi-x-10-vien
Viên nén bao phim Tocimat 180mg điều trị viêm mũi dị ứng, mày đay (5 vỉ x 10 viên);146500;Fexofenadin 180mg;BIDIPHAR;Hộp;https://www.pharmacity.vn/product/thuoc-dieu-tri-noi-me-day-tu-phat-man-tinh-tocimat-180mg-5-vi-x-10-vienhop
Viên nang Cephalexin 500mg Pymepharco điều trị nhiễm khuẩn (10 vỉ x 10 viên);169000;Cephalexin 500mg;Pymepharco;Hộp;https://www.pharmacity.vn/product/thuoc-khang-sinh-cephalexin-pmp-500mg-10-vi-x-10-vien
Cao lỏng Bổ Tỳ Dương Cốt Thái Dương hỗ trợ kích thích tiêu hóa (chai 100ml);55700;Bạch truật, Ỹ dĩ, Cam thảo, Mạch nha, Liên nhục, Sơn tra, Đảng sâm;Sao Thai Duong;Chai;https://www.pharmacity.vn/product/cao-long-bo-ty-duong-cot-thai-duong-100ml
Hỗn dịch uống Tritenols Fort điều trị viêm loét dạ dày tá tràng (30 gói x 10ml);4400;Aluminium hydroxid,  Magnesi hydroxid,  Simethicon;Medisun;Gói;https://www.pharmacity.vn/product/tritenols-fort-10ml-hop-30goi
Viên nén bao đường Kim tiền thảo Mekophar điều trị sỏi thận, sỏi đường tiết niệu (hộp 100 viên);53000;Cao khô kim tiền thảo 120mg;Mekophar;Hộp;https://www.pharmacity.vn/product/kim-tien-thao-120mg-100vien-mekophar
Viên nén Dopropy 1200mg trị chóng mặt, suy giảm trí nhớ, chóng mặt, kém tập trung (10 vỉ x 10 viên);240000;Piracetam 1200mg;Dong Nam;Hộp;https://www.pharmacity.vn/product/dopropy-hop-10-vi-x-10-vien
Tetracyclin 500 mg (10 vỉ  x 10 viên);79000;Tetracyclin hydroclorid 500mg;Armepharco;Hộp;https://www.pharmacity.vn/product/thuoc-giam-dau-ha-sot-tetracyclin-500-mg-10-vi-x-10-vien
Siro Bổ Tỳ P/H (Chai 100ml);39000;Đảng sâm 15g, Bạch linh 10g, Bạch truật 15g, Cát cảnh 12g, Mạch nha 10g, Cam thảo 6g, Long nhãn 6g, Trần bì 4g, Liên nhục  4g, Sa nhân 4g, Sử quân tử 4g;Dong Duoc Phuc Hung;Chai;https://www.pharmacity.vn/product/siro-bo-ty-ph-chai-100ml
Viên nang Mezagastro trị viêm loét dạ dày, trào ngược dạ dày thực quản (3 vỉ x 10 viên);99000;Nizatidin 150mg;Ha Tay;Hộp;https://www.pharmacity.vn/product/mezagastro-hop-3-vi-x-10-vien
Viên nén Savi Trimetazidine 20mg điều trị đau thắt ngực ổn định (10 vỉ x 10 viên);66744;Trimetazidin Dihydrochlorid 20mg;Savi;Hộp;https://www.pharmacity.vn/product/thuoc-dieu-tri-dau-that-nguc-on-dinh-savi-trimetazidine-20mg-10-vi-x-10-vienhop
Hỗn dịch uống Chalme điều trị viêm loét dạ dày (hộp 20 gói);3050;Nhôm hydroxyd gel khô 611,76mg,  Magnesi hydroxyd  800,4mg;Davipharm;Gói;https://www.pharmacity.vn/product/chalme-15g-20goi
SOSMectin-3 Ampharco (1 vỉ x 4 viên);180000;Ivermectin 3mg;Ampharco U.S.A;Hộp;https://www.pharmacity.vn/product/thuoc-dieu-tri-giunky-sinh-trung-sosmectin-3-ampharco-4-vien-x-1-vihop
Viên nén Decolic-f 200mg trị đau do rối loạn chức năng đường tiêu hoá và đường mật (10 vỉ x 10 viên);340000;Trimebutine maleat 200mg;Duoc pham 3/2;Hộp;https://www.pharmacity.vn/product/thuoc-dieu-tri-roi-loan-chuc-nang-duong-tieu-hoa-va-ong-mat-duong-ruot-decolic-f-200mg-10-vi-x-10-vienhop
Viên nang Fitogra-F Fitopharma bổ thận, tráng dương (2 vỉ x 10 viên);168000;Hải mã 330mg, Lộc nhung 330mg, Nhân sâm 270mg, Quế 80mg, Nhân sâm 60mg, Quế 20mg;FitoPharma;Hộp;https://www.pharmacity.vn/product/thuoc-bo-than-sinh-tinh-tri-sinh-duc-suy-nhuoc-fitogra-f-2-vi-x-10-vien-hop
Viên nén Valsacard Polfarmex 160mg điều trị tăng huyết áp, suy tim (4 vỉ x 7 viên);376000;Valsartan 160mg;Polfarmex S.A;Hộp;https://www.pharmacity.vn/product/valsacard-4-vi-x-7-vienhop
Viên nén bao phim Ravenell 62.5 Davipharm điều trị tăng áp lực động mạch phổi (4 vỉ x 14 viên);2408000;Bosentan 62,5mg;Davipharm;Hộp;https://www.pharmacity.vn/product/ravenell-625-4-vi-x-14-vienhop
Viên nén bao đường Dorocodon Domesco trị ho khan do kích thích (2 vỉ x 10 viên);82000;Sulfoguaiacol 100mg, Codein Camphosulfonat 25mg, Cao mềm Grindelia 20mg;Domesco;Hộp;https://www.pharmacity.vn/product/dorocodon-hop-2-vi-x-10-vien
Atizet plus (3 vỉ x 10 viên/hộp);58000;Ezetimib 20mg, Simvastatin 10mg;An Thien;Hộp;https://www.pharmacity.vn/product/atizet-plus-3-vi-x-10-vienhop
Viên nén Tadimax Danapha điều trị phì đại lành tính tuyến tiền liệt và u xơ tử cung (chai 42 viên);140000;Cao kho trinh nu hoang cung 80mg, Cao kho hon hop 320mg, nhuc que 8.3mg;Danapha;Chai;https://www.pharmacity.vn/product/tadimax-hop-1-lo-42-vien
Cao lỏng Phong tê thấp Fito trị phong thấp đau nhức đau lưng nhức mỏi các khớp xương (chai 200ml);65000;Hà thủ ô đỏ, Thổ phục linh, Thương nhĩ tử, Hy thiêm, Thiên niên kiện, Đương quy, Huyết giác 200ml;FitoPharma;Chai;https://www.pharmacity.vn/product/phong-te-thap-fito-200mlchai
Moxieye (Hộp 1 chai);25000;Moxifloxacin 5mg;Công ty cổ phần Dược phẩm CPC1 Hà Nội;Chai;https://www.pharmacity.vn/product/moxieye-chai-2ml
Viên giải phóng có kiểm soát Janumet XR 50mg/1000mg điều trị đái tháo đường type 2 (chai 14 viên);180000;Metfomin 1000mg, Stitagliptin 50mg;Merck Sharp & Dohme;Lọ;https://www.pharmacity.vn/product/janumet-xr-50mg1000mg-lo-14-vien
Viên nén Paracetamol 500mg Mediplantex hạ sốt, giảm đau (5 vỉ x 10 viên);6500;Paracetamol 500mg;Mediplantex;Vỉ;https://www.pharmacity.vn/product/thuoc-ha-sot-giam-dau-paracetamol-500mg-5-vi-x-10-vien-hop
Viên hoàn cứng Hoàn Điều Kinh Bổ Huyết điều kinh, bổ huyết (10 túi x 5g);35000;;Traphaco;Hộp;https://www.pharmacity.vn/product/hoan-dieu-kinh-bo-huyet-hop-10-tui-x-5g
Viên nén Meko INH 150mg dự phòng lao (chai 100 viên);27000;Isoniazid 150mg;Mekophar;Hộp;https://www.pharmacity.vn/product/meko-inh-150mg-hop-100-vien
Viên nang Agicetam 400mg Agimexpharm điều trị chóng mặt, suy giảm trí nhớ (10 vỉ x10 viên);50000;Piracetam 400mg;AGIPHARM;Hộp;https://www.pharmacity.vn/product/agicetam-400mg-10-vi-x-10-vienhop
Viên nang cứng Agilecox 200mg giảm đau và giảm viêm xương khớp, thoái hoá khớp (2 vỉ x10 viên);26000;Celecoxib 200mg;AGIPHARM;Hộp;https://www.pharmacity.vn/product/agilecox-200mg-2-vi-x-10-vienhop
Viên nén Bastinfast 20mg trị viêm mũi dị ứng, mày đay, ngứa (10 vỉ x10 viên);849500;Ebastin 20mg;AGIPHARM;Hộp;https://www.pharmacity.vn/product/bastinfast-20mg-hop-10-vi-x-10-vien
Viên nén Hypravas 20mg điều trị rối loạn lipid máu (6 vỉ x 10 viên);168000;Pravastatin natri 20mg;Medisun;Hộp;https://www.pharmacity.vn/product/hypravas-20mg-6-vi-x-10-vienhop
Viên nang Hidrasec 100mg điều trị triệu chứng tiêu chảy cấp ở người lớn (2 vỉ x 10 viên);308000;Racecadotril 100mg;Abbott;Hộp;https://www.pharmacity.vn/product/hidrasec-100mg-2-vi-x-10-vienhop
Dropstar (Hộp 1 ống 5ml);52000;Levofloxacin hemihydrat 0.5%/5ml;Công ty cổ phần Dược phẩm CPC1 Hà Nội;Hộp;https://www.pharmacity.vn/product/dropstar-hop-1-ong-5ml
Viên sủi bọt C 1000 Boston ngăn ngừa và điều trị thiếu vitamin C (tuýp 10 viên);17500;VitaminC 1000mg;Boston;Tuýp;https://www.pharmacity.vn/product/c-1000-boston-10vientuyp
Viên nang cứng Sulpiride 50 Imexpharm điều trị tâm thần phân liệt (10 vỉ x 10 viên);65000;Sulpirid 50mg;Imexpharm;Hộp;https://www.pharmacity.vn/product/sulpiride-50mg-hop-10-vi-x-10-vien
Viên nang Caviar 40mg Mediplantex trị viêm loét dạ dày tá tràng (3 vỉ x 10 viên);330000;Esomeprazol (dưới dạng Esomeprazol magnesium dihydrate (vi hạt bao tan trong ruột) 40mg;Mediplantex;Hộp;https://www.pharmacity.vn/product/caviar-40-mediplantex-3vi-x-10vien
Viên nén Ceftopix 100mg điều trị nhiễm khuẩn (2 vỉ x 10 viên);133900;Cefpodoxim 100mg;Cadila Healthcare- India;Hộp;https://www.pharmacity.vn/product/thuoc-khang-sinh-ceftopix-100mg-2-vi-x-10-vien
Stadmazol 100 (Hộp 1 vỉ x 6 viên);18000;Clotrimazol 100mg;STELLA;Hộp;https://www.pharmacity.vn/product/stadmazol-100mg-1vi-x-6vien
Viên nén Soli-medon 16mg kháng viêm, điều trị viêm thấp khớp, chống dị ứng (3 vỉ x 10 viên);66000;Methyl prednisolon 16mg;BIDIPHAR;Hộp;https://www.pharmacity.vn/product/thuoc-co-xuong-khop-soli-medon-16mg-3-vi-x-10-vien
Viên nén Eftilora 10mg trị viêm mũi dị ứng, mày đay, ngứa (10 vỉ x 10 viên);16500;Loratadin 10mg;Duoc pham 3/2;Vỉ;https://www.pharmacity.vn/product/thuoc-dieu-tri-viem-mui-di-ung-di-ung-ngoai-da-eftilora-10mg-10-vi-x-10-vienhop
Viên nang 3B Medi điều trị rối loạn do thiếu vitamin B1, B6, B12 (10 vỉ x 10 viên);162800;Vitamin B1,  Vitamin B6,  Vitamin B12;Medisun;Hộp;https://www.pharmacity.vn/product/thuoc-dieu-tri-cac-chung-dau-nhuc-3b-medi-10-vi-x-10-vienhop
Viên nén Goncal 1,47g/0,15g trị thiếu canxi, loãng xương, còi xương và nhuyễn xương (6 vỉ x 10 viên);134000;Calci gluconolactat,  Calci carbonat 0,15g;Davipharm;Hộp;https://www.pharmacity.vn/product/goncal-147g015g-6vi-x-10vien
Viên nang Cefaclor Stada 500mg kháng sinh điều trị nhiễm khuẩn (2 vỉ x 8 viên);247200;Cefaclor 500mg;STADA;Hộp;https://www.pharmacity.vn/product/cefaclor-stada-500mg-2-vi-x-10-vienhop
Gel vệ sinh phụ nữ Mydugyno 120ml kháng khuẩn, kháng nấm, kháng virus (chai 120ml);102000;Mangiferin 120ml;Nature Vietnam;Chai;https://www.pharmacity.vn/product/gel-ve-sinh-phu-nu-mydugyno-120ml
Thuốc điều trị loãng xương ở phụ nữ sau thời kỳ mãn kinh và ở nam giới Troyfos 70mg (1 vỉ x 4 viên/hộp);37900;Alendronate 70mg;Troikka;Hộp;https://www.pharmacity.vn/product/thuoc-dieu-tri-loang-xuong-o-phu-nu-sau-thoi-ky-man-kinh-va-o-nam-gioi-troyfos-70mg-1-vi-x-4-vienhop
Viên nén Đại Tràng HD trị viêm đại tràng cấp và mạn tính (5 vỉ x 12 viên);50000;Kha tử, Mộc hương, Hoàng liên, Cam thảo, Bạch truật, Bạch thược, ;Duoc VTYT Hai Duong;Hộp;https://www.pharmacity.vn/product/thuoc-tieu-hoa-dai-trang-hd-5-vi-x-12-vien
Viên nang Newstomaz 60mg/300mg trị đầy hơi, chướng bụng, chống co thắt tiêu hóa (3 vỉ x 10 viên);37990;Alverin (citrat) 60mg, Simethicon 300mg;Medisun;Hộp;https://www.pharmacity.vn/product/newstomaz-60mg300mg-3vi-x-10vien
Viên nén bao phim Meyerfast 180mg điều trị viêm mũi dị ứng, mày đay (10 vỉ x 10 viên);12300;Fexofenadin Hydroclorid 180mg;Meyer-BPC;Vỉ;https://www.pharmacity.vn/product/thuoc-chong-di-ung-meyerfast-180mg-10-vien-x-10-vihop
Viên nén Meyerlukast 10mg dự phòng và điều trị hen phế quản mạn tính (10 vỉ x 10 viên);198000;Montelukast 10mg;Meyer-BPC;Hộp;https://www.pharmacity.vn/product/thuoc-dieu-tri-hen-phe-quan-man-tinh-meyerlukast-10mg-10-vien-x-10-vihop
Viên nén Novofungin 400mg Stada điều trị nhiễm khuẩn (2 vỉ x 7 viên);7700;Metronidazole 400mg;STELLA;Hộp;https://www.pharmacity.vn/product/thuoc-dieu-tri-nhiem-khuan-novofungin-400mg-stada-7-vien-x-2-vihop
Viên nén Aldan Tablets 5mg Polfamex S.A điều trị tăng huyết áp, đau thắt ngực (3 vỉ x 10 viên);30000;Amlodipin 5mg;Polfamex S.A;Hộp;https://www.pharmacity.vn/product/aldan-tablets-5mg-hop-3-vi-x-10-vien
Viên nang Mecosol 40mg Mediplantex trị viêm loét dạ dày tá tràng (1 vỉ x 10 viên);55000;Esomeprazol  40mg;Mediplantex;Hộp;https://www.pharmacity.vn/product/thuoc-dieu-tri-trao-nguoc-da-dayviem-thuc-quan-mecosol-40mg-mediplantex-10-vien-x-1-vihop
Viên nang cứng Agdicerin 50mg điều trị triệu chứng thoái hoá khớp (3 vỉ x 10 viên);104000;Diacerein 50mg;Agimexpharm;Hộp;https://www.pharmacity.vn/product/thuoc-dieu-tri-trieu-chung-thoai-hoa-khop-hong-hoac-goi-agdicerin-50mg-3-vi-x-10-vienhop
Thuốc mỡ tra mắt Acyclovir 3% QUAPHARCO điều trị viêm giác mạc do virus Herpes simplex (tuýp 5g);40000;Aciclovir 0;Công ty cổ phần Dược phẩm Quảng Bình;Tuýp;https://www.pharmacity.vn/product/acyclovir-3-quang-binh-tuyp
Bidizem 60mg (Hộp 3 vỉ x 10 viên);29000;Diltiazem 60mg;DP Trung uong CPC1;Hộp;https://www.pharmacity.vn/product/thuoc-phong-ngua-va-dieu-tri-con-dau-that-nguc-tri-tang-huyet-ap-bidizem-60mg-3-vi-x-10-vienhop
Hộp hệ phóng thích thuốc qua dụng cụ đặt tử cung Mirena chứa Levonorgestrel 52mg Bayer (1cái/ hộp);3059130;Levonorgestrel 52 mg;Bayer HealthCare;Cái;https://www.pharmacity.vn/product/hop-he-phong-thich-thuoc-qua-dung-cu-dat-tu-cung-mirena-chua-levonorgestrel-52mg-bayer-1cai-hop
Cruzz-35 (1 vỉ x 4 viên/hộp);72000;Risedronat natri 35mg;Davipharm;Hộp;https://www.pharmacity.vn/product/cruzz-35-1-vi-x-4-vienhop
Viên nang Kbat Slavia 100mg điều trị các bệnh nhiễm nấm (6 vỉ x 5 viên);580020;Itraconazol 100mg;S.C. Slavia;Hộp;https://www.pharmacity.vn/product/kbat-6-vi-x-5-vienhop
Viên nén Brodicef 250mg Ha Tay kháng sinh điều trị nhiễm khuẩn (2 vỉ x 15 viên);542000;Cefprozil 250mg;Ha Tay;Hộp;https://www.pharmacity.vn/product/brodicef-250-2-vi-x-15-vienhop
Viên nén Fabazixin 500mg kháng khuẩn, viêm họng, viêm amidan (1 vỉ x 3 viên);24990;Azithromycin  500mg;Pharbaco (TW1);Hộp;https://www.pharmacity.vn/product/fabazixin-500mg-1vi-x-3vien
Cao xoa Cao sao vàng trị cảm cúm, sổ mũi, nghẹt mũi, chóng mặt, say tàu xe (hộp 20g);40000;Camphor,  Menthol,  Tinh dầu Bạc hà,  Tinh dầu đinh hương,  Tinh dầu tràm,  Tinh dầu quế;OPC;Chai;https://www.pharmacity.vn/product/cao-sao-vang-20g
Viên xông Viên xông Euca OPC xông khi cảm cúm, cảm mạo, sát trùng mũi họng (10 vỉ x 10 viên);95000;Tobramycin sulfat;OPC;Hộp;https://www.pharmacity.vn/product/vien-xong-euca-opc10vix10vien
Viên nén Poziats 5mg điều trị tâm thần phân liệt, rối loạn lưỡng cực (3 vỉ x 10 viên);238000;Aripiprazol 5mg;Medisun;Hộp;https://www.pharmacity.vn/product/poziats-5mg-hop-3-vi-x-10-vien
Viên nén TINIDAZOL 500MG điều triị nhiễm khuẩn (10 vỉ x 10 viên);100800;Tinidazol 500mg 500mg;DHG Pharma;Hộp;https://www.pharmacity.vn/product/tinidazol-tab-fc-500mg-hop-100-vien
Viên nang Orlistat RVN 120mg kiểm soát cân nặng, hỗ trợ điều trị béo phì (3 vỉ x 10 viên);315000;dl-alpha tocopherol 400IU 400IU;Roussel;Hộp;https://www.pharmacity.vn/product/metid-400iu-h3x10v
Viên nang Esha Mediplantex điều trị nghẹt mũi, viêm mũi dị ứng, viêm xoang (3 vỉ x 10 viên);136000;ThươnG nhĩ tử, HoànG kỳ, Bạch chỉ, PhònG phonG, Tân di, Bạch truật, Bạc hà, Kim nGân hoa;Mediplantex;Hộp;https://www.pharmacity.vn/product/esha-hop-30vien
Viên nén Newitacid 200mg hỗ trợ điều trị rối loạn cảm giác, giải độc gan (10 vỉ x 10 viên);813700;Acid thioctic 200mg;Korea United Pharm;Hộp;https://www.pharmacity.vn/product/newitacid-10vi-x-10vien
Viên nang Omeprazole STADA 40 mg điều trị loét dạ dày, tá tràng, viêm thực quản (3 vỉ x 10 viên);82400;Omeprazole 40mg;STADA;Hộp;https://www.pharmacity.vn/product/omeprazole-stada-40-mg-3vi-x-10vien
Viên nén Brucipro 500mg điều trị và dự phòng nhiễm khuẩn (10 vỉ x 10 viên);87900;Ciprofloxacin 500mg;Hasan- Demarpharm;Hộp;https://www.pharmacity.vn/product/brucipro-tab-fc-500mg-box-100
Viên nang mềm Sosdol 25mg giảm đau và giảm viêm xương khớp (3 vỉ x 10 viên);46500;Diclofenac kali 25mg;Hasan- Demarpharm;Hộp;https://www.pharmacity.vn/product/sos-dol-softcap-25mg-box-30
Thuốc viên Meloxicam 7.5mg Brawn trị viêm và các dạng thoái hoá khớp, thấp khớp (10 vỉ x10 viên);22000;Meloxicam 7.5mg;Brawn;Hộp;https://www.pharmacity.vn/product/meloxicam-tab-fc-75mg-box-100
Viên nang cứng Kopridoxil 500mg điều trị nhiễm khuẩn (10 vỉ x 10 viên);155000;cefadroxil 500mg;Phil Inter Pharma;Hộp;https://www.pharmacity.vn/product/kopridoxil-caps-500mg-hop-100-vien
Viên nang Amlodipine STADA 5 mg điều trị tăng huyết áp, đau thắt ngực (3 vỉ x 10 viên);24000;Almodipine 5mg;STADA;Hộp;https://www.pharmacity.vn/product/amlodipine-stada-5-mg-cap-3vi-x-10vien
Siro Paluzine 5ml phòng ngừa và điều trị thiếu kẽm, kém hấp thu (20 ống x 5ml);136000;Zn 10mg;Apimed;Hộp;https://www.pharmacity.vn/product/paluzine-5ml-20-ong
Lamone 100 (Hộp 3 vỉ x 10 viên);156000;Lamivudine 100mg;STELLA;Hộp;https://www.pharmacity.vn/product/lamone-100hop-3-vi-x-10-vien
Viên nén Langitax 20mg điều trị, phòng ngừa huyết khối tĩnh mạch (2 vỉ x 7 viên);516000;Rivaroxaban 20mg;Medbolide;Hộp;https://www.pharmacity.vn/product/langitax-tab-fc-20mg-2vi-x-7vien
Viên nén Tenoxil 300mg điều trị nhiễm HIV-1, viêm gan siêu vi B mạn tính (3 vỉ x 10 viên);540000;tenofovir disoproxil fumarat 300mg;Atra Pharmaceuticals;Hộp;https://www.pharmacity.vn/product/tenoxil-300mg-hop-3x10
Ezensimva 10/10 (Hộp 03 vỉ x 10 viên);199000;Ezetimib , Simvastatin 10mg,10mg;Ezensimva10/10;Hộp;https://www.pharmacity.vn/product/ezensimva1010
Viên nén Ezenstatin 10mg/10mg trị tăng cholesterol máu, phòng ngừa bệnh tim mạch (4 vỉ x 7 viên);128800;Atorvastatin, Ezetimibe 10mg,10mg;AGIPHARM;Hộp;https://www.pharmacity.vn/product/ezenstatin-1010-hop-4-vi-x-7-vien
Viên nén rã nhanh trong miệng Rotundin-SPM 30mg hỗ trợ điều trị mất ngủ, giảm đau (3 vỉ x 10 viên);48000;Rotundin 30,00mg;SPM;Hộp;https://www.pharmacity.vn/product/rotundin-spm-30mg-hop-3-vi-x-10-vien
Arbosnew 100 (Hộp 3 vỉ x 10 viên);120000;Acarbose 100mg;AGIPHARM;Hộp;https://www.pharmacity.vn/product/arbosnew-100-hop-3-vi-x-10-vien
Bột pha hỗn dịch uống Tanagel 250g điều trị các chứng tiêu chảy (hộp 20 gói);113000;Gelatin tannate 250mg;Laboratorios Lesvi;Hộp;https://www.pharmacity.vn/product/tanagel-hop-20-goi
Hoạt huyết dưỡng não TP (Hộp 25 gói x 3g);100000;Cao đặc đinh lăng, Cao bạch quả 150mg, 75mg;Thuận phát Pharma JSC;Hộp;https://www.pharmacity.vn/product/hoat-huyet-duong-nao-tp-hop-25-goi-x-3g
Viên nén Enalapril Stella 5mg điều trị tăng huyết áp, suy tim (3 vỉ x 10 viên);20100;Enalapril 5mg 5mg;STELLA;Hộp;https://www.pharmacity.vn/product/enalapril-stella-5mg-3vi-x-10viennew
Nhũ tương uống Phytok vitamin K dạng giọt điều trị trong các trường hợp thiếu vitamin K (chai 2ml);140000;Phytomenadion 20 mg;Công ty cổ phần Dược phẩm CPC1 Hà Nội;Hộp;https://www.pharmacity.vn/product/phytok-hop-1-ong-x-2ml
Viên nén Halcort-6 Davipharm trị viêm thấp khớp, hen suyễn, lupus ban đỏ hệ thống (3 vỉ x 10 viên);230000;Deflazacort 6mg;Davipharm;Hộp;https://www.pharmacity.vn/product/halcort-tag3vi-x-10-vien
Viên bao tan ở ruột Rabicad 10mg điều trị loét dạ dày, tá tràng (10 vỉ x10 viên);748000;Rabeprazole 10mg;Cadila Pharm;Hộp;https://www.pharmacity.vn/product/rabicad-10mg-10vi-x10-vien
Viên nén bao phim Ameproxen 500mg điều trị viêm khớp dạng thấp, các chứng đau nhức (10 vỉ x 10 viên);380000;Naproxen 500mg;Ameflu;Hộp;https://www.pharmacity.vn/product/ameproxen-500-10-vi-x-10-vien
Viên nén Spacmarizine 40mg chống co thắt cơ trơn đường tiêu hóa (20 vỉ x 15 viên);120000;Alverin 40mg;TVPharma;Hộp;https://www.pharmacity.vn/product/spacmarizine-40mg-20-vi-x-15vien
Viên nén Mibeserc 16mg Hasan điều trị chóng mặt, rối loạn tiền đình (3 vỉ x 20 viên);120000;Betahistin dihydroclorid  16mg;Hasan- Demarpharm;Hộp;https://www.pharmacity.vn/product/mibeserc-hasan-16mg-hop-3-vi-x-20-vien
Viên nén Augclamox 1g điều trị nhiễm khuẩn (2 vỉ x 5 viên);113300;Amoxicillin 500mg/ Acid Clavulanic 125mg  875mg, 125mg;Hataphar;Hộp;https://www.pharmacity.vn/product/augclamox-1g-hop-2vi-x5-vien
Viên nén Farizol 500mg kháng sinh điều trị nhiễm khuẩn (1 vỉ x 10 viên);357000;Cefprozil 500mg;Kwality;Hộp;https://www.pharmacity.vn/product/farizol-500-1vi-x-10vien
Viên nén AGICHYMO phù nề sau chấn thương, phẫu thuật, bỏng (6 vỉ x 10 viên);102000;Chymotrypsin 4,2mg;AGIPHARM;Hộp;https://www.pharmacity.vn/product/agichymo-hop-6vi-x-10vien
Viên nén bao đường UNIFERON B9 bổ sung sắt, bổ máu (3 vỉ x 10 viên);27900;FOLIC ACID 50mg,  IRON FERROUS  250mg;Mediplantex;Hộp;https://www.pharmacity.vn/product/uniferon-b9-hop-3-vi-x-10-vien
Dầu gió trắng hiệu cây búa Axe Brand trị cảm cúm, sổ mũi, chóng mặt, say tàu xe (Chai 5ml);15500;Menthol, Methyl salicylate, DL-camphor;AXE (CAY BUA);Chai;https://www.pharmacity.vn/product/dau-gio-trang-hieu-cay-bua-axe-brand-tri-cam-cum-so-mui-chong-mat-say-tau-xe-chai-5ml
Thuốc phun mù định liều Formonide 200 HFA Cadila điều trị hen suyễn (hộp 120 liều);150000;Budesonide 200mcg/liều;Cadila Healthcare- India;Hộp;https://www.pharmacity.vn/product/formonide-200-hfa-cadila-hop-1-binh-xit-120-lieu
Viên nén Coldacmin Sinus điều trị triệu chứng cảm sốt nhức đầu (10 vỉ x 10 viên);31000;Paracetamol 325 mg,  Clorpheniramin maleat  2 mg;DHG Pharma;Hộp;https://www.pharmacity.vn/product/coldacmin-sinus-hop-10-vi-x-10-vien
Viên nén PHAZANDOL EXTRA 500mg/65mg làm giảm đau các cơn đau, hạ sốt (15 vỉ x 12 viên);94000;CAFFEINE 65mg ,  PARACETAMOL  500 mg;Duoc Phuc Vinh;Hộp;https://www.pharmacity.vn/product/phazandol-extra-capl-500mg65mg-hop-15-vi-x-12-vien
Viên nang Ampicillin 500mg điều trị nhiễm khuẩn (10 vỉ x 10 viên);75000;Ampicillin 500mg;Mekophar;Hộp;https://www.pharmacity.vn/product/ampicillin-caps-500mg-box-100-hop-10-vi-x-10-vien
Zoladex 3.6mg AstraZeneca (Hộp 1 ống);2749990;Goserelin 3.6mg;AstraZeneca;Lọ;https://www.pharmacity.vn/product/zoladex-36mg-astrazeneca-hop-1-ong
Viên nang LEER 300MG trị động kinh, viêm dây thần kinh (3 vỉ x 10 viên);154000;Gabapentin 300mg;SPM;Hộp;https://www.pharmacity.vn/product/leer-300mg-3vi-x-10vien
Viên nén Bosdogyl F phòng ngừa và điều trị nhiễm trùng răng miệng (2 vỉ x 10 viên);80000;MetrOnidazOle + Spiramycin 250mG, 1.5M IU;Boston;Hộp;https://www.pharmacity.vn/product/bosdogyl-f-15m-250mg-2-vi-x-10-vien
Viên nén Methylboston 16mg kháng viêm, điều trị viêm thấp khớp, chống dị ứng (3 vỉ x 10 viên);75000;MethylprednisOlOne 16mG;Boston;Hộp;https://www.pharmacity.vn/product/methylboston-16mg-3vi-x-10-vien
Dung dịch uống COLONIC 1000MG điều trị tăng amoniac ở bệnh nhân thiếu carbamylphosphate synthetase (Hộp 20 ống);300000;ARGININE 1000mG;NIC;Hộp;https://www.pharmacity.vn/product/colonic-1000mg-hop-20-ong
Bột pha uống Amoxfap 500mg điều trị nhiễm khuẩn (hộp 16 gói);60000;AMOXICILLIN 500mG;Thephaco;Hộp;https://www.pharmacity.vn/product/amoxfap-sac-pwd-500mg-3g-16
Viên nén Fexophar 120mg trị viêm mũi dị ứng, mày đay (5 vỉ x 10 viên);99990;CEFPODOXIME PROXETIL 120mG;TVPharma;Hộp;https://www.pharmacity.vn/product/fexophar-tab-fc-120mg-5vi-x-10vien-tv-pharma
Viên nén Auclatyl 875/125mg điều trị nhiễm khuẩn (2 vỉ x 7 viên);82000;Amoxicilin,  Clavulanic acid;TIPHARCO;Hộp;https://www.pharmacity.vn/product/auclanityl-500125mg-hop-2-vi-x-10-vien
Viên nén bao phim Bonsartine 25mg Square  điều trị tăng huyết áp (5 vỉ x 10 viên);102000;Losartan kali  25mg;Square Pharmaceuticals Ltd- Bangladesh;Hộp;https://www.pharmacity.vn/product/bonsartine-25mg-square-hop-5-vi-x-10-vien
Viên bao tan ở ruột Esozot 20MG trị viêm loét dạ dày tá tràng (3 vỉ x 10 viên);230000;Esomeprazol 20mg;Globe Pharmaceuticals Ltd.;Hộp;https://www.pharmacity.vn/product/esozot-hop-3-vi-x-10-vien
Viên nén bao phim Zolotraz điều trị ung thư vú (2 vỉ x 14 viên);240000;Anastrozol  1mg;Sun Pharma;Hộp;https://www.pharmacity.vn/product/zolotraz-hop-2-vi-x-14-vien
Viên nang Bicebid 100mg kháng sinh điều trị nhiễm khuẩn (2 vỉ x 10 viên);49800;Cefixim 100mg;BIDIPHAR;Hộp;https://www.pharmacity.vn/product/bicebid-100mg-hop-2-vi-x-10-vien
Viên nén Bosdogyl phòng ngừa và điều trị nhiễm trùng răng miệng (2 vỉ x 10 viên);50000;Metronidazol ,Spiramycin 125mg, 750.000 IU;Boston;Hộp;https://www.pharmacity.vn/product/bosdogyl-f-2-vi-x-10-vien
Viên nén Bromhexin 8mg TV.Pharm tiêu nhầy, loãng đàm, giảm ho (3 vỉ x 10 viên);13400;Bromhexin 8mg;TVPharma;Hộp;https://www.pharmacity.vn/product/bromhexin-8mg-tvpharm-3-vi-x-10-vien
Viên nang Eucatopdein trị ho do kích thích, long đờm (10 vỉ x 10 viên);90000;Eucalyptol 15 mg,  Codein phosphat   5 mg,  Guaifenesin  20 mg;Ha Tay;Hộp;https://www.pharmacity.vn/product/eucatopdein-10-vi-x-10-vien
Thuốc bột Amoxicillin 250mg Mekophar điều trị nhiễm khuẩn (30 gói x 2.5g);65000;Amoxicilin 250mg;Mekophar;Hộp;https://www.pharmacity.vn/product/amoxicillin-250mg-mekophar-hop-30-goi-x-25g
Viên nén Vinaflam 500 mg kháng sinh điều trị nhiễm khuẩn (2 vỉ x 5 viên);170000;Cefuroxim  500mg;Armepharco;Hộp;https://www.pharmacity.vn/product/vinaflam-500-hop-10-vien
Thuốc tiêm Atithios 20mg/ml An Thiên điều trị co thắt dđường tiêu hóa (10 ống x 1ml);95000;Hyoscin butylbromid 20 mg/ml;An Thien;Hộp;https://www.pharmacity.vn/product/atithios-20mgl-inj-an-thien-hop-10-ong-x-1ml
Viên nén Cefurobiotic 500mg kháng sinh điều trị nhiễm khuẩn (5 vỉ x 10 viên);300000;CEFUROXIME 500mg 500mg;Medipharco- Tenamyd;Hộp;https://www.pharmacity.vn/product/cefurobiotic-500mg-medipharco-5vix10vien
Viên nén Franrogyl phòng ngừa và điều trị nhiễm trùng răng miệng (2 vỉ x 10 viên);63000;Spiramycin 750.000 IU, Metronidazol 125mg 750000IU/125mg;Eloge France;Hộp;https://www.pharmacity.vn/product/franrogyl-2vix10vien
Viên nén G-Flo 200mg điều trị và dự phòng nhiễm khuẩn (10 vỉ x 10 viên);78000;"
Ofloxacin 200mg";Gracure Pharmaceuticals, India;Hộp;https://www.pharmacity.vn/product/g-flo-200mg-10-vi-x-10-vien
Viên nén Derdiyok 10mg dự phòng và điều trị hen phế quản mạn tính, viêm mũi dị ứng (3 vỉ x 10 viên);94500;Montelukast 10mg;Davipharm;Hộp;https://www.pharmacity.vn/product/derdiyok-10mg-hop-30-vien
Viên nén Vaslor 40mg điều trị tăng cholesterol máu, giảm mỡ máu (6 vỉ x 10 viên);132000;Atorvastatin  40mg;Davipharm;Hộp;https://www.pharmacity.vn/product/vaslor-40mg-hop-6-vi-x-10-vien
Viên nén Vixlatin 20mg điều trị triệu chứng viêm mũi dị ứng, mày đay (3 vỉ x 10 viên);297000;Bilastin 20mg 20mg;Medisun;Hộp;https://www.pharmacity.vn/product/vixlatin-20mg-3vix10vien-medisun
FASCAPIN TAB 10MG (10vi x 10vien);46400;NIFEDIPINE 10mg;Dopharma;Hộp;https://www.pharmacity.vn/product/fascapin-tab-10mg-10vi-x-10vien
Piromax 20mg (10vix10vien);45500;Piroxicam 20mg;TVPharma;Hộp;https://www.pharmacity.vn/product/piromax-20mg-10vix10vien
Viên nén Metformine EG 850mg điều trị đái tháo đường type 2 (5 vỉ x 20 viên);150000;Metformine 850mg;Pymepharco;Hộp;https://www.pharmacity.vn/product/metformine-eg-850mg-hop-5-vi-x-20-vien
Tiêu Độc Nam Hà (20 ốngx10ml);56000;Sài đất 3g, thương nhĩ tử 1g, kim ngân 2.5g, Hạ khô thảo 0.5g, thổ phục linh 0.3g;Nam Ha;Hộp;https://www.pharmacity.vn/product/tieu-doc-nam-ha-20-ongx10ml
Alendro-D S.P.M (Hop 1 vi x 4 vien);192700;Acid alendronic (dưới dạng Natri Alendronat trihydrat 91 Acid alendronic (dưới dạng Natri Alendronat trihydrat 91, 37mg) 70mg 37mg) 70mg,  Vitamin D3 (colecalciferol) (tương đương 5600UI vitamin D) 14µg (mcg)  Vitamin D3 (colecalciferol) (tư;SPM;Hộp;https://www.pharmacity.vn/product/alendro-d-spm-hop-1-vi-x-4-vien
Ketovin Vinphaco (Hop 10 vi x 10 vien);1000000;Calci-2- oxo-3-phenylpropionat (α-ketoanalogue to phenylalanin,  muối calci) 68mg,  Calci-3-methyl-2-oxobutyrat (α-ketoanalogue to valin,  muối calci) 86mg,  Calci-3-methyl-2-oxovalerat (α-Ketoanalogue to isoleucin,  muối calci) 67mg,  Calci-4-methyl-2-oxovalerat (α-ketoanalogue to leucin,  muối calci) 101mg,  Calci-DL-2-hydroxy-4-methylthiobutyrat (α-hydroxyanalogue to methionin,  muối calci) 59mg,  L-histidin 38mg,  L-lysin acetat (tương đương 75mg L-lysin) 105mg,  L-tyrosin 30mg,  L-threonin 53mg,  L-trypt;Vinphaco;Hộp;https://www.pharmacity.vn/product/ketovin-vinphaco-hop-10-vi-x-10-vien
Lusefi luseogliflozin 2.5 mg Taisho (Hộp 100 viên);1540000;Luseogliflozin 2.5mg;Taisho;Hộp;https://www.pharmacity.vn/product/lusefi-luseogliflozin-2-5mg-taisho-hop-100-vien
Utralene-100 Umedica (10 vỉ x 10 viên);196000;Sertraline 100mg;Umedica;Hộp;https://www.pharmacity.vn/product/utralene-100-umedica-10-vi-x-10-vien
Novocal 10ml CPC1HN (Hộp 20 ống);140000;Calci glycerophosphat, Magnesi gluconat;Công ty cổ phần Dược phẩm CPC1 Hà Nội;Hộp;https://www.pharmacity.vn/product/novocal-10ml-cpc1hn-hop-20-ong
Viên nén Trimeboston 100mg trị đau, rối loạn tiêu hóa, hội chứng ruột kích thích (5 vỉ x 10 viên);95000;Trimebutine 100mg;Boston;Hộp;https://www.pharmacity.vn/product/trimeboston-100-hop-5-vi-x-10-vien
Viên nén Nifin 100mg DHG kháng sinh điều trị nhiễm khuẩn (2 vỉ x 10 viên);111000;CEFPODOXIME PROXETIL 100mg;DHG Pharma;Hộp;https://www.pharmacity.vn/product/nifin-tab-100mg-2vix10vien
Viên nén OFLO 200MG điều trị và dự phòng nhiễm khuẩn (10 vỉ x 10 viên);180000;OFLOXACIN 200mg;Boston;Hộp;https://www.pharmacity.vn/product/oflo-tab-200mg-10vix10vien
Migrin Plus CVI Pharma (Hop 60 Vien);518000;Đương quy, Xuyên khung, Bạch linh, Bạch thược, Bạch chỉ, Mạn kinh tử, Đan sâm, Khương hoạt, Hồng hoa, Sài Hồ, Cúc hoa, Cảo bản, Táo Nhân, Đinh lăng, Bạch quả, Hoa Hòe, Cúc thơm 350mg,350mg,300mg,300mg,300mg,300mg,300mg,300mg,250mg,250mg,250mg,250mg,250mg,50mg,30mg,20mg,60mg;CVI;Hộp;https://www.pharmacity.vn/product/
AUSVAIR CAPS 75MG BOX 30;198000;PREGABALIN 75mg;BV Pharma;Hộp;https://www.pharmacity.vn/product/ausvair-caps-75mg-box-30
Dung dịch truyền tĩnh mạch Aminoplasmal 10% B.Braun cung cấp amino acid (500ml);1700000;Isoleucine,  Leucine,  Lysine hydrochloride,  Methionine,  Phenylalanine,  Threonine,  Tryptophan , Valine, Arginine, Histidine, Alanine,  Glycine, Aspartic Acid, Glutamic Acid, Proline,  Serine, Tyrosine, Sodium acetate trihydrat,  Sodium hydroxid,  Potassium acetate,  Magnesium chloride hexahydrat,  Disodium phosphat;B. Braun Indonesia;Hộp;https://www.pharmacity.vn/product/aminoplasmal-e-inf-10-500ml-bbraun-hop-10-chai
Jadenu 180mg Novartis (Hop 3vi x 10vien);6010000;Deferasirox 180mg 180mg;OPV;Hộp;https://www.pharmacity.vn/product/
Follitrope Prefilled Syringe 150IU BT 0.3ML;1153000;Follitropin  150IU/0.3ml;LG CHEM;Hộp;https://www.pharmacity.vn/product/follitrope-prefilled-syringe-150iu-bt-03ml
Uritos 0.1mg EISAI (Hộp 3 vỉ x 10 viên);360000;Imidafenacin 0.1mg;Eisai Ltd;Hộp;https://www.pharmacity.vn/product/uritos-0-1mg-eisai-hop-3-vi-10-vien
Spasmaverine 40mg (Hộp 30 viên);43000;Alverin 40mg;Sanofi Others;Hộp;https://www.pharmacity.vn/product/spasmaverine-40mg-30vien
Siro Atussin giảm các triệu chứng ho do cảm lạnh, cúm, ho gà (chai 30ml);18000;Chlorphenamin 1.33mg, Dextromethorphan 5mg, Natri citrat 133mg, Glycerin 50mg/30ml;Atussin;Chai;https://www.pharmacity.vn/product/atussin-siro-ho-hop-1-chai-30-ml
Salbufar 2mg - Pharmedic (Hộp 200 viên);25000;Salbutamol 2mg;Pharmedic;Hộp;https://www.pharmacity.vn/product/salbufar-2mg-pharmedic-200vien
Bricanyl Expectorant Syr (Chai 60ml);27000;Terbutalin sulfate 1.5mg, Guaifenesin 66.5mg;AstraZeneca;Chai;https://www.pharmacity.vn/product/bricanyl-expectorant-syr-15mg
Mepraz 20mg (Hộp 5 vỉ x 4 viên);115000;Omeprazol 20mg;Sanofi CHC Local;Hộp;https://www.pharmacity.vn/product/oos-by-ncc-mepraz-20mg-5-vi-x-4-vien
Viên nang Apitim 5mg trị tăng huyết áp, điều trị dự phòng đau thắt ngực ổn định (3 vỉ x 10 viên);19800;Amlodipin 5mg;DHG Pharma;Hộp;https://www.pharmacity.vn/product/apitim-5-hop-3-vi-x-10-vien
Cefdinir 300mg Glomed (Hộp 1 vỉ x 10 viên);230000;Cefdinir 300mg;GLOMED-ABBOTT;Hộp;https://www.pharmacity.vn/product/cefdinir-300-glomed-h10vien
Apo-Amitriptyline 25mg (Chai 1000vien);683000;Amitriptyline 25mg;Apotex;Chai;https://www.pharmacity.vn/product/apo-amitriptyline-25mg-1000vien
Aspirin 81mg (Hộp 2 vỉ x 28 viên);15000;Acetylsalicylic Acid 81mg;STADA;Hộp;https://www.pharmacity.vn/product/aspirin-stada-81mg-56vien
Solupred 20mg (2 Vỉ x 10 Viên);272000;Prednisolone 20mg;Sanofi GEM;Hộp;https://www.pharmacity.vn/product/solupred-20mg-2vi-x-10vien
Thuốc điều trị triệu chứng bệnh lý rối loạn chức năng não ở người cao tuổi Hasancetam (800mg);25000;Piracetam 800mg;Hasan- Demarpharm;Hộp;https://www.pharmacity.vn/product/thuoc-dieu-tri-trieu-chung-benh-ly-roi-loan-chuc-nang-nao-o-nguoi-cao-tuoi-hasancetam-800mg
Cốm pha uống Zinnat 125mg điều trị nhiễm khuẩn (hộp 10 gói);157000;Cefuroxim 125mg;GSK ETC;Hộp;https://www.pharmacity.vn/product/thuoc-bot-khang-sinh-dieu-tri-benh-viem-phe-quan-viem-tai-giua-viem-than-zinnat-125mg-10-goi-hop
Dung dịch ống uống Fatig bổ sung calci và magie, điều trị suy nhược chức năng (2 vỉ x 10 ống);113000;Magnesium Gluconat 0,426g, Calcium glycerophosphat 0,456g;Abbott;Hộp;https://www.pharmacity.vn/product/thuoc-dieu-tri-suy-nhuoc-chuc-nang-fatig-10ml
Rovamycine 3M.UI (2 vỉ x 5 viên/hộp);130000;Spiramicin 3.000.000IU;Sanofi GEM;Hộp;https://www.pharmacity.vn/product/thuoc-dieu-tri-va-phong-ngua-cac-benh-nhiem-khuan-rovamycine-3mui-2-vi-x-5-vienhop
Cefpodoxim 200mg Glomed (Hộp 1 vỉ x 10 viên);85000;Cefpodoxim 200mg;GLOMED-ABBOTT;Hộp;https://www.pharmacity.vn/product/cefpodoxim-200mg-glomed-1vi-x-10vien
Cefpodoxim 100mg Glomed (Hộp 1 vỉ x 10 viên);59000;Cefpodoxim 100mg;GLOMED-ABBOTT;Hộp;https://www.pharmacity.vn/product/cefpodoxim-100mg-glomed-1vi-x-10vien
Thuốc điều trị giảm đau, chống viêm Dolchis;542000;Etodolac 200mg;Korea United Pharm;Hộp;https://www.pharmacity.vn/product/thuoc-dieu-tri-giam-dau-chong-viem-dolchis
Amaryl 1mg (3 vỉ x 10 viên/hộp);66000;Glimepirid 1mg;Sanofi GEM;Hộp;https://www.pharmacity.vn/product/amaryl-1mg
Tenormin Tab 50mg (Hộp 2 vỉ x 14 viên);93000;Atenolol 50mg;AstraZeneca;Hộp;https://www.pharmacity.vn/product/thuoc-dieu-tri-cac-benh-tang-huyet-ap-dau-that-nguc-va-nhoi-mau-co-tim-tenormin-tab-50mg-2-vi-x-14-vienhop
Diệp Hạ Châu Nadyphar  (Hộp 10 vỉ x 10 viên);90000;Cốt Diệp Hạ Châu 450mg;Nadyphar;Hộp;https://www.pharmacity.vn/product/thuoc-ho-tro-dieu-tri-chung-do-viem-nhiem-diep-ha-chau-10-vi-x-10-vienhop
Ventolin Expect 60ml ( Hộp 1 chai);27000;Salbutamol 60ml;GSK ETC;Chai;https://www.pharmacity.vn/product/siro-long-dom-tri-ho-ventolin-expect-60ml
Euvixim 200mg (Hộp 2 vỉ x 10 viên);138000;Cefixime 200mg;Euvipharm;Hộp;https://www.pharmacity.vn/product/thuoc-euvixim-200mg-hop-2-vi-x-10-vien
Théostat LP 100mg (2 vỉ x 15 viên);62000;Theophyllin 100mg;Pierre-Fabre;Hộp;https://www.pharmacity.vn/product/thuoc-dieu-tri-hen-phe-quan-kho-tho-theostat-lp-100mg
Locatop 0.1% (Tuýp 30g);69000;Desonide 0.1%w/w;Pierre-Fabre;Hộp;https://www.pharmacity.vn/product/kem-dieu-tri-cac-benh-ve-da-nhu-cham-vay-nen-locatop-01-30g
Curam  625mg (5 vỉ x 4 viên);275000;Amoxicillin 500mg,  Clavulanic 125mg;Novartis;Hộp;https://www.pharmacity.vn/product/curam-tab-625mg-5vi-x-4vien
Thuốc điều trị nhiễm khuẩn Cefpodoxim 100mg Euvipharm (10viên/Hộp);65000;Cefpodoxim 100mg;Euvipharm;Hộp;https://www.pharmacity.vn/product/thuoc-dieu-tri-nhiem-khuan-cefpodoxim-100mg-euvipharm-10vienhop
Dynamogen (20 ống x 10ml/hộp);325000;Glutodine, Arginine;Farma;Hộp;https://www.pharmacity.vn/product/thuoc-dieu-tri-suy-nhuoc-co-the-suy-dinh-duong-dynamogen-20-ong-x-10mlhop
Aescin 20mg (1 Vi x 30 Vien);295000;Aescin 20mg;Teva Pharmaceutial Work Company Pvt;Hộp;https://www.pharmacity.vn/product/aescin-20mg-1-vi-x-30-vien
Perglim M2 (Hộp 5 vỉ x 20 viên);59000;Glimepiride 2mg, Metformin 500mg;Mega Lifesciences;Hộp;https://www.pharmacity.vn/product/perglim-m2-h30vien
Ebost 10mg (Hộp 3 vỉ x 10 viên);179000;Ebastine 100mg;Other;Hộp;https://www.pharmacity.vn/product/ebost-ebastine-tab-100mg30vien
Zyloric 300mg(28 viên);143000;Allopurinol 300mg;Aspen;Hộp;https://www.pharmacity.vn/product/p02120
Glisan 30MR (H60v);60000;Gliclazid 30mg;Hasan- Demarpharm;Hộp;https://www.pharmacity.vn/product/glisan-30mr-h60v
Xorimax 250mg (Hộp 1 vỉ x 10 viên);106000;Cefuroxime 250mg;Novartis;Hộp;https://www.pharmacity.vn/product/xorimax-250mg-tab-h10v
Relenza 5mg (Hộp 5 đĩa x 4 liều đơn + 1 dụng cụ hít bột thuốc);448000;Zanamivir 5mg;GSK ETC;Hộp;https://www.pharmacity.vn/product/relenza-powder-inh-5mg
Ercéfuryl 200mg (Hộp 2 vỉ x 14 viên);54000;Nifuroxazid 200mg;Sanofi GEM;Hộp;https://www.pharmacity.vn/product/ercefuryl-200mg
Remeron 30mg (Hộp 3 vỉ x 10 viên);570000;Mirtazapin 30mg;Merck Sharp & Dohme;Hộp;https://www.pharmacity.vn/product/thuoc-dieu-tri-tram-cam-remeron-30mg
Thuốc điều trị rối loạn nội tiết Androcur (50mg);849000;Cyproterone 50mg;Bayer (Others);Hộp;https://www.pharmacity.vn/product/androcur-tab-50mg
Thuốc điều trị triệu chứng buồn nôn, khó tiêu sau bữa ăn Domperidone GSK 10mg (10 vỉ x 10 viên/hộp);148000;Domperidone 10mg;GSK ETC;Hộp;https://www.pharmacity.vn/product/thuoc-dieu-tri-trieu-chung-buon-non-kho-tieu-sau-bua-an-domperidone-gsk-10mg-10-vi-x-10-vienhop
Zeffix (Hộp 2 vỉ x 14 viên);840000;Lamivudine 100mg;GSK ETC;Hộp;https://www.pharmacity.vn/product/zeffix-tab-100mg28vien
Thuốc điều trị nhiễm trùng nhẹ, trung bình và nặng ở người lớn trên 18 tuổi Amlevo 750mg (2 vỉ x 5 viên/hộp);219000;Levofloxacin 750mg;Sanofi GEM;Hộp;https://www.pharmacity.vn/product/amlevo-750mg-tab
Solmux Broncho Cap 2/500mg (Hộp 4 vỉ x 25 viên);339000;Salbutamol 2mg, Carbocisteine 500mg;United Pharma;Hộp;https://www.pharmacity.vn/product/solmux-broncho-cap-2500mg-vien
Herbesser R200 (Hộp 10 vỉ x 10 viên);575000;Diltiazem Hydroclorid 200mg;Abbott;Hộp;https://www.pharmacity.vn/product/herbesser-r-200-cap-200mg
Thuốc điều trị rối loạn cương dương Megafort Sanofi 20mg (4 viên/hộp);139000;Tadalafil 20mg;Sanofi GEM;Hộp;https://www.pharmacity.vn/product/oos-by-ncc-megafort-tab-20mg
Cozaar 50mg (Hộp 2 vỉ x 15 viên);299000;Losartan potassium 50mg;Merck Sharp & Dohme;Hộp;https://www.pharmacity.vn/product/cozaar-tab-50mg-2vi-x-15vien
Twynsta 40/5mg Tabs (Hộp 3 vỉ x 10 viên);384000;Telmisartan 40mg, Amlodipine 5mg;Boehringer Ingelheim;Hộp;https://www.pharmacity.vn/product/thuoc-dieu-tri-tang-huyet-ap-vo-can-twynsta-405mg-3-vi-x-10-vienhop
Cefdinir 125 (H/10Gói) - DHG;86000;Cefdinir 125mg;DHG Pharma;Hộp;https://www.pharmacity.vn/product/cefdinir-125-h10goi-dhg
Thuốc điều trị tâm thần phân liệt Ozapine -10 (Hộp 5 vỉ x 10 viên);151000;Olanzapin 10mg;Synmedic Laboratories- India;Hộp;https://www.pharmacity.vn/product/thuoc-dieu-tri-tam-than-phan-liet-ozapine-10-5vi-x-10vien
Viên nang cứng Bentarcin dự phòng tái phát nhiễm khuẩn hô hấp, viêm mũi dị ứng (6 vỉ x 10 viên);245000;Thymomodulin 80mg;Other;Hộp;https://www.pharmacity.vn/product/thuoc-dieu-tri-benh-giam-bach-cau-nguyen-phat-thu-phat-bentarcin-6vi-x-10vien
Perglim - M2 (Hộp 1 vỉ x 20 viên);75000;Glimepiride 2mg, Metformin 500mg;Mega Lifesciences;Hộp;https://www.pharmacity.vn/product/perglim-m2-h20vien
Kipel 4 (3Vi x 10Vien);98000;Montelukast 4mg;Mega Lifesciences;Hộp;https://www.pharmacity.vn/product/kipel-4-3vi-x-10vien
Ventolin sugar free syrup (Chai 60ml);25000;Salbutamol 2mg/5ml;GSK ETC;Chai;https://www.pharmacity.vn/product/siro-khong-duong-dieu-tri-va-ngan-ngua-co-that-phe-quan-ventolin-60ml
Tempovate Cream (Tuýp 10g);21000;Clobetasol propionate 5mg;Tempo Scan Pacific;Hộp;https://www.pharmacity.vn/product/tempovate-cream-10g
Thuốc điều trị tiền phẫu thuật cho bệnh nhân cường Aldosterone Aldactone (10Vỉ x 10Viên);214000;Spironolactone 25 mg;Pfizer PBG;Hộp;https://www.pharmacity.vn/product/thuoc-dieu-tri-tien-phau-thuat-cho-benh-nhan-cuong-aldosterone-aldactone-10vi-x-10vien
Viên đặt âm đạo Itamelagin điều trị nhiễm khuẩn, nấm âm đạo (2 vỉ x 5 viên);200000;Metronidazole 500mg, Miconazole 100mg, Lactobacillus acidophilus 50mg;Fulton Medicinali;Hộp;https://www.pharmacity.vn/product/thieu-dieu-tri-phu-khoa-itamelagin-hop10vien
Thuốc điều trị ti mạch Apo-Metoprolol 100mg (Chai/100viên);169000;Metoprolol Tartrate 100mg;Apotex;Chai;https://www.pharmacity.vn/product/thuoc-dieu-tri-ti-mach-apo-metoprolol-100mg-chai100vien
Dexamethasone 0.5mg (Chai 500 viên);37000;Dexamethasone 0.5mg;Mekophar;Chai;https://www.pharmacity.vn/product/dexamethasone-05mg-mekophar-500vienchai
Profertil 50mg (Hộp 1 vỉ x 10 viên);70000;Clomiphene Citrat 50mg;Kalbe Internationals;Hộp;https://www.pharmacity.vn/product/thuoc-dieu-tri-noi-tiet-to-nam-nu-profertil-50mg
Amitriptylin 25mg (Chai 100 viên);39000;Amitriptyline hydroclorid 25mg;Danapha;Chai;https://www.pharmacity.vn/product/amitriptylin-25mg-danapha-chai-100vien
Atorvastatin 10mg (Hộp 3 vỉ x 10 viên);57000;Atorvastatin 10mg;Imexpharm;Hộp;https://www.pharmacity.vn/product/atorvastatin-10mg-3vi-x10vien
Tempovate (Tuýp 25g);27000;Clobetasol Propionat 0.05%w/w;Tempo Scan Pacific;Hộp;https://www.pharmacity.vn/product/kem-dieu-tri-benh-vay-nen-cham-tempovate-25g
Citopam 20 (3 vỉ x 10 viên);151000;Citalopram 20mg;Sandoz;Hộp;https://www.pharmacity.vn/product/citopam-20-3vi-x-10vien
Reminyl 8mg (Hộp 4 vỉ x 7 viên);438000;Galantamine HBr 8mg;Janssen;Hộp;https://www.pharmacity.vn/product/reminyl-8mg14vien
 Glanax 500mg (Hộp 10 viên);105000;Cefuroxime 500mg;GLOMED-ABBOTT;Hộp;https://www.pharmacity.vn/product/oos-by-ncc-glanax-500-h10vien
Sibemag (3vi x 10vien);17000;Magnesium lactate dihydrate 470mg, Pyridoxine 5mg;Pharmedic;Hộp;https://www.pharmacity.vn/product/sibemag-3vi-x-10vien
Dung dịch nhỏ mắt Duotrav 40mcg/ml + 5mg/ml làm giảm nhãn áp (chai 2.5ml);322900;Travoprost 40mcg, Timolol 5mg;Alcon Pharmaceuticals;Hộp;https://www.pharmacity.vn/product/duotrav-bak-free-25ml
Curam 1000mg (Hộp 2 vỉx7Viên);129000;Acid Clavulanic;Novartis;Hộp;https://www.pharmacity.vn/product/curam-tab-1000mg-2vix7vien
Miowan 5mg (3 Vỉ x 10 Viên);85000;Montelukast 5mg;The Acme Laboratories;Hộp;https://www.pharmacity.vn/product/miowan-5mg-3vi-x-10vien
Thuốc điều trị các nhiễm khuẩn thể nhẹ và vừa do vi khuẩn gây ra Cefdinir 300 Glomed (300mg);142000;Cefdinir 300mg;GLOMED-ABBOTT;Hộp;https://www.pharmacity.vn/product/oos-by-ncc-cefdinir-300-glomed-h20vien
Lamivudin 100mg - Glomed (30 viên);94000;Lamivudine 100mg;GLOMED-ABBOTT;Hộp;https://www.pharmacity.vn/product/lamivudin-100mg-glomed
Myfortic Tab 360mg (hop 120 vien);5693000;Mycophenolate sodium 360mg;Novartis;Hộp;https://www.pharmacity.vn/product/myfortic-tab-360mg-hop-120-vien
Alpha-Chymotrypsin Tab 4200IU (Hộp 2 vỉ x 10 viên);17500;"Chymotrypsin 
 4200UI";Alphachymotrypsin;Hộp;https://www.pharmacity.vn/product/thuoc-chong-phu-ne-va-khang-viem-tac-dong-len-mo-mem-alpha-chymotrypsin-tab-4200iu-euvipharm-hop-2-vi-x-10-vien
Thuốc kháng sinh điều trị nhiễm khuẩn nặng Euprocin 500mg (Hộp 10 vỉ x 7 viên);80000;Ciprofloxacin 500mg;Euvipharm;Hộp;https://www.pharmacity.vn/product/thuoc-khang-sinh-dieu-tri-nhiem-khuan-nang-euprocin-500mg-hop-10-vi-x-7-vien
Thuốc điều trị các nhiễm khuẩn thể nhẹ và vừa do các vi khuẩn còn nhạy cảm gây ra Cefini 100mg (10 viên/hộp);55000;Cefdinir 100mg;GLOMED-ABBOTT;Hộp;https://www.pharmacity.vn/product/oos-by-ncc-cefini-100-glomed-hop10-vien
Seretide Evohaler DC 25/250mcg (120 liều);303000;;GSK ETC;Hộp;https://www.pharmacity.vn/product/seretide-evohaler-dc-25250mcg-120-lieu
Coldflu Forte (25 vỉ x 4 viên/hộp);155000;Paracetamol 500mg, Dextromethorphan 15mg, Loratadin 5mg;Pymepharco;Hộp;https://www.pharmacity.vn/product/thuoc-dieu-tri-cam-cum-nghet-mui-chay-nuoc-mui-coldflu-forte-25-vi-x-4-vien-hop
Viên nén Gifuldin 500mg điều trị nhiễm nấm da, tóc, móng (2 vỉ x 10 viên);36000;Griseofulvin 500mg;AGIPHARM;Hộp;https://www.pharmacity.vn/product/gifuldin-500mg-2-vi-x-10-vienhop
Viên nén Nivalin 5mg trị sa sút trí tuệ do bệnh Alzheimer mức độ nhẹ đến trung bình (1 vỉ x 20 viên);430000;Galantamine hydrobromide 5mg;Sopharma;Hộp;https://www.pharmacity.vn/product/nivalin-5mg-2-vi-x-10-vien
Viên nén Imidagi 10mg điều trị tăng huyết áp (3 vỉ x 10 viên);143000;Imidapril 10mg;AGIPHARM;Hộp;https://www.pharmacity.vn/product/imidagi-10mg-3-vi-x-10-vienhop
Sizodon 1mg (3 vỉ x 10 viên/hộp);51000;Risperidon 1mg;Sun Pharma;Hộp;https://www.pharmacity.vn/product/sizodon-1mg-3-vi-x-10-vienhop
Viên nén bao phim Ratidin F300mg điều trị viêm loét dạ dày (3 vỉ x 10 viên);33000;Ranitidin 300mg;Pharmedic;Hộp;https://www.pharmacity.vn/product/ratidin-f-300mg-3-vi-x-10-vienhop
Sunoxitol 300mg (5 vỉ x 10 viên);224000;Oxcarbaze 300mg;Sun Pharma;Hộp;https://www.pharmacity.vn/product/sunoxitol-300mg-5-vi-x-10-vienhop
Zonafil (7 vỉ x 6 viên/hộp);280000;Rabeprazol 20mg, Clarithromycin 500mg, Tinidazole 500mg;Acme Formulation;Hộp;https://www.pharmacity.vn/product/zonafil-7-vi-x-6-vienhop
Pharmaclofen 10mg (Chai 100 viên);280000;Baclofen 10mg;Pharmascience;Chai;https://www.pharmacity.vn/product/pharmaclofen-10mg-chai-100-vien
Bisoloc Plus 2.5mg/6.25mg (3 vỉ x 10 viên/hộp);57000;Bisoprolol Fumarat ,  Hydrochlorothiazid;United Pharma;Hộp;https://www.pharmacity.vn/product/bisoloc-plus-25mg625mg-3-vi-x-10-vienhop
Flixotide Nebules 0.5mg/2ml (Hộp 2 túi x 5 ống);190000;Fluticason 0.5mg/2ml;GSK ETC;Hộp;https://www.pharmacity.vn/product/flixotide-nebules-05mg2ml-2-tui-x-5-onghop
Rasanvisc 20mg Inj (Hộp 1 ống x 2ml);870000;Sodium hyaluronate 20mg/2ml;IDT Biologika GmbH;Hộp;https://www.pharmacity.vn/product/rasanvisc-20mg2ml-1-onghop
Actidine 100mg (Hộp 5 vỉ x 10 viên);180000;Acarbos 100mg;Boston;Hộp;https://www.pharmacity.vn/product/actidine-100mg-5-vi-x-10-vienhop
Viên nén bao phim Smart Air 10mg dự phòng và điều trị bệnh hen phế quản mạn tính (1 vỉ x 10 viên);70000;Montelukast 10mg;Abbott;Hộp;https://www.pharmacity.vn/product/thuoc-du-phong-va-dieu-tri-hen-phe-quan-man-tinh-smart-air-10mg-hop10-vien
Periloz 4mg  (3 Vi x 10 Vien);105000;Perindopril erbumin 4mg;Lek;Hộp;https://www.pharmacity.vn/product/periloz-4mg-3-vi-x-10-vien
Olmed 5mg (4 vỉ x 7 viên/hộp);107000;Olanzapin 5mg;Actavis;Hộp;https://www.pharmacity.vn/product/olmed-5mg-4-vi-x-7-vienhop
Sumakin 250/125 (12 gói/hộp);70000; Amoxicillin  250mg, Sulbactam  125mg;Mekophar;Hộp;https://www.pharmacity.vn/product/sumakin-250125-12-goihop
Viên nén Qapanto 40mg trào ngược dạ dày - thực quản, loét đường tiêu hóa (6 vỉ x 10 viên);354000;Pantoprazol 40mg 40mg;Atlantic Pharma- Producoes Farmaceuticas S.A (Fab. Abrunheir;Hộp;https://www.pharmacity.vn/product/qapanto-40mg-hop-6-vi-x-10-vien
Viên nén Ranilex điều trị loét da dày tá tràng, bệnh trào ngược thực quản (5 vỉ x 10 viên);316000;Ranitidin HCl 31,5 mg,  Magnesi oxyd 50 mg,  Magnesi Aluminosilicat 125 mg,  Magnesi Alumin Hydrat 100 mg;Korea United Pharm;Hộp;https://www.pharmacity.vn/product/thuoc-dieu-tri-loet-da-day-ta-trang-trao-nguoc-thuc-quan-ranilex-5-vi-x-10-vienhop
Diasolic 300mg (10 vỉ x 10 viên/hộp);240000;Arginin hydroclorid 300mg;Medisun;Hộp;https://www.pharmacity.vn/product/thuoc-dieu-tri-tang-amoniac-mau-roi-loan-kho-tieu-diasolic-10-vi-x-10-vienhop
Viên nén Mosane 5mg điều trị trào ngược, ợ nóng, khó tiêu (10 vỉ x 10 viên);399000;Mosaprid 5mg;ARLICO;Hộp;https://www.pharmacity.vn/product/mosane-5mg-10-vi-x-10-vienhop
Hỗn dịch uống Onsmix Suspension 10ml điều trị viêm loét, trào ngược dạ dày thực quản (20 gói x 10ml);150000;Oxethazaine 20mg 20mg,   Dried Aluminum hydroxide gel 582mg 582mg,  Magnesi hydroxide 196mg 196mg;Huons Co., Ltd - Korea;Hộp;https://www.pharmacity.vn/product/onsmix-suspension-hop-20-goi
Platra 40mg (3 vỉ x 10 viên/hộp);180000;Pantoprazole 40mg 40mg;Yeva Therapeutics;Hộp;https://www.pharmacity.vn/product/platra-40mg-3-vi-x-10-vienhop
Mecefix-B.E 75mg (Hộp 20 gói);131000;Cefixim 75mg;Merap Group;Hộp;https://www.pharmacity.vn/product/mecefix-be-75mg-hop-20goi
Viên bao phim Metiny 375mg điều trị nhiễm khuẩn (1 vỉ x 10 viên);160000;Cefaclor 375mg;Merap Group;Hộp;https://www.pharmacity.vn/product/metiny-375mg-1vi-x-10-vien
Katies 100mg (3 vỉ x 10 viên);63500;Tiropramid 100mg;Davipharm;Hộp;https://www.pharmacity.vn/product/katies-100mg-3-vi-x-10-vienhop
Acyclovir 200mg (10 vỉ x 10 viên/hộp);150000;Acyclovir 200 mg;Nadyphar;Hộp;https://www.pharmacity.vn/product/acyclovir-200mg-10-vi-x-10-vienhop
Viên nén Mezathion 25mg trị phù do tăng quá mức aldosteron, tăng huyết áp, suy tim (6 vỉ x 10 viên);54000;Spironolacton 25mg;Ha Tay;Hộp;https://www.pharmacity.vn/product/thuoc-dieu-tri-tang-huyet-ap-suy-tim-sung-huyet-mezathion-25mg-6-vi-x-10-vien-hop
Digoxin - Richter 0.25mg (Hộp 50 viên);65000;Digoxin 0.25mg;Gedeon Richter;Hộp;https://www.pharmacity.vn/product/digoxin-richter-025mg-hop-50-vien
Ivermectin Nic 6mg (2 vỉ x 2 viên/hộp);360000;Ivermectin 6mg;NIC;Hộp;https://www.pharmacity.vn/product/ivermectin-nic-6mg-2-vi-x-2-vienhop
Picaroxin 500mg (Hộp 1 vỉ x 10 viên);45000;Ciprofloxacin 500mg;Novo Nordisk A/S;Hộp;https://www.pharmacity.vn/product/picaroxin-500mg-1-vi-x-10-vienhop
Viên nén Phenytoin 100mg DANAPHA điều trị động kinh (chai 100 viên);39900;Phenytoin 100mg;Danapha;Lọ;https://www.pharmacity.vn/product/phenytoin-100mg-hop-1-lo-x-100-vien
Coperil Plus (1 vỉ x 30 viên/hộp);106000;Perindopril 4mg, Indapamid 1,25mg;DHG Pharma;Hộp;https://www.pharmacity.vn/product/coperil-plus-4125-hop-1-vi-x-30-vien
Ostebon Plus (Hộp 1 vỉ x 4 viên);120000;Acid alendronic, Cholecalciferol 70mg/2800 IU;OPV;Hộp;https://www.pharmacity.vn/product/ostebon-plus-1vi-x-4vien
Travicol Codein 650mg/15mg (Hộp 10 vỉ x 10 viên);132000;Paracetamol 650mg,  Codein Phosphate 15mg;TVPharma;Hộp;https://www.pharmacity.vn/product/thuoc-giam-dau-ha-sot-travicol-codein-650mg15mg-10-vi-x-10-vienhop
Ruzittu (Hộp 6 Vỉ x 10 Viên);356000;Diacerein 100mg;Davipharm;Hộp;https://www.pharmacity.vn/product/ruzittu-6-vi-x-10-vienhop
Atorvastatine EG 10mg (3 vỉ x 10 viên/hộp);120000;Atorvastatin 10mg;Pymepharco;Hộp;https://www.pharmacity.vn/product/atorvastatine-eg-10mg-3-vi-x-10-vienhop
Atorvastatine EG 40mg (3 vỉ x 10 viên/hộp);135000;Atorvastatin 40mg;Pymepharco;Hộp;https://www.pharmacity.vn/product/atorvastatine-eg-40mg-3-vi-x-10-vienhop
Loraar 50 (Hộp 3 vỉ x 10 viên);65000;Losartan Kali 50mg;GLOMED-ABBOTT;Hộp;https://www.pharmacity.vn/product/loraar-50mg-3-vi-x-10-vienhop
Quincef 125 ( 2 vỉ x 5 viên/hộp);43500;Cefuroxim 125mg;Mekophar;Hộp;https://www.pharmacity.vn/product/quincef-125-2-vi-x-5-vienhop
Genurin (2 vỉ x 15 viên/hộp);245000;Flavoxat Hydrochlorid 200mg;Recordati;Hộp;https://www.pharmacity.vn/product/genurin-2-vi-x-15-vienhop
Cavired 20mg (3 vỉ x 10 viên/hộp);115000; Lisinopril 20mg;GLOMED-ABBOTT;Hộp;https://www.pharmacity.vn/product/cavired-20mg-3-vi-x-10-vienhop
Zuiver 300mg (Hộp 3 vỉ x 10 viên);345000;Clindamycin 300mg;Davipharm;Hộp;https://www.pharmacity.vn/product/zuiver-300mg-3-vi-x-10-vienhop
Viên nén Tenocar 50mg Pymepharco trị tăng huyết áp, đau thắt ngực mạn tính ổn định (2 vỉ x 15 viên);19900;Atenolol 50mg;Pymepharco;Hộp;https://www.pharmacity.vn/product/tenocar-50mg-2-vi-x-15-vienhop
Coldko (Tuýp 5 viên nén sủi bọt);10000;Paracetamol, Chlorpheniramin maleate, Dextromethophan HBr;Nam Ha;Tuýp;https://www.pharmacity.vn/product/coldko-tuyp-5-vien
Razxip 60mg (4 vỉ x 10 viên/hộp);318000;Raloxifen hydroclorid 60mg;AGIPHARM;Hộp;https://www.pharmacity.vn/product/razxip-60mg-4-vi-x-10-vienhop
Stadpizide 50mg  (Hộp 5 vỉ x 10 viên);24500;Sulpirid 50mg;STELLA;Hộp;https://www.pharmacity.vn/product/thuoc-dieu-tri-chung-lo-au-o-nguoi-lon-tam-than-phan-liet-cap-va-man-tinh-stadpizide-50-5-vi-x-10-vien-hop
Alphatrypa-Fort DT (5 vỉ x 10 viên/hộp);105000;Alphachymotrypsin 8.4mg;Pharbaco (TW1);Hộp;https://www.pharmacity.vn/product/alphatrypa-fort-dt-5-vi-x-10-vienhop
Viên nén phân tán Vigentin 500mg/62.5mg kháng sinh điều trị nhiễm khuẩn (2 vỉ x 7 viên);73000;Amoxicillin 500mg,  Clavulanic 62.5mg;Pharbaco (TW1);Hộp;https://www.pharmacity.vn/product/thuoc-dieu-tri-nhiem-khuan-vigentin-500-62-5mg-2-vi-x-7-vien
Myolaxyl 250mg (Hộp 2 vỉ x 25 viên);16000;Mephenesin 250mg;Danapha;Hộp;https://www.pharmacity.vn/product/thuoc-thu-gian-co-va-giam-dau-myolaxyl-250mg-2-vi-x-25-vienhop
Magnesi-B6 Danapha (Hộp 5 vỉ x 10 viên);23900;Magnesi Lactat Dihydrat 470mg, Vitamin B6 5mg;Danapha;Hộp;https://www.pharmacity.vn/product/thuoc-dieu-tri-thieu-hut-magnesi-va-tang-co-giat-magnesi-b6-5-vi-x-10-vienhop
Sulcilat 250mg/5ml (Hộp 1 chai);148000;Sultamicilin 250mg/5ml;Atabay, Turkey;Chai;https://www.pharmacity.vn/product/thuoc-dieu-tri-benh-nhiem-khuan-do-cac-chung-nhay-cam-sulcilat-250mg5ml-chai-40ml
Contussin (Chai 30ml);13000;Dextromethorphan 45mg, Clorpheniramin 6mg, Natri benzoat 300mg/30ml;Danapha;Chai;https://www.pharmacity.vn/product/thuoc-dieu-tri-benh-duong-ho-hap-contussin-chai-30ml
Thuốc điều trị một số bệnh có kèm theo các rối loạn tuần hoàn máu não Glopotin 5mg (Hộp 30 viên);32000;Vinpocetin 5mg;GLOMED-ABBOTT;Hộp;https://www.pharmacity.vn/product/thuoc-dieu-tri-mot-so-benh-co-kem-theo-cac-roi-loan-tuan-hoan-mau-nao-glopotin-5mg-hop-30-vien
Agilizid 80mg (3 vỉ X 10 viên);34000;Gliclazid 80mg;AGIPHARM;Hộp;https://www.pharmacity.vn/product/agilizid-80mg-3-vi-x-10-vien
Gentamicin 0.3% (Hộp 1 tuýp);8500;Gentamicin  0,3%;Medipharco- Tenamyd;Tuýp;https://www.pharmacity.vn/product/thuoc-mo-tra-mat-dieu-tri-viem-ket-mac-viem-giac-mac-gentamicin-03-5g
Viên nang cứng Methionin 250mg điều trị quá liều paracetamol (chai 100 viên);26000;Methionin 250mg;Mekophar;Chai;https://www.pharmacity.vn/product/thuoc-dieu-tri-qua-lieu-paracetamol-methionine-250mg-chai-100-vien
Aumakin 562.5 (Hộp 12 gói x 3.2g);110000;Amoxicilin 500mg, Acid Clavulanic 62.5mg;Aumakin;Hộp;https://www.pharmacity.vn/product/thuoc-dieu-tri-nhiem-khuan-nang-duong-tiet-nieu-aumakin-5625-hop-12-goi-x-32g
Aronat Plus 70mg (Hộp 1 Vỉ x 4 Viên);98000;Alendronic Acid 70mg, Cholecalciferol 2800IU;Boston;Hộp;https://www.pharmacity.vn/product/aronat-plus-70mg-1-vi-x-4-vien
Budecort 0.5mg;238000;Budesonide 0.5mg 0.5mg;Cipla;Hộp;https://www.pharmacity.vn/product/thuoc-dieu-tri-trieu-chung-viem-mui-di-ung-budecort-05mghop20-ong-2ml
Lercastad 10mg (6 vỉ x 10 viên/hộp);150000;Lercanidipin 10mg;STELLA;Hộp;https://www.pharmacity.vn/product/lercastad-10mg-6-vi-x-10-vienhop
Cloderm 15g (Hộp 1 tuýp);42000;Clobetasol propionate 0.05%w/w;HOE Pharmaceuticals;Hộp;https://www.pharmacity.vn/product/cloderm-15g-cream
Rishon 20mg (3 vỉ x 10 viên/hộp);452700;ROSUVASTATIN CALCIUM 20mg;Novartis;Hộp;https://www.pharmacity.vn/product/thuoc-dieu-tri-tang-cholesterol-mau-du-phong-bien-co-tim-mach-rishon-20mg-3-vi-x-10-vienhop
Flumetholon 0.02% (Hộp 1 lọ x 5ml);30000;Fluorometholone 0.02%;Santen;Lọ;https://www.pharmacity.vn/product/flumetholon-002-hop-1-lo-x-5ml
Stadovas 10 Tab (Hộp 3 vỉ x 10 viên);37000;Amlodipin (dưới dạng amlodipin besilat) 10mg;STELLA;Hộp;https://www.pharmacity.vn/product/thuoc-tim-mach-huyet-ap-amlodipine-10mg-3-vi-x-10-vien
Viên nén Savi Lamotrigine 50mg điều trị động kinh, rối loạn lưỡng cực (3 vỉ x 10 viên);149000;Lamotrigin 50 mg;Savi;Hộp;https://www.pharmacity.vn/product/thuoc-dieu-tri-dong-kinh-savi-lamotrigine-50mg-3-vi-x-10-vienhop
Gonal-F Pen Inj. 300IU/0.5ml (Hộp 1 lọ);3465000;Follitropin Alfa 300IU/0.5ml;Merck Export GMBH;Hộp;https://www.pharmacity.vn/product/gonal-f-pen-inj-300iu05ml-hop-1-lo
Thuốc thần kinh Migtana 25mg (3 vỉ x 10 viên);250000;Sumatriptan 25mg;Savi;Hộp;https://www.pharmacity.vn/product/thuoc-than-kinh-migtana-25mg-3-vi-x-10-vien
Please Orally Soluble Film 50mg (1 miếng phim/túi x 10 túi/hộp);920000;Sildenafil  50mg;CTCBIO Inc - HÀN QUỐC;Hộp;https://www.pharmacity.vn/product/thuoc-dieu-tri-roi-loan-cuong-duong-please-orally-soluble-film-50mg-10-mieng-phimtui-x-10-tuihop
Viên nén bao phim Travinat 500mg điều trị nhiễm khuẩn (1 vỉ x 10 viên);63000;Cefuroxim 500mg;TVPharma;Hộp;https://www.pharmacity.vn/product/thuoc-dieu-tri-nhiem-khuan-travinat-500mg-1-vi-x-10-vienhop
Viên nang cứng Lopigim 300mg làm điều hòa lipid (10 vỉ x 10 viên);225000;Gemfibrozil 300mg;AGIPHARM;Hộp;https://www.pharmacity.vn/product/thuoc-dieu-tri-chung-tang-lipid-mau-roi-loan-lipid-mau-lopigim-300mg-10-vi-x-10-vienhop
Viên nén bao phim Lampar 5mg điều trị nóng ruột, buồn nôn, trào ngược dạ dày (6 vỉ x 10 viên);120000;Mosapride citrate 5mg;Davipharm;Hộp;https://www.pharmacity.vn/product/lampar-hop-6-vi-x-10-vien
Plotex 25mg (Hộp 10 vỉ x 10 viên);185000;Levosulpirid 25mg;Union Korea Pharm. Co., Ltd.;Hộp;https://www.pharmacity.vn/product/thuoc-dieu-tri-tam-than-phan-liet-cap-va-man-tinh-plotex-25mg-10-vi-x-10-vienhop
Antituss Plus (Chai 30ml);12000;Dextromethorphan hydrobromide, Chlorpheniramine maleate, Sodium citrate dehydrate, Guaifenesin;Mekophar;Chai;https://www.pharmacity.vn/product/siro-ho-antituss-plus-30ml-mekophar-chai-30ml
Thuốc điều trị đái tháo đường týp 2 Amapirid 4mg (3 vỉ x 10 viên/hộp);27500;Glimepiride 4mg;Mebiphar;Hộp;https://www.pharmacity.vn/product/thuoc-dieu-tri-dai-thao-duong-typ-2-amapirid-4mg-3-vi-x-10-vienhop
Vinsolon 40mg Vinphaco (1lo) Inj;20000;Methylprednisolon  40mg;Vinphaco;Lọ;https://www.pharmacity.vn/product/vinsolon-40mg-vinphaco-1lo-inj
Canzeal 4mg (3 vỉ x 10 viên);96000;Glimepirid 4mg;Molekule;Hộp;https://www.pharmacity.vn/product/canzeal-4mg-3vi-x-10vien
Thuốc lợi tiểu Vinzix 40mg Vinphaco (10 viên x 10 vỉ/hộp);17000;Furosemid 40mg;Vinphaco;Hộp;https://www.pharmacity.vn/product/thuoc-loi-tieu-vinzix-40mg-vinphaco-10-vien-x-10-vihop
Bột pha uống Glofap G 1,5g Hataphar kháng sinh điều trị nhiễm khuẩn (hộp 14 gói);45000;Cefpodoxime 100mg;Ha Tay;Hộp;https://www.pharmacity.vn/product/glofap-g-hop-14-goi-x-15g
Thuốc điều trị trào ngược dạ dày Pantocid 20mg (10 viên x 3 vỉ/hộp);57000;Pantoprazol 20mg;Sun Pharma;Hộp;https://www.pharmacity.vn/product/thuoc-dieu-tri-trao-nguoc-da-day-pantocid-20mg-10-vien-x-3-vihop
Thuốc dự phòng và điều trị hen phế quản mạn tính Usalukast 5 (10 vỉ x 10 viên/hộp);320000;Montelukast 5mg;Ampharco U.S.A;Hộp;https://www.pharmacity.vn/product/thuoc-du-phong-va-dieu-tri-hen-phe-quan-man-tinh-usalukast-5-10-vi-x-10-vienhop
Viên nang cứng Barole 10mg Inventia điều trị viêm loét dạ dày (10 vỉ x 10 viên);168155;Natri Rabeprazole 10mg;Inventia;Hộp;https://www.pharmacity.vn/product/thuoc-dieu-tri-loet-da-day-ta-trang-barole-10mg-10-vi-x-10-vienhop
Cefadroxil 500mg (Hộp 3 vỉ x 10 viên);84000;Cefadroxil 500mg;Pharbaco (TW1);Hộp;https://www.pharmacity.vn/product/cefadroxil-500mg-hop-3-vi-x-10-vien
Bột pha uống Ziusa 200mg/5ml Tw1 điều trị nhiễm khuẩn đường hô hấp (chai 15ml);93000;Azithromycin 200mg/5ml;Pharbaco (TW1);Lọ;https://www.pharmacity.vn/product/thuoc-khang-sinh-ziusa-15ml-tw1-1-lo
Dung dịch uống Atisalbu An Thien 2mg/5ml điều trị cơn hen, ngăn cơn co thắt phế quản (chai 100ml);105000;Salbutamol 2mg/5ml;An Thien;Chai;https://www.pharmacity.vn/product/atisalbu-hop-1-chai-x-100ml
Thiogamma 600 Oral (Hộp 10 vỉ x 10 viên);1770000;Acid Thiotic 600mg;Dragenopharm Apotheker  Puschi GmbH;Hộp;https://www.pharmacity.vn/product/thiogamma-600-oral-hop-10-vi-x-10-vien
Flucomedil 150mg (Hộp 1 viên x 1 vỉ);33000;Fluconazol 150mg;Medochemie;Viên;https://www.pharmacity.vn/product/thuoc-dieu-tri-benh-nam-va-viem-mang-nao-flucomedil-150mg-medochemie-1-vien-x-1-vihop
An Thần Yên Bái (Hộp 5 vỉ x 10 viên);112000;Đăng tâm thảo 0.1g, Táo nhân  0.8g, Thảo quyết minh 0.3g, Tâm sen 0.8g;Yen Bai;Hộp;https://www.pharmacity.vn/product/an-than-yen-bai-5-vi-x-10-vienhop
Kernhistine 16mg (Hộp 3 vỉ x 10 viên);120000;Betahistin 16mg;Kern Pharma S.L.;Hộp;https://www.pharmacity.vn/product/kernhistine-16mg-hop-3-vi-x-10-vien
Thuốc điều trị ung thư Mevarex 50mg (3 vỉ x 10 viên/hộp);4694120;Etoposid 50mg;SPM;Hộp;https://www.pharmacity.vn/product/thuoc-dieu-tri-ung-thu-mevarex-50mg-3-vi-x-10-vienhop
Foban Cream 15g (Hộp 1 tuýp);65000;Fusidic acid 2%;HOE Pharmaceuticals;Tuýp;https://www.pharmacity.vn/product/kem-boi-dieu-tri-nhiem-trung-da-foban-cream-15g-hoe-1-tuyphop
Rovagi 0,75M.IU ( 20 gói/hộp);42000;Spiramycin 750.000 UI;Agimexpharm;Hộp;https://www.pharmacity.vn/product/thuoc-dieu-tri-nhiem-khuan-rovagi-075-agimexpharm-20-goihop
Cardesartan 8mg (10 viên x 6 vỉ/hộp);45000;Candesartan 8mg;Ha Tay;Hộp;https://www.pharmacity.vn/product/thuoc-dieu-tri-tang-huyet-ap-cardesartan-8mg-10-vien-x-6-vihop
Ceforipin 100mg (Hộp 10 vỉ x 10 viên);250000;Cefpodoxim 100mg;TVPharma;Hộp;https://www.pharmacity.vn/product/thuoc-dieu-tri-cac-benh-lien-quan-den-nhiem-khuan-do-vi-khuan-ceforipin-100mg-10-vien-x-10-vihop
Safena (3 vỉ x 10 viên/hộp);126300;Atorvastatin 10mg;Roussel;Hộp;https://www.pharmacity.vn/product/safena-3-vi-x-10-vienhop
Neometin (1 vỉ x 10 viên/hộp);100000;Metronidazol 500mg, Neomycin sulphat 108,3mg, Nystatin 22,73mg;Genome Pharmaceutical;Hộp;https://www.pharmacity.vn/product/thuoc-dieu-tri-viem-am-dao-neometin-1-vi-x-10-vienhop
Thuốc điều trị nhiễm khuẩn Novofungin 250mg (2 vỉ x 10 viên/hộp);8000;Metronidazole 250mg;STADA;Hộp;https://www.pharmacity.vn/product/thuoc-dieu-tri-nhiem-khuan-novofungin-250mg-2-vi-x-10-vienhop
Etorica 120mg (Hộp 10 vỉ x 10 viên);1314285;Etoricoxib 120mg;MICRO LABS;Hộp;https://www.pharmacity.vn/product/thuoc-dieu-tri-viem-xuong-khop-man-tinh-viem-khop-etorica-120mg-10vix10vien
Posisva 40 (3 vỉ x 10 viên/hộp);254000;Pravastatin 40mg;Medisun;Hộp;https://www.pharmacity.vn/product/posisva-40-3-vi-x-10-vienhop
Posisva 80 (3 vỉ x 10 viên/hộp);345000;Pravastatin 80mg;Medley- India;Hộp;https://www.pharmacity.vn/product/posisva-80-3-vi-x-10-vienhop
Rabeflex (3 vỉ x 10 viên/hộp);38000;Rabeprazol natri 20mg;Vidipha;Hộp;https://www.pharmacity.vn/product/rabeflex-3-vi-x-10-vienhop
Tenamox 500 (Hộp 10 vỉ x 10 viên);148000;Amoxicillin 500mg;Medopharm;Hộp;https://www.pharmacity.vn/product/tenamox-500-10-vi-x-10-vienhop
Viên nén Doniwell 25 Dongsung Pharm điều trị tâm thần phân liệt, nôn do thần kinh (10 vỉ x 10 viên);300000;Levosulpirid 25mg;Dongsung Pharm;Hộp;https://www.pharmacity.vn/product/doniwell-25-10-vi-x-10-vienhop
Cefaclor Vidiphar 500mg (Hộp 1 vỉ x 10 viên);45000;Cefaclor 500mg;Vidipha;Hộp;https://www.pharmacity.vn/product/cefaclor-500mg-1-vi-x-10-vienhop
Epicta 60mg (4 vỉ x 10 viên);288000;Etoricoxib 60mg;The Acme Laboratories;Hộp;https://www.pharmacity.vn/product/epicta-60mg-4-vi-x-10-vienhop
Argide (Hộp 20 ống x 10ml);250000;Arginin Hydroclorid 200mg;NIC;Hộp;https://www.pharmacity.vn/product/argide-nic-20ong
Amoksiklav Quicktabs 625mg (Hộp 7 vỉ x 2 viên);128000; Amoxicilin, Acid clavulanic,…;;Hộp;https://www.pharmacity.vn/product/amoksiklav-quicktabs-625mg-hop-7-vi-x-2-vien
TETRACYCLIN 500MG (Hộp 10 vỉ x10 viên);75000;Tetracyclin 500mg;Vidipha;Hộp;https://www.pharmacity.vn/product/tetracyclin-caps-500mg-10vi-x10vien
FEDCERINE  500MG (10 vỉ x 10 viên);253200;Mesalazine 500mg;Medisun;Hộp;https://www.pharmacity.vn/product/fedcerine-tab-ec-500mg-10vi-x-10vien
Feparac (Hộp 10 vỉ x 10 viên);80000;Paracetamol 325mg,  Ibuprofen 400mg;Cagipharm;Hộp;https://www.pharmacity.vn/product/feparac-capl-fc-10vi-x10vien
Viên nang Arginin Plus điều trị các bệnh lý về gan (12 vỉ x 5 viên);150000;L- Arginin, vitamin C, vitamin B1, vitamin B12, gelatin, magnesium stearate;SANCT BERNHARD;Hộp;https://www.pharmacity.vn/product/arginin-plus-60-vien
GALAPELE TAB F.C 4MG (3vi x10vien);348000;Galantamin 4mg;Becamex;Hộp;https://www.pharmacity.vn/product/galapele-tab-fc-4mg-3vi-x10vien
Viên nén bao phim Mercifort 0.15mg/0.02mg ngừa thai dùng hàng ngày (1 vỉ X 21 viên);69000;Desogestrel 0.15mg,  Ethinylestradiol  0.02mg;Exeltis;Hộp;https://www.pharmacity.vn/product/mercifort-hop-1-vi-x-21-vien
Viên nang Omeprazole 20 mg điều trị loét dạ dày, tá tràng, viêm thực quản (10 vỉ x 10 viên);180000;Omeprazole 20mg;Medibios Laboratories;Hộp;https://www.pharmacity.vn/product/omeprazole-eg-20mg-hop-10-vi-x-10-vien
Patest 500mg (Hộp 10 vỉ x 10 viên);150000;Mephenesin 500mg;DHG Pharma;Hộp;https://www.pharmacity.vn/product/patest-500mg-10vi-x-10-vien
Onbrez Breezhaler 150Mcg (3 vỉ X10 viên);570000;Indacaterol 150mcg ;Novartis;Hộp;https://www.pharmacity.vn/product/onbrez-breezhaler-150mcg-3x10
Glucovance 1000mg/5mg (Hộp 2 vỉ x 15 viên);178500;Metformin, Glibenclamid 1000mg,5mg;Merck Export GMBH;Hộp;https://www.pharmacity.vn/product/glucovance-1000mg5mg-hop-2-vi-x-15-vien
Anapa Gel 20g (1Tuyp);70000;Erythromycin,Tretinoin;Phil Inter Pharma;Hộp;https://www.pharmacity.vn/product/anapa-gel-20g-1tuyp
Ursocholic(3 vỉ x 10 viên);400000;Ursodeoxycholic 300mg;OPV;Hộp;https://www.pharmacity.vn/product/ursocholic3vi-x-10-vien
Viên nén Rhetanol - Day trị các triệu chứng ho cảm thông thường (10 vỉ x 10 viên);100000;Paracetamol 500mg,Dextromethorphan 15mg,Loratadin 5mg;Công ty cổ phần dược Đồng Nai;Hộp;https://www.pharmacity.vn/product/rhetanol-day-10-vi-x-10-vien
Mylan Ricovir 300mg (Lo 30 vien);850000;Tenofovir disoproxil fumarate 300mg;Mylan;Hộp;https://www.pharmacity.vn/product/mylan-ricovir-300mg-30-vien
Viên nén Paratramol Polpharma chỉ định điều trị các cơn đau từ trung bình đến nặng. (6 vỉ x 10 viên);455000;Tramadol hydrochlorid 325mg, Paracetamol 37.5mg;Polpharma S.A;Hộp;https://www.pharmacity.vn/product/paratramol-polpharma-6-vi-x-10-vienhop
Tominfast (3 vỉ x 10 viên/hộp);334000;Simvastatin 40mg;Extractum;Hộp;https://www.pharmacity.vn/product/tominfast-3-vi-x-10-vienhop
Carbaro 200mg (Hộp 10 vỉ x 10 viên);383000;Carbamazepin 200mg;S.C. Arena Group S.A;Hộp;https://www.pharmacity.vn/product/carbaro-200-10-vi-x-10-vienhop
Locinvid 500mg (2 vỉ x 10 viên/hộp);358000;Levofloxacin 500mg;Ildong Pharma;Hộp;https://www.pharmacity.vn/product/locinvid-2-vi-x-10-vienhop
Viên nén bao tan trong ruột Pantonix 40 Incepta điều trị viêm loét dạ dày (5 vỉ x 10 viên);303000;Pantoprazol 40mg;INCEPTA PHARMACEUTICALS LTD;Hộp;https://www.pharmacity.vn/product/pantonix-40-5-vi-x-10-vienhop
Ilclor (Hộp 1 vỉ x 10 viên);56500;Cefaclor 250mg;Ildong Pharma;Hộp;https://www.pharmacity.vn/product/ilclor-capsule-1-vi-x-10-vienhop
Thuốc bột Bidiclor 125 Bidiphar điều trị nhiễm khuẩn (hộp 20 gói);50000;Cefaclor 125mg;BIDIPHAR;Hộp;https://www.pharmacity.vn/product/bidiclor-125-20-goi-x-3ghop
Viên nén Ramasav SaVi chống co thắt cơ trơn đường tiêu hóa (3 vỉ x 10 viên);24000;Drotaverin clohydrat 40mg;Savi;Hộp;https://www.pharmacity.vn/product/ramasav-hop-3-vi-x-10-vien
Degevic Vacopharm (Hộp 10 vỉ x 10 viên);66000;Paracetamol 325mg, Tramadol HCl 37.5mg;Vacopharm;Hộp;https://www.pharmacity.vn/product/degevic-vacopharm-10vi-x-10vien
Temptcure-50 (Hộp 1 vỉ x 4 viên);49000;Sildenafil 50mg;Gracure Pharmaceuticals, India;Hộp;https://www.pharmacity.vn/product/temptcure-50-1-vi-x-4-vienhop
Amcardia-5 (Hộp 10 vỉ x 10 viên);30000;Amlodipin 5mg;Unique Pharmaceutical Labs ;Hộp;https://www.pharmacity.vn/product/amcardia-5-10-vi-x-10-vienhop
Stazemid 20/10 (3 vỉ x 10 viên/hộp);225000;Ezetimib 10mg, Simvastatin 20mg;Savi;Hộp;https://www.pharmacity.vn/product/stazemid-2010-3-vi-x-10-vienhop
Julitam 1000mg (10 vỉ x 10 viên/hộp);1450000;Levetiracetam 1000mg;Cadila Healthcare- India;Hộp;https://www.pharmacity.vn/product/julitam-1000mg-10-vi-x-10-vienhop
Trimibelin 10 (Hộp 4 vỉ x 15 viên);39000;Amitriptylin 10mg;Hasan- Demarpharm;Hộp;https://www.pharmacity.vn/product/trimibelin-10-hop-4-vi-x-15-vien
Bromhexine  A.T 60ml (Hộp 1 Chai);20000;Bromhexin hydroclorid 4mg/5ml;An Thien;Chai;https://www.pharmacity.vn/product/bromhexine-chai-60ml
Merulo (1 vỉ x 20 viên/hộp);40000;Meloxicam 7.5mg;Laropharm;Hộp;https://www.pharmacity.vn/product/merulo-1-vi-x-20-vienhop
Sosvomit 8 (Hộp 3 vỉ x 10 viên);269000;Ondansetron 8mg;Ampharco U.S.A;Hộp;https://www.pharmacity.vn/product/sosvomit-8-3-vi-x-10-vienhop
Meyermipid (Hộp 3 vỉ x 10 viên);56000;Rebamipid 100mg;Meyer-BPC;Hộp;https://www.pharmacity.vn/product/meyermipid-hop-3-vi-x-10-vien
Cloroquin phosphat 250mg (Chai 200 viên);95500;Chloroquine phosphate 250mg;Mekophar;Hộp;https://www.pharmacity.vn/product/cloroquin-phosphat-mekophar-250mg-1lo-x-200vien
Mediclophencid-H Medipharco-Tenamyd (Tuýp 4g);13500;Hydrocortison acetat 30mg,  Cloramphenicol  40mg;Medipharco- Tenamyd;Hộp;https://www.pharmacity.vn/product/mediclophencid-h-medipharco-tenamyd-4g-1tuyp-x-4g
Ezeato (3 vỉ x 10 viên/hộp);150000;Ezetimib 10mg, Atorvastatin 10mg;VTYT Binh Thuan;Hộp;https://www.pharmacity.vn/product/ezeato-3-vi-x-10-vienhop
Talliton 25mg (Hộp 2 vỉ x 14 viên);138000;Carvedilol 25mg;Egis Pharma;Hộp;https://www.pharmacity.vn/product/talliton-25mg-2vi-x-14vien
Viên nén phân tán Fabafixim 200mg DT kháng sinh điều trị nhiễm khuẩn (2 vỉ x 10 viên);68000;Cefixime 200mg;Pharbaco (TW1);Hộp;https://www.pharmacity.vn/product/fabafixim-200-hop-2-vi-x-10-vien
Viên nén Augmex 625mg - Korea điều trị nhiễm khuẩn (2 vỉ x 10 viên);200000;Amoxicillin,Acid clavulanic 500mg,125mg;Korea United Pharm;Hộp;https://www.pharmacity.vn/product/augmex-625mg-korea-2-vi-x-10-vien
Celogot (10 hộp nhỏ x 1 vỉ x 10 viên);120000;Colchicocine 1mg;Celogen Pharma;Hộp lớn;https://www.pharmacity.vn/product/celogot-hop-10-hop-nho-x-1-vi-x-10-vien
Dorosur 10mg (Hộp 2 vỉ x 14 viên);140000;Rosuvastatin 10mg;Domesco;Hộp;https://www.pharmacity.vn/product/dorosur-10mg-hop-2-vi-x-14-vien
Viên nén bao phim Augtipha 1g kháng sinh điều trị nhiễm khuẩn (2 vỉ x 10 viên);120000;Amoxicillin, Acid clavulanic;Excl. Agimexpharm;Hộp;https://www.pharmacity.vn/product/augtipha-1g-hop-2-vi-x-10-vien
Cijoint 500mg (Hộp 1 vỉ x 10 viên);260000;Citicolin 500mg;MICRO LABS;Hộp;https://www.pharmacity.vn/product/cijoint-1-vi-x-10-vienhop
Bột pha hỗn dịch uống Sukanlov Cure kháng sinh, kháng khuẩn (chai 15ml);99000;Azithromycin dihydrat 200mg/5ml;Cure;Chai;https://www.pharmacity.vn/product/sukanlov-lo-15ml
Dung dịch uống Duvita CPC1 điều trị rối loạn chức năng gan, rối loạn khó tiêu (6 vỉ x 5ống);160000;L-Arginin HCL 1g/5ml;DP Trung uong CPC1;Hộp;https://www.pharmacity.vn/product/duvita-6-vi-x-5-onghop
Viên nang Tenricy Phil Inter Pharma điều trị phì đại lành tính tuyến tiền liệt (3 vỉ x 10 viên);450000;Dutasterid 0.5mg;Phil Inter Pharma;Hộp;https://www.pharmacity.vn/product/tenricy-3-vi-x-10-vienhop
Aphagluco 500mg  (Hộp 2 vỉ x 10 viên);255000;Citicolin 500mg;Armephaco;Hộp;https://www.pharmacity.vn/product/aphagluco-500-2-vi-x-10-vienhop
Motiridon  Euvipharm (Chai30ml);13500;Domperidon 1mg/ml;Euvipharm;Chai;https://www.pharmacity.vn/product/motiridon-euvipharm-chai30ml
Blissfast Vaginal Pessaries Bliss GVS (1vi x 10vien);77000;Metronidazol, Neomycin sulphate, Nystatin;Bliss GVS;Hộp;https://www.pharmacity.vn/product/blissfast-vaginal-pessaries-bliss-gvs-1vi-x-10vien
Clamodia 625 (2 vỉ x 10 viên/hộp);245000;Amoxicillin 500mg, Acid clavulanic 125mg;Remedica;Hộp;https://www.pharmacity.vn/product/clamodia-625-2-vi-x-10-vienhop
Thuốc điều trị tăng huyết áp Nacardio plus (2 vỉ x 14 viên/hộp);163000;Irbesartan 150mg, Hydrochlorothiazid 12.5mg;Lesvi;Hộp;https://www.pharmacity.vn/product/thuoc-dieu-tri-tang-huyet-ap-nacardio-plus-2-vi-x-14-vienhop
Remeclar 250mg (2 vỉ x 7 viên/hộp);170000;Clarithromycin 250mg;Remedica;Hộp;https://www.pharmacity.vn/product/remeclar-250mg-2-vi-x-7-vienhop
GOLZYNIR 125mg (Hộp 5 vỉ x 10 viên);340000;Cefdinir 125mg;Hataphar;Hộp;https://www.pharmacity.vn/product/golzynir-5-vi-x-10-vienhop
Bunchen (Hộp 2 vỉ x 5 viên);127000;Diclofenac natri 100mg;Lekhim-Kharkov;Hộp;https://www.pharmacity.vn/product/bunchen-100mg-2-vi-x-5-vienhop
Viên nén Cotriseptol 480 Quapharco điều trị nhiễm khuẩn (10 vỉ x 20 viên);74900;Sulfamethoxazol 400mg, trimethoprim 80mg;Công ty cổ phần Dược phẩm Quảng Bình;Hộp;https://www.pharmacity.vn/product/cotriseptol-480-quapharco-10vi-x-20vien
Viên nang cứng Pyfaclor 250 Pymepharco điều trị nhiễm khuẩn (hộp 12 viên);100000;Cefaclor 250mg;Pymepharco;Hộp;https://www.pharmacity.vn/product/pyfaclor-250-pymepharco-2vi-x-10vien
Lequin ( Hộp 5ml);12900;Levofloxacin 25mg;Vidipha;Chai;https://www.pharmacity.vn/product/lequin-vidipha-5ml
Revolade 25mg (Hộp 4 vỉ x 7 viên);11004000;eltrombopag 25mg;Novartis;Hộp;https://www.pharmacity.vn/product/revolade-25mg-hop-4-vi-x-7-vien
Quibay 1g/5ml HBM Pharma (Hop 10ong) Inj;13000;Piracetam 200mg/ml;;Ống;https://www.pharmacity.vn/product/quibay-1g5ml-hbm-pharma-hop-10ong-inj
Viên nang Fiora điều trị thiếu máu do thiếu sắt (3 vỉ x 10 viên);150000;"Sắt hydroxyd polymaltose complex 1785mg,
Acid folic 0.175mg
Pyridoxin HCl 1mg";Merap Group;Hộp;https://www.pharmacity.vn/product/fiora-30vien
Viên nén Newz Avalo 0,03mg tránh thai hàng ngày (có thể dùng cho phụ nữ cho con bú) (1 vỉ x 28 viên);35000;Levonorgestrel 0,03mg;Newz Avalo;Hộp;https://www.pharmacity.vn/product/newz-avalo-28-vien
Viên nén Ezetimibe STADA 10 mg điều trị rối loạn mỡ máu (3 vỉ x 10 viên);110000;Ezetimibe 10mg;STADA;Hộp;https://www.pharmacity.vn/product/ezetimibe-stada-10-mg-3vi-x-10vien
Viên nén Piracetam STADA 800 mg điều trị triệu chứng rối loạn nhận thức, chóng mặt (3 vỉ x 15 viên);74000;Piracetam 800mg;STADA;Hộp;https://www.pharmacity.vn/product/piracetam-stada-800-mg-3vi-x-15vien
Viên nang Cadipredni điều trị viêm thấp khớp, hen suyễn, lupus ban đỏ hệ thống (chai 500 viên);152000;Prednisolone  5mg;;Hộp;https://www.pharmacity.vn/product/cadipredni-chai-500-vien
TS-One 25mg (4 vi x 14 vien);9900000;Tegafur, Gimeracil, Gimeracil 25mg, 7,25mg, 24,5mg;Taiho Pharmaceutical Co., Ltd;Hộp;https://www.pharmacity.vn/product/ts-one-25mg-4-vi-x-14-vien
Tagrisso 80mg AstraZeneca (Hộp 3 x 10 viên);83250000;Osimertinib  80mg;AstraZeneca;Hộp;https://www.pharmacity.vn/product/tagrisso-80mg-astrazeneca-hop-3-x-10-vien
Keytruda 25mg/ml Merck (Hộp 1 lọ x 4ml);63500000;Pembrolizumab 25mg/4ml;Merck Sharp & Dohme;Lọ;https://www.pharmacity.vn/product/keytruda-25mgml-merck-hop-1-lo-x-4ml
Ibrance 100mg CAP Pfizer (Hộp 1 vỉ x 7 viên);4467000;PALBOCICLIB 100 MG;Pfizer PBG;Hộp;https://www.pharmacity.vn/product/ibrance-100mg-cap-pfizer-hop-1-vi-x-7-vien
Herceptin 150mg vialRoche (Hộp 1 lọ);16500000;TRASTUZUMAB 150mg;Roche;Lọ;https://www.pharmacity.vn/product/herceptin-150mg-vial-roche-hop-1-lo
Dung dịch uống ATIGIMIN 1000MG hạ men gan, tăng cường chức năng gan, bổ gan (30 ống x 10ml);409000;ARGININE 1000 mg;;Hộp;https://www.pharmacity.vn/product/atigimin-vial-orl-1000mg-10ml-30
You Care Cream 5% (Hộp 12 Gói);81500;Imiquimod 5% 0,05mg;;Gói;https://www.pharmacity.vn/product/you-care-cream-5-hop-12-goi-
Tenaspec Choline Alfoscerate MEDIPLANTEX 800mg;27500;Choline alfoscerate 800mg 800mg;Mediplantex;Viên;https://www.pharmacity.vn/product/tenaspec-choline-alfoscerate-mediplantex-800mg
Latandrops - Hộp 1 lọ 2,5ml;240000;Latanoprost 50µg (mcg) 50 mcg;Vianex S.A;Lọ;https://www.pharmacity.vn/product/latandrops---hop-1-lo-25ml-
Nanokine 2000IU/ml Nanogen điều trị thiếu máu;140000;Recombinant Human Erythropoietin alfa 2000 IU/1ml;;Lọ;https://www.pharmacity.vn/product/nanokine-2000iuml-nanogen-dieu-tri-thieu-mau
CIMAHer CIM (5mg/ml) Hộp chứa 4 lọ dung dịch 10ml;21800000;Nimotuzumab  5mg/ml;Centro de Inmunologia Molecular (CIM);Hộp;https://www.pharmacity.vn/product/cimaher-cim-5mgml-hop-chua-4-lo-dung-dich-10ml
Thuốc tiêm Puregon 300IU/0.36Ml điều trị không rụng trứng ở phụ nữ không đáp ứng clomiphene citrate;3420480;Follitropin Beta 300IU;Organon;Hộp;https://www.pharmacity.vn/product/puregon-crtrsy-300iu-036ml
Zytiga 250mg (Lo 120 vien);35350000;Abiraterone acetate 250mg;Janssen;Hộp;https://www.pharmacity.vn/product/zytiga-250mg-lo-120-vien
Afinitor 10mg Novartis (3 Vi x 10 Vien);40500000;Everolimus 10 mg 10mg;Novartis;Hộp;https://www.pharmacity.vn/product/afinitor-10mg-novartis-3-vi-x-10-vien
Farinceft 500 mg (Hop/10 Vien);103000;cefuroxim 500 mg;Mediplantex;Hộp;https://www.pharmacity.vn/product/farinceft-500-mg-hop10-vien
Viên nén MIKFEPRIS 10MG ngừa thai khẩn cấp 120 giờ (1 vỉ x 1 viên);4000;Mifepriston 10mg;Foripharm (TW3);Hộp;https://www.pharmacity.vn/product/mikfepris-tab-10mg-box-1
Viên nén Losapin 50mg điều trị tăng huyết áp (3 vỉ x 10 viên);74990;Losartan potassium 50mg;SPM;Hộp;https://www.pharmacity.vn/product/losapin-50-spm-hop-3-vi-x-10-vien
Ufur capsule 100mg/224mg (Hộp 7 Vỉ x 10 Viên);3310000;Tegafur, Uracil 100mg, 224mg;TTY BIOPHARM;Hộp;https://www.pharmacity.vn/product/ufur-capsule-100mg224mg-hop-7-vi-x-10-vien
Viên uống Donox Domesco 20mg điều trị đau thắt ngực (3 vỉ x 10 viên);150000;Isosorbid Mononitrat 20mg;Domesco;Hộp;https://www.pharmacity.vn/product/donox-20mg-3vi-x-10vien
Tormeg-10 MEGA (Hộp 3 vỉ x 10 viên);96000;Atorvastatin (dưới dạng Atorvastatin calcium) 10mg  10mg;Pharmathen S.A;Hộp;https://www.pharmacity.vn/product/tormeg-10-mega-hop-3-vi-x-10-vien
Gregory-2 Davipharm (Hộp 60 viên);1667;"Glimepiride

2mg 2mg";Davipharm;Viên;https://www.pharmacity.vn/product/gregory-2-davipharm-hop-60-vien
Rocalcic 50IU/ml Inj Panpharma (Hộp 5 ống x 1ml);92000;Calcitonin salmon 50IU/ml Calcitonin salmon 50IU/ml;PANPHARMA;Ống;https://www.pharmacity.vn/product/rocalcic-50iuml-inj-panpharma-hop-5-ong-x-1ml
Decontractyl 250mg(Hộp 2 vỉ x 30 viên);46500;Mephenesin 250mg;Sanofi Others;Hộp;https://www.pharmacity.vn/product/decontractyl-250mg50vien
Cloraxin 0.4% (Lọ 10ml);6000;Chloramphenicol 0.04g;Duoc pham 3/2;Chai;https://www.pharmacity.vn/product/thuoc-nho-mat-dieu-tri-viem-ket-mac-cap-tinh-loet-giac-mac-cloraxin-04-10ml
Siro Ameflu Multi-Symtom Relief điều trị các triệu chứng cảm cúm (chai 60ml);21000;Paracetamol 500mg, Dextromethorphan 7.5mg, Chlorphenamin 1mg, Pseudoephedrin 15mg;Ameflu;Chai;https://www.pharmacity.vn/product/siro-dieu-tri-cac-trieu-chung-cam-lanh-cam-cum-thong-thuong-ameflu-multi-symptom-relief-60ml
Concor COR Tab 2.5mg(2 vỉ x 14 viên);94300;Bisoprolol 2.5mg;Concor;Hộp;https://www.pharmacity.vn/product/concor-cor-tab-25mg2-vi-x-14-vien
Viên bao phim Novomycine 1.5 M.IU điều trị nhiễm khuẩn (2 vỉ x 8 viên);42000;Spiramicin 1.500.000 IU;Mekophar;Hộp;https://www.pharmacity.vn/product/thuoc-dieu-tri-nhiem-khuan-da-xuong-tai-mui-hong-novomycine-15-miu-2-vi-x-8-vienhop
Piracetam 400mg;32000;Piracetam 400mg;Mebiphar;Hộp;https://www.pharmacity.vn/product/piracetam-400mg
Sodium Chloride 0.9% (Chai 500ml);18000;Sodium chloride 0.9%w/w;Mekophar;Chai;https://www.pharmacity.vn/product/sodium-chloride-09-dung-dich-truyen
Viên nén Levoquin 500 điều trị viêm xoang, viêm phế quản, viêm phổi (2 vỉ x 4 viên);50000;Levofloxacin 500mg;Pymepharco;Hộp;https://www.pharmacity.vn/product/thuoc-dieu-tri-viem-xoang-cap-viem-tuyen-tien-liet-levoquin-500mg
Cefadroxil 500mg (Hộp 10 viên);18000;Cefadroxil 500mg;Vidipha;Hộp;https://www.pharmacity.vn/product/thuoc-dieu-tri-nhiem-khuan-duong-tiet-nieu-duong-ho-hap-cefadroxil-500mg
Viên nén Cefuroxim 500mg kháng sinh điều trị nhiễm khuẩn (1 vỉ x 10 viên);95000;Cefuroxime 500mg;GLOMED-ABBOTT;Hộp;https://www.pharmacity.vn/product/cefuroxim-500mg-hop-2-vi-x-5-vien
Thuốc điều trị các trường hợp nhiễm khuẩn Serviciillin 500mg (10 vỉ x 10 viên/lốc);190000;Ampicillin 500mg;Sandoz;Lốc;https://www.pharmacity.vn/product/oos-by-ncc-serviciillin-500mg
Viên nén Idarac 200mg điều trị chứng đau cấp và mạn tính ở người lớn (2 vỉ x 10 viên);68000;Floctafenin 200mg;Roussel;Hộp;https://www.pharmacity.vn/product/thuoc-dieu-tri-cac-chung-dau-muc-do-nhe-den-trung-binh-idarac-200mg
Dalacin T 1% (Chai 30ml);139000;Clindamycin 10mg;Pfizer PBG;Chai;https://www.pharmacity.vn/product/dung-dich-dieu-tri-mun-trung-ca-dalacin-t-1-30ml
Mecam 7.5mg (Hộp 3 vỉ x 10 viên);45000;Meloxicam 7.5mg;Sanofi GEM;Hộp;https://www.pharmacity.vn/product/mecam-75mg-tab
Levitra 20mg (Hộp 1 vỉ x 4 viên);799000;Vardenafil 20mg;Bayer WHC;Hộp;https://www.pharmacity.vn/product/thuoc-dieu-tri-roi-loan-chuc-nang-cuong-duong-o-nam-gioi-truong-thanh-levitra-20mg
Dorocardyl 40mg (Hộp 1 chai x 100 viên);40000;Propranolol 40mg;Domesco;Chai;https://www.pharmacity.vn/product/thuoc-dieu-tri-dau-that-nguc-loan-nhip-tim-dorocardyl-40mg
Trangala A (Hộp 1 lọ);9000;Chloramphenicol 2g, Dexamethasone Acetat 0.05g, Mỡ trăn 5g;QM.Mediphar;Tuýp;https://www.pharmacity.vn/product/trangala-a
Mekocefaclor 375mg (Hộp 1vỉ x 10 viên);43000;Cefaclor 375mg;Mekophar;Hộp;https://www.pharmacity.vn/product/mekocefaclor-375mg-h1vi10vien
Thuốc kháng viêm, giảm đau xương khớp mãn tính Zengesic Stada 500g ( 10 vỉ x 10 viên);62000;Paracetamol 500mg, Diclofenac 50mg;STADA;Hộp;https://www.pharmacity.vn/product/thuoc-khang-viem-giam-dau-xuong-khop-man-tinh-zengesic-stada-500g-10-vi-x-10-vien
Cimetidin Stada 400mg (Hộp 5 vỉ x 10 viên);29000;Cimetidin 400mg;STADA;Hộp;https://www.pharmacity.vn/product/oos-by-ncc-cimetidin-400mg-stada
Di-Ansel (Hộp 2 vỉ x 10 viên);70000;Paracetamol 400mg, Codeine 30mg, Caffeine 30mg;Roussel;Hộp;https://www.pharmacity.vn/product/thuoc-giam-dau-di-ansel-2-vi-x-10-vienhop
Ameflu Night Time (Hộp 10 vỉ x 10 viên);110000;Paracetamol 500mg, Pseudoephedrin 30mg, Dextromethorphan 15mg, Chlorphenamin 2mg;Ameflu;Hộp;https://www.pharmacity.vn/product/ameflu-night-time-hop-10-vi-x-10-vien
Dexamethasone 0.5mg Mekophar (Hộp 1 chai x 500 viên nén);35000;Dexamethasone 0.5mg;Mekophar;Lọ;https://www.pharmacity.vn/product/dexamethasone-05mg-mekophar-500vienchai-ma-trung
Viên nén Hasancetam 800mg các bệnh tổn thương não, chóng mặt (10 vỉ x 10 viên);100000;Piracetam 800mg;Hasan- Demarpharm;Hộp;https://www.pharmacity.vn/product/thuoc-dieu-tri-roi-loan-chuc-nang-nao-hasancetam-800mg-10-vi-x-10-vienhop
Thuốc điều trị tăng huyết áp Valsartan Stada 80mg (3 vỉ x 10 viên/hộp);157000;Valsartan 80mg;STADA;Hộp;https://www.pharmacity.vn/product/thuoc-dieu-tri-tang-huyet-ap-valsartan-stada-80mg-3-vi-x-10-vienhop
Metronidazol Stada 250mg (Hộp 2 vỉ x 10 viên);20000;Metronidazol 250mg;STADA;Hộp;https://www.pharmacity.vn/product/thuoc-dieu-tri-va-phong-ngua-cac-loai-nhiem-khuan-loet-tieu-hoa-metronidazol-stada-250mg-2-vi-x-10-vienhop
Viên nén Itametazin 5mg điều trị dị ứng, hen do phấn hoa (2 vỉ x 7 viên);66000;Mequitazine 5mg;Industria Terapeutica Splendore;Hộp;https://www.pharmacity.vn/product/thuoc-dieu-tri-di-ung-va-dung-trong-cac-truong-hop-qua-man-itametazin-5mg-2vi-x-7vien
Augmentin SR  1000mg/62.5mg (Hộp 7 vỉ  x 4 Viên);673000;Amoxicillin 1000mg,  Clavulanic 62.5mg;GSK ETC;Hộp;https://www.pharmacity.vn/product/augmentin-sr-tab-1000mg625mg-7vi-x-4vien
Duac Akne Gel (Tuýp 10g);228000;Clindamycin 100mg, Benzoyl peroxid 50mg;GSK ETC;Hộp;https://www.pharmacity.vn/product/duac-gel-10g-r
Flutonin 10mg (Hộp 3 vỉ  x 10 viên);39000;Fluoxetin 10mg;Hasan- Demarpharm;Hộp;https://www.pharmacity.vn/product/thuoc-dieu-tri-roi-loan-tram-cam-hoang-loan-flutonin-10mg-3-vi-x-10-vienhop
Cefixime 200 (Hộp/10Viên);25000;Cefixime 200mg;Flamingo;Hộp;https://www.pharmacity.vn/product/thuoc-dieu-tri-viem-nhiem-khuan-cefixime-200-an-do-hop10vien
Kem điều trị các triệu chứng tại chỗ các tình trạng nhiễm nấm Amfuncid Cream 1% (10g);10000;Clotrimazol 10g;Sanofi GEM;Hộp;https://www.pharmacity.vn/product/oos-by-ncc-amfuncid-cream-1-10g
Forsancort Tube 10g;30000;Hydrocortisone 1%w/w;Medipharco- Tenamyd;Tuýp;https://www.pharmacity.vn/product/forsancort-tube-10g
Zanimex 250mg (2 Vỉ x 5 Viên);80000;Cefuroxime 250mg;Imexpharm;Hộp;https://www.pharmacity.vn/product/zanimex-250mg-2vi-x-5vien
Thuốc chống viêm và giảm miễn dịch đối với viêm khớp dạng thấp Stadasone 16 (3 vỉ x 10 viên/hộp);73000;Methylprednisolone 16mg;STELLA;Hộp;https://www.pharmacity.vn/product/oos-by-ncc-stadasone-16-3vi-x-10vien
Vashasan MR 35mg (60 viên);80000;Trimetazidine dihydrochloride 35mg;Hasan- Demarpharm;Hộp;https://www.pharmacity.vn/product/vashasan-mr-35mg60vien
Viên nén Plavix 300mg phòng ngừa thành lập cục máu đông, huyết khối (1 vỉ x 30 viên);2322000;Clopidogrel 300mg;Sanofi GEM;Hộp;https://www.pharmacity.vn/product/plavix-300mg30vien
Temprosone Cream (Tuýp 30g);24000;Betamethason 15mg;STELLA;Tuýp;https://www.pharmacity.vn/product/kem-dieu-tri-cac-benh-ve-da-temprosone-cream-30g
Cefixim 100 (10 gói x 1,5g);29000;Cefixime 100mg;Cagipharm;Hộp;https://www.pharmacity.vn/product/cefixime-100mg-cagipharm-10goihop
Clopivir 75mg (Hộp 3 vỉ x 10 viên);82000;Clopidogrel 75mg;Other;Hộp;https://www.pharmacity.vn/product/clopivir-75mg-3vi-x10vien
Breakin 150mg (Hộp 3 vỉ x 10  viên);230000;Bupropion 150mg;Davipharm;Hộp;https://www.pharmacity.vn/product/breakin-150mg-hop30-vien
Gloverin 40mg (Hộp 3 vỉ x 10 viên);15000;Alverin citrat 40mg;GLOMED-ABBOTT;Hộp;https://www.pharmacity.vn/product/thuoc-dieu-tri-cac-chung-dau-co-that-trong-roi-loan-tieu-hoa-gloverin-3-vi-x-10-vienhop
Kimose 40mg (Hộp 10 vỉ x 10 viên);250000;Bromelain  4mg, Trypsin 1mg;Boston;Hộp;https://www.pharmacity.vn/product/kimose-40mg-hop-10-vi-x-10-vien
Viên nén nhai Smart Air 5mg dự phòng và điều trị bệnh hen phế quản mạn tính (hộp 10 viên);60000;Montelukast 5mg;Abbott;Hộp;https://www.pharmacity.vn/product/thuoc-du-phong-va-dieu-tri-hen-phe-quan-man-tinh-smart-air-5mg-10-vienhop
Imdur AstraZeneca 30mg (Hộp 2 vỉ x 15 viên);113000;Isosorbide mononitrate 30mg;AstraZeneca;Hộp;https://www.pharmacity.vn/product/imdur-tab-30mg-2vi-x14vien
Viên sủi bọt Savi Alendronate Forte phòng và điều trị loãng xương (3 vỉ x 4 viên);482500;Alendronate Sodium 70mg;Savi;Hộp;https://www.pharmacity.vn/product/thuoc-dieu-tri-loang-xuong-o-phu-nu-man-kinh-va-loang-xuong-o-nam-gioi-savi-alendronate-forte-3-vi-x-4-vienhop
Solupred 5mg ORO ( Lọ 30 viên);144000;Prednisolone 5mg;Sanofi GEM;Hộp;https://www.pharmacity.vn/product/solupred-5mg-oro-3vi-x-10vien
Mufphy (Hộp 3 vỉ x 10 viên);225000;Erdosteine 300mg;Deltapharm;Hộp;https://www.pharmacity.vn/product/mufphy-3vi-x-10vien
Protase (Hộp 10 vỉ x 10 viên);188000;Bromelain 40mg,  Trysin 1mg;Daeshin;Hộp;https://www.pharmacity.vn/product/protase10vi-x-10vien
Cefixim 400mg (Hộp 1 vỉ x 10 viên);110000;Cefixime 400mg;Cagipharm;Hộp;https://www.pharmacity.vn/product/thuoc-dieu-tri-cac-benh-viem-nhiem-khuan-duong-tiet-nieu-cefixim-400-h10vien-cgp
Tinizol (Hộp 10 vỉ x 10 viên);59000;Tinidazole 500mg;Domesco;Hộp;https://www.pharmacity.vn/product/tinidazole-h100vien
Protopic 0,1% (Hộp 1 tuýp);689000;Tacrolimus 0.1%w/w;Janssen;Tuýp;https://www.pharmacity.vn/product/thuoc-boi-tri-benh-cham-che-tang-protopic-01
Lipanthyl 300mg (Hộp 3 vỉ x 10 viên);199000;Fenofibrate 300mg;Abbott;Hộp;https://www.pharmacity.vn/product/lipanthyl-300mg-hop-3-vi-x-10-vien
Glucophage XR 500mg (Hộp 4 vỉx15 viên);310000;Metfomin 500mg;Glucophage;Hộp;https://www.pharmacity.vn/product/thuoc-dieu-tri-benh-dai-thao-duong-type-2-glucophage-xr-500mg-4-vi-x-15-vienhop
Isotrex gel 0.05% w/w;36500;Isotretinoin 0.05%w/w;Stiefel;Hộp;https://www.pharmacity.vn/product/isotrex-cre-005
Lamzidivir (Hộp 5 vỉ x 6 viên);354000;Lamivudine 150mg, Zidovudine 300mg;STELLA;Hộp;https://www.pharmacity.vn/product/lamzidivir
Thuốc dùng ngoài T3- Mycin điều trị mụn trứng cá thông thường (tuýp 25g);96000;Clindamycin 1.2%w/w;HOE Pharmaceuticals;Tuýp;https://www.pharmacity.vn/product/thuoc-dieu-tri-cac-truong-hop-mun-trung-ca-dang-gel-t3-mycin-25g
Hapacol CF (Hộp 10 vỉ x 5 viên);35000;Paracetamol 500mg, Loratadin 5mg, Dextromethorphan 15mg;DHG Pharma;Hộp;https://www.pharmacity.vn/product/hapacol-cf-hop-10-vi-x-5-vien
Bostacet (Hộp 20 viên);222000;Paracetamol 325mg, Tramadol 37.5mg;Boston;Hộp;https://www.pharmacity.vn/product/bostacet-h30v
Thuốc điều trị tim mạch Felodil 5mg (Hộp 100 viên);324500;Felodipine 5mg;Korea United Pharm;Hộp;https://www.pharmacity.vn/product/thuoc-dieu-tri-tim-mach-felodil-5mg-h100v
Viên nén bao đường Pectol điều trị các chứng ho đàm, suyễn do cảm mạo (chai 30 viên);15200;Terpin Hydrat , Natri Benzoat ;Sagopha;Chai;https://www.pharmacity.vn/product/thuoc-ho-dieu-tri-chung-ho-dam-suyen-do-cam-mao-pectol-30-vienchai
Lilido (12 Vỉ  x 5 Viên);224000;L-Ornithin L-Aspartat, Garlic fluid extract, Cyanocobalamin;Nam Ha;Hộp;https://www.pharmacity.vn/product/lilido-12vi-x-5vien
Servispor 500mg;188000;Cephalexin 500mg;Sanofi GEM;Lốc;https://www.pharmacity.vn/product/servispor-500mg
Tobrex 0.3% (3.5g);57000;Tobramycin 0.3%w/w;Novartis;Tuýp;https://www.pharmacity.vn/product/thuoc-mo-dieu-tri-nhiem-trung-ngoai-nhan-cau-do-vi-khuan-gay-ra-tobrex-03-35g
Candelong 4mg (Hộp 10 vỉ x 10 viên);320000;Candesartan 4mg;Other;Hộp;https://www.pharmacity.vn/product/candelong-4-hop-10-vi-x-10-vien
Candelong 8 (Hộp 10 vỉ x 10 viên);412000;Candesartan 8mg;Other;Hộp;https://www.pharmacity.vn/product/candelong-8-hop-10-vi-x-10-vien
Candibiotic (Lọ 5ml);52000;Chloramphenicol 5%w/w, Clotrimazole 1%w/w, Beclometasone 0.025%w/w, Lidocaine 2%w/w;Glenmark;Hộp;https://www.pharmacity.vn/product/candibiotic-5ml-lo
Thuốc dự phòng và điều trị chứng đau thắt ngực SMN Stada 60mg (10 vỉ x 10 viên/hộp);217100;Isosorbide mononitrate 60mg;STADA;Hộp;https://www.pharmacity.vn/product/ismn-stada-60mg-hop100v
Fleet enema (Hộp 1 chai x 133ml);49000;Monobasic Natri Phosphat 7,2g, Dibasic Natri Phosphate  2,7g/15ml;Fleet Laboratories;Chai;https://www.pharmacity.vn/product/fleet-45ml
Thuốc điều trị các nhiễm khuẩn thể nhẹ và vừa do các vi khuẩn còn nhạy cảm gây ra Medsidin 125mg (12 gói/hộp);99000;Cefdinir 125mg;GLOMED-ABBOTT;Hộp;https://www.pharmacity.vn/product/oos-by-ncc-medsidin-125mg
Viên nén bao phim Glocor 2,5mg điều trị tăng huyết áp, đau thắt ngực, suy tim (3 vỉ x 10 viên);50000;Bisoprolol 2.5mg;GLOMED-ABBOTT;Hộp;https://www.pharmacity.vn/product/glocor-25mg
Viên nén bao phim Hapacol CF điều trị triệu chứng cảm sốt nhức đầu (25 vỉ x 10 viên);180700;Paracetamol 325mg, Phenylephrin 5mg, Dextromethorphan 10mg;DHG Pharma;Hộp;https://www.pharmacity.vn/product/hapacol-cf-25-vi-x-10-vien
Curam 625mg ( Hộp 2 vỉ x 5 viên);119000;Amoxicillin 500mg,  Clavulanic 125mg;Novartis;Hộp;https://www.pharmacity.vn/product/curam-tab-625mg-2vi-x-5-vien-nen
Betahistine Stalla 16mg (Hộp 10 vỉ x 10 viên);109000;Betahistine 16mg;STADA;Hộp;https://www.pharmacity.vn/product/betahistine-stella-16mg-hop-10-vi-x-10-vien
Xarelto 15mg ( hộp 1 vỉ x 14 viên);850990;Rivaroxaban 15mg;Bayer (Others);Hộp;https://www.pharmacity.vn/product/xarelto-tab-15mg-h14-vien
Viên ngậm Bảo Thanh dùng để bổ phế, trừ ho, hoá đờm (20 vỉ x 5 viên);154000;Xuyên bối mẫu 0.4g, Tỳ bà lá 0.5g, Sa sâm 0.1g, Phục linh 0.1g, Trần bì 0.1g, Cát cánh 0.4g, Bán hạ 0.1g, Ngũ vị tử 0.05g, Qua lâu nhâu 0.2g, Viễn chí 0.1g, Gừng 0.1g, Cam thảo 0.1g;Bao Thanh;Hộp;https://www.pharmacity.vn/product/thuoc-ho-bao-thanh-vien-ngam-20vi-1vih
Ibuprofen Stada 400mg (Hộp 10 vỉ x 10 viên);99000;Ibuprofen 400mg;STADA;Hộp;https://www.pharmacity.vn/product/ibuprofen-stada-400mg-10vi-x-10vien
Viên nén bao phim Gentlemax điều trị thiểu năng tuần hoàn não (3 vỉ x 10 viên);25000;Ginkgo biloba 40mg;SPM;Hộp;https://www.pharmacity.vn/product/thuoc-dieu-tri-thieu-nang-tuan-hoan-nao-va-bieu-hien-chuc-nang-gentlemax-3-vi-x-10-vienhop
Viên nén Meloxicam 7.5 mg Danapha trị bệnh thoái hóa khớp, viêm cột sống dính khớp (3 vỉ x 10 viên);24000;Meloxicam 7.5mg;Danapha;Hộp;https://www.pharmacity.vn/product/thuoc-dieu-tri-viem-khop-lam-giam-dau-sung-va-cung-khop-meloxicam-75-mg-3-vi-x-10-vien
Mifepristone 10 (Hộp 1 vỉ x 1 viên);10000;Mifepriston 10mg;Sao Kim;Hộp;https://www.pharmacity.vn/product/thuoc-ngua-thai-khan-cap-trong-vong-120-gio-mifepriston-10mg-hop-1-vien
Skenesin 125mg (Hộp 10 Vỉ x 10 Viên);92000;Chlorphenesin carbamat 125 mg 125mg;Pymepharco;Hộp;https://www.pharmacity.vn/product/thuoc-dieu-tri-trieu-chung-cac-con-co-that-co-skenesin-125mg-10-vi-x-10-vien
DH - Captohasan 25 (10 Vỉ x 10 Viên);68000;Captopril 25mg;Hasan- Demarpharm;Hộp;https://www.pharmacity.vn/product/thuoc-dieu-tri-tang-huyet-ap-suy-tim-captohasan-25mg-10-vi-x-10-vien
Viên nén Risenate 70mg điều trị loãng xương (1 vỉ x 4 viên);12800;Alendronat 70mg;Davipharm;Hộp;https://www.pharmacity.vn/product/thuoc-dieu-tri-loang-xuong-o-phu-nu-man-kinh-risenate-70mg-1-vi-x-4-vienhop
Bi-Preterax (Hộp 1 Vỉ x 30 Viên);210000;Perindopril 4mg, Indapamid 1,25mg;Servier International;Hộp;https://www.pharmacity.vn/product/thuoc-dieu-tri-tang-huyet-ap-bi-preterax-1-vi-x-30-vienhop
Nitramyl 2.6mg (Hộp 3 vỉ x 10 viên);47000;Nitroglycerin 2.6 mg;Ha Tay;Hộp;https://www.pharmacity.vn/product/nitramyl-26mg-3-vi-x-10-vienhop
Mycogynax (Hộp 1 vỉ x 12 viên);12000;Metronidazol 200mg, Chloramphenicol 80mg, Dexamethason acetat 0.5mg, Nystatin  100.000 IU;Mekophar;Hộp;https://www.pharmacity.vn/product/mycogynax-1-vi-x-12-vienhop
Vaslor 10mg (Hộp 4 vỉ x 7 viên);35000;Atorvastatin 10mg;Davipharm;Hộp;https://www.pharmacity.vn/product/vaslor-10mg-4-vi-x-7-vienhop
Viên nén Sekaf 500mg trị các rối loạn mạch máu não, Parkinson và chấn thương đầu (2 vỉ x 10 viên);250000;Citicolin 500mg;Davipharm;Hộp;https://www.pharmacity.vn/product/sekaf-500mg-hop-2-vi-x-10-vien
Ibumed 400mg (Chai 100 viên);125000;Ibuprofen 400 mg;GLOMED-ABBOTT;Chai;https://www.pharmacity.vn/product/ibumed-400mg-100-vienchai
Ceforipin 200mg (Hộp 10 vỉ x 10 viên);510000;Cefpodoxim 200mg;TVPharma;Hộp;https://www.pharmacity.vn/product/ceforipin-200mg-hop-10-vi-x-10-vien
Ribazole 500mg (2 vỉ x 5 viên);127000;Ribavirin 500mg;Getz Pharm;Hộp;https://www.pharmacity.vn/product/ribazole-500mg-2vi-x-5vien
Viên nén Agimdogyl phòng và điều trị nhiễm trùng răng miệng cấp tính, mạn tính (2 vỉ x 10 viên);40000;Spiramycin 750 000IU, Metronidazol 125mg;AGIPHARM;Hộp;https://www.pharmacity.vn/product/agimdogyl-2-vi-x-10-vienhop
Viên nén Terbisil 250mg điều trị các bệnh nấm da, lông, tóc, móng (4 vỉ x 7 viên);590000;Terbinafin 250mg;Santa;Hộp;https://www.pharmacity.vn/product/thuoc-dieu-tri-nam-terbisil-250mg-4-vi-x-7-vien-hop
Fordia 500mg (10 vỉ x 10 viên/hộp);84000;Metfomin 500mg;United Pharma;Hộp;https://www.pharmacity.vn/product/fordia-500mg-10-vi-x-10-vienhop
Nitraxam 1.5mg/10mg (6 Vỉ x 5 Viên);175000;Indapamide 1.5mg, Amlodipin 10mg;Servier International;Hộp;https://www.pharmacity.vn/product/nitraxam-15mg10mg-6vi-x-5vien
Drofen 150mg (1 Vỉ x 1 Viên);335000;Ibandronic 150mg;Abbott;Viên;https://www.pharmacity.vn/product/drofen-150mg-1-vi-x-1-vien
Viên nén bao phim Fabapoxim 200mg điều trị nhiễm khuẩn (1 vỉ x 10 viên);50900;Cefpodoxim 200mg;Pharbaco (TW1);Hộp;https://www.pharmacity.vn/product/fabapoxim-200mg-1-vi-x-10-vienhop
Remebentin 400mg (5 vỉ x 10 viên/hộp);205000;Gabapentin 400mg;Remadica;Hộp;https://www.pharmacity.vn/product/remebentin-400mg-5-vi-x-10-vienhop
Viên nén Alphachymotrypsin 4.2mg phù nề sau chấn thương, phẫu thuật, bỏng (5 vỉ x 10 viên);33000;Alphachymotrypsin 4200UI;Alphachymotrypsin;Hộp;https://www.pharmacity.vn/product/alphachymotrypsin-42mg-pvc-5-vi-x-10-vienhop
Viên giải phóng có kiểm soát Efexor XR 37.5mg điều trị rối loạn trầm cảm và lo âu (1 vỉ x 7 viên);70700;Venlafaxin 37.5mg;Viatris (Pfizer UpJohn);Hộp;https://www.pharmacity.vn/product/efexor-xr-375mg-1-vi-x-7-vienhop
Viên nang Gabantin 300mg trị động kinh, viêm dây thần kinh (3 vỉ x 10 viên);90000;Gabapentin 300mg;Sun Pharma;Hộp;https://www.pharmacity.vn/product/gabantin-300mg-3-vi-x-10-vienhop
Viên nén Sezstad 10mg Stella điều trị tăng cholesterol máu, giảm mỡ máu (3 vỉ x 10 viên);90000;Ezetimib 10mg;STELLA;Hộp;https://www.pharmacity.vn/product/sezstad-10mg-hop-3-vi-x-10-vien
Dung dịch ống uống Bicanma bổ sung calci và magie, điều trị suy nhược chức năng (2 vỉ x 10 ống);100000;Magnesium gluconate 0,426 g 0,426 g,  Calcium glycerophosphate 0,456 g   0,456 g;BIDIPHAR;Hộp;https://www.pharmacity.vn/product/bicanma-10ml-hop-20-ong
Rovathepharm 200mg (2 vỉ x 10 viên/hộp);48000;Acetylspiramycin 200mg;Thephaco;Hộp;https://www.pharmacity.vn/product/rovathepharm-200mg-2-vi-x-10-vienhop
PT- Colin 100mg (3 vỉ x 10 viên/hộp);316000;Citicolin natri 100mg;Mediplantex;Hộp;https://www.pharmacity.vn/product/pt-colin-100mg-3-vi-x-10-vienhop
Viên nang cứng Dodylan 550mg điều trị các bệnh lý về gan (chai 60 viên);75000;Diệp hạ châu đắng 550mg;Domesco;Lọ;https://www.pharmacity.vn/product/dodylan-550mg-lo-60vien
Viên nén Indopril 5 Stella điều trị tăng huyết áp (3 vỉ x 10 viên);139000;Imidapril Hydroclorid 5mg;STELLA;Hộp;https://www.pharmacity.vn/product/indopril-5-3-vi-x-10-vienhop
Albis (Hộp 3 vỉ x 10 viên);270000;Ranitidin 75mg, Tripotassium bismuth dicitrat  100mg, Sucralfat  300mg;Daewoong Pharm;Hộp;https://www.pharmacity.vn/product/albis-hop-3-vi-x-10-vien
Viên nén Surotadina 10mg điều trị tăng cholesterol máu, giảm mỡ máu (14 vỉ x 7 viên);1067860;Rosuvastatin 10mg 10mg;Pharmaceutical Works Adamed Pharma Joint Stock Company - BA;Hộp;https://www.pharmacity.vn/product/thuoc-dieu-tri-tang-cholesterol-trong-mau-surotadina-10mg-14-vi-x-7-vien-hop
Viên nang Lyodura 100mg hỗ trợ điều trị tiểu đường, Alzeimer, xơ vữa động mạch (4 vỉ x 15 viên);318000;Acid alpha lipoic 100mg;DP Trung uong CPC1;Hộp;https://www.pharmacity.vn/product/lyodura-100mg-4vi-x-15vien
Viên nén Orelox 100mg Sanofi kháng sinh điều trị nhiễm khuẩn (1 vỉ x 10 viên);167000;Cefpodoxim 100mg;Sanofi GEM;Hộp;https://www.pharmacity.vn/product/thuoc-dieu-tri-nhiem-khuan-orelox-100mg-sanofi-10-vien-x-1-vihop
Thuốc điều trị tăng mỡ máu, phòng biến cố tim mạch Lipidtab 20mg (3 vỉ x 10 viên/hộp);176000;Atorvastatin 20mg;Gia Nguyen;Hộp;https://www.pharmacity.vn/product/thuoc-dieu-tri-tang-mo-mau-phong-bien-co-tim-mach-lipidtab-20mg-3-vi-x-10-vienhop
Olesom-S 100ml Gracure (1Lo);54000;Salbutamol sulfat 1g/5ml, Ambroxol HCl 15mg/5ml;Troikka;Lọ;https://www.pharmacity.vn/product/olesom-s-100ml-gracure-1lo
Viên nang Canditral 100mg điều trị các bệnh nhiễm nấm (10 vỉ x 4 viên);422000;Itraconazole 100mg;Daewoong Pharm;Hộp;https://www.pharmacity.vn/product/canditral-100mg-glenmark-4vi-x-10vien
Etodolac 200 (3 vỉ x 10 viên/hộp);150000;Etodolac 200mg;Savi;Hộp;https://www.pharmacity.vn/product/etodolac-200-3-vi-x-10-vienhop
Thuốc bột Masozym-Zn bổ sung vi khuẩn có lợi cho đường tiêu hóa (30 gói x 2g);95000;Kẽm gluconat 21mg, Lactobacillus acidophilus 10^8 CFU;Hasan- Demarpharm;Hộp;https://www.pharmacity.vn/product/masozym-zn-hasan-30goihop
Vacocerin Caps (10 vỉ x 10 viên/hộp);115000;Diacerein 50mg;Vacopharm;Hộp;https://www.pharmacity.vn/product/vacocerin-caps-10-vi-x-10-vienhop
Viên nén bao phim Ravenell 125 Davipharm điều trị tăng áp lực động mạch phổi (4 vỉ x 14 viên);4944000;Bosentan 125mg;Davipharm;Hộp;https://www.pharmacity.vn/product/ravenell-125-hop-4-vi-x-14-vien
Tanacodion Thành Hộp (10 vỉ x 10 viên);42000;Terpin hydrat 100mg, Dextromethorphan HBr 10mg;Thanh Nam;Hộp;https://www.pharmacity.vn/product/tanacodion-thanh-nam-10vi-x-10vien
Duong tam an than (3vi x 10vien) Danapha;27000;Hoai son, lien nhuc, lien tam, Ba tu nhan, Toan táo nhân, La dau, la von, Long nhan;Danapha;Hộp;https://www.pharmacity.vn/product/duong-tam-an-than-3vi-x-10vien-danapha-km
Imeflox (Hộp 1 vỉ  x 10 viên);40000;Levofloxacin 500mg;Imexpharm;Hộp;https://www.pharmacity.vn/product/imeflox-500-10-vi-x-10-vienhop
Viên nang cứng Opxil 250 Imexpharm điều trị nhiễm khuẩn (10 vỉ x 10 viên);89900;Cephalexin 250mg;Imexpharm;Hộp;https://www.pharmacity.vn/product/opxil-250-10-vi-x-10-vienhop
Mephenesin 250 (5 vỉ x 10 viên/hộp);27500;Mephenesin 250mg;Imexpharm;Hộp;https://www.pharmacity.vn/product/mephenesin-250-5-vi-x-10-vienhop
Viên nén Domperidon Nadyphar điều trị triệu chứng nôn và buồn nôn (10 vỉ x 10 viên);35000;Domperidon 10mg;Nadyphar;Hộp;https://www.pharmacity.vn/product/domridon-nadyphar-10vi-x-10vien
Viên nén Methopil Danapha điều trị ngắn hạn các cơn đau và co thắt cơ (5 vỉ x 10 viên);99000;Methocarbamol 500mg;Danapha;Hộp;https://www.pharmacity.vn/product/methopil-5-vi-x-10-vienhop
Neupencap (3 vỉ x 10 viên/hộp);128250;Gabapentin 300mg;Danapha;Hộp;https://www.pharmacity.vn/product/neupencap-3-vi-x-10-vienhop
Keikai (Hộp 6 vỉ x 10 viên);80000;Melatonin 3mg;Đạt Vi Phú;Hộp;https://www.pharmacity.vn/product/keikai-dat-vi-phu-6vi-x-10vien
Dorolid 50mg (Hộp 10 gói);19500;Roxithromycin 50mg;Domesco;Hộp;https://www.pharmacity.vn/product/dorolid-50-domesco-10goi
Maxxsat 50 Fourrts (1vi x 4vien);36000;Sildenafil 50mg;Fourrts (India) Laboratories Pvt Ltd;Hộp;https://www.pharmacity.vn/product/maxxsat-50-fourrts-1vi-x-4vien
Viên nén bao phim Maxxcardio LA 2 Ampharco điều trị tăng huyết áp (3 vỉ x 10 viên);131500;Lacidipin 2mg;Ampharco U.S.A;Hộp;https://www.pharmacity.vn/product/maxxcardio-la-2-3-vi-x-10-vienhop
Viên nén bao phim Amfastat 20 Ampharco điều trị tăng lipid máu (10 vỉ x 10 viên);149000;Simvastatin 20mg;Ampharco U.S.A;Hộp;https://www.pharmacity.vn/product/amfastat-20-10-vi-x-10-vienhop
Midactam 375 (1 vỉ x 10 viên/hộp);74000;Sultamicilin 375mg;Minh Dan;Hộp;https://www.pharmacity.vn/product/midactam-375-1-vi-x-10-vienhop
Exjade 125mg (Hộp 4 vỉ x 7 viên);2980000;Deferasirox 125mg;Novartis;Hộp;https://www.pharmacity.vn/product/thuoc-dieu-tri-du-thua-sat-exjade-125mg-novartis-7-vien-x-4-vihop
Clarividi 500 (Hộp 2 vỉ x 10 viên);70000;Clarithromycin 500mg;Vidipha;Hộp;https://www.pharmacity.vn/product/clarividi-500-hop-2-vi-x-10-vien
Gludipha 850mg (Hộp 4 vỉ x 15 viên);65000;Metformin Hydroclorid 850mg;Vidipha;Hộp;https://www.pharmacity.vn/product/gludipha-850-hop-4-vi-x-15-vien
Viên nén phân tán Cefubi - 100mg DT kháng sinh điều trị nhiễm khuẩn (2 vỉ x 10 viên);126000;Cefpodoxim 100mg;BIDIPHAR;Hộp;https://www.pharmacity.vn/product/cefubi-100-dt-hop-2-vi-x-10-vien
Nevoloxan (Hộp 3 vỉ x 10 viên);180000;Nebivolol 5mg;SPM;Hộp;https://www.pharmacity.vn/product/nevoloxan-hop-3-vi-x-10-vien
Tirastam 500 (Hộp 6 vỉ x 10 viên);480000;Levetiracetam 500mg;Pymepharco;Hộp;https://www.pharmacity.vn/product/tirastam-500-hop-6-vi-x-10-vien
Hapenxin 250mg Caps (Hồng-Trắng) (Chai 100 Viên);88000;Cephalexin 250mg;DHG Pharma;Chai;https://www.pharmacity.vn/product/thuoc-khang-sinh-hapenxin-250mg-caps-hong-trang-chai-100-vien
Ambelin 10mg (Hộp 5 vỉ x 10 viên);71900;Amlodipin 10mg;Hasan- Demarpharm;Hộp;https://www.pharmacity.vn/product/ambelin-10mg-hop-5-vi-x-10-vien
Viên nén Hasabcob 500mcg trị bệnh lý thần kinh ngoại biên, thiếu máu hồng cầu to (3 vỉ x 10 viên);39000;Mecobalamin 500mcg;Hasan- Demarpharm;Hộp;https://www.pharmacity.vn/product/hasabcob-500mcg-3vi-x-10vien
Trivastal Retard 50 (Hộp 2 vỉ x 15 viên);140500;Piribedil 50mg;Les Laboratoires;Hộp;https://www.pharmacity.vn/product/trivastal-retard-50-hop-2-vi-x-15-vien
Viên nén Comegim 4mg điều trị tăng huyết áp, suy tim (1 vỉ x 30 viên);72000;Perindopril erbumin 4mg;AGIPHARM;Hộp;https://www.pharmacity.vn/product/thuoc-dieu-tri-tang-huyet-ap-suy-tim-sung-huyet-comegim-4mg-1-vi-x-30-vienhop
Glimegim 4 (Hộp 3 vỉ x 10 viên);90000;Glimepirid 4mg;AGIPHARM;Hộp;https://www.pharmacity.vn/product/thuoc-tieu-duong-glimegim-4mg-3-vi-x-10-vien
Piracefti 800 mg (Hộp 10 vỉ x 10 viên);83000;Piracetam 800mg;Duoc pham 3/2;Hộp;https://www.pharmacity.vn/product/thuoc-dieu-tri-suy-giam-tri-nho-thieu-tinh-tao-chong-mat-piracefti-800mg-10-vi-x-10-vienhop
Viên nén Getvilol 2,5mg trị tăng huyết áp vô căn, suy tim mạn tính (2 vỉ x 7 viên);74800;Nebivolol 2,5mg;Novartis;Hộp;https://www.pharmacity.vn/product/thuoc-dieu-tri-tang-huyet-ap-suy-tim-getvilol-25mg-2-vi-x-7-vienhop
Getvilol 5mg (Hộp 2 vỉ x 7 viên);168000;Nebivolol 5mg;Novartis;Hộp;https://www.pharmacity.vn/product/thuoc-dieu-tri-tang-huyet-ap-suy-tim-getvilol-5mg-2-vi-x-7-vienhop
Viên nang cứng TV-Fenofibrat 200mg điều trị rối loạn mỡ máu (3 vỉ x 10 viên);42000;Fenofibrat 200mg;TVPharma;Hộp;https://www.pharmacity.vn/product/thuoc-dieu-tri-tang-cholesterol-mau-va-tang-triglycerid-mau-tvfenofibrat-200mg-3-vi-x-10-vienhop
Oliveirim 10mg (Hộp 6 vỉ x 10 viên);133000;Flunarizin.2HCl 10mg;Davipharm;Hộp;https://www.pharmacity.vn/product/thuoc-du-phong-va-dieu-tri-chung-dau-nua-dau-roi-loan-tien-dinh-oliveirim-10mg-6-vi-x-10-vienhop
Mangistad (Hộp 5 vỉ x 10 viên);40000;Magnesi lactat dihydrat 470mg,  Pyridoxine HCl (vitamin B6) 5mg;STELLA;Hộp;https://www.pharmacity.vn/product/thuoc-dieu-tri-ha-magnesium-huyet-nang-mangistad-5-vi-x-10-vien-hop
Givet 10mg (4 vỉ x 7 viên);84000;Montelukast 10mg;Davipharm;Hộp;https://www.pharmacity.vn/product/givet-10mg-4vi-x-7vien
Cefadroxil 250mg (Hộp 10 gói);17500;Cefadroxil 250mg;Minh Dan;Hộp;https://www.pharmacity.vn/product/thuoc-khang-sinh-cefadroxil-250mg-hop-10-goi
Kemiwan (Hộp 10 vỉ x 10 viên);560000;Tramadol HCl 325mg, Acetaminophen 37.5mg;Korea Pharma Co., Ltd;Hộp;https://www.pharmacity.vn/product/thuoc-giam-dau-kemiwan-hop-10-vi-x-10-vien
Vitol 10ml (lọ 10 ml);55000;Natri Hyaluronat 18mg;Merap Group;Hộp;https://www.pharmacity.vn/product/vitol-10ml-hop-1-lo-10-ml
Avimci 100 mg (10 gói x 3g);50000;Cefpodoxim 100mg;Armepharco;Hộp;https://www.pharmacity.vn/product/thuoc-mattaimui-avimci-100-mg-1-vi-x-10-vien
3BTP (Hộp 10 vỉ x 10 viên);125000;Vitamin B1 100mg, Vitamin B6 200mg, Vitamin B13 200mcg;Ha Tay;Hộp;https://www.pharmacity.vn/product/3btp-10vi-x-10vien
Thuốc điều trị rối loạn mỡ máu Richstatin 20mg (1 vỉ x 10 viên/hộp);129500;Rosuvastatin calcium 20mg;Getz Pharm;Hộp;https://www.pharmacity.vn/product/thuoc-dieu-tri-roi-loan-mo-mau-richstatin-20mg-1-vi-x-10-vienhop
Viên nén Drosta 40mg chống co thắt cơ trơn đường tiêu hóa (2 vỉ x 10 viên);14000;Drotaverin hydroclorid 40mg;Ha Tay;Hộp;https://www.pharmacity.vn/product/dros-ta-hop-2-vi-x-10-vien
Piracetam Armephaco 1200mg (10 viên x 10 vỉ/hộp);160000;Piracetam 1200mg;Armepharco;Hộp;https://www.pharmacity.vn/product/thuoc-dieu-tri-suy-giam-chuc-nang-nao-piracetam-1200mg-10-vien-x-10-vihop
Viên nén bao phim PMS-Rosuvastatin 20mg điều trị rối loạn mỡ máu (3 vỉ x 10 viên);162000;Rosuvastatin 20mg;Pharmascience;Hộp;https://www.pharmacity.vn/product/thuoc-dieu-tri-tang-cholesterol-mau-phong-ngua-bien-co-tim-mach-pms-rosuvastatin-3-vi-x-10-vienhop
Eylea 40mg/ml (Hộp 1 Lọ);18400000;Aflibercept 40mg/ml;Regeneron Pharmaceuticals Inc.;Lọ;https://www.pharmacity.vn/product/eylea-40mgml-hop-1lo
Thuốc điều trị tăng huyết áp OOS Can HSD - Cilzec plus 40mg/12,5mg MSN (10 viên x 3 vỉ/hộp);267700;Telmisartan 40mg, Hydrochlorothiazide 12,5mg;MSN;Hộp;https://www.pharmacity.vn/product/thuoc-dieu-tri-tang-huyet-ap-oos-can-hsd-cilzec-plus-40mg125mg-msn-10-vien-x-3-vihop
Thuốc dự phòng và điều trị hen phế quản mãn tính Kipel 10mg (3 vỉ x 10 viên/hộp);255000;Montelukast natri 10mg;MSN;Hộp;https://www.pharmacity.vn/product/thuoc-du-phong-va-dieu-tri-hen-phe-quan-man-tinh-kipel-10mg-3-vi-x-10-vienhop
Losartan 25mg (Hộp 3 vỉ x 10 viên);17000;Losartan Kali 25mg;Meyer-BPC;Hộp;https://www.pharmacity.vn/product/thuoc-dieu-tri-tang-huyet-ap-losartan-25mg-10-vien-x-3-vihop
Viên nang cứng Nizastric 150mg Medisun điều trị viêm loét dạ dày (3 vỉ x 10 viên);94000;Nizatidin 150mg;Medisun;Hộp;https://www.pharmacity.vn/product/nizastric-150mg-medisun-3vi-x-10vien
Viên nén Posisva 20mg điều trị rối loạn lipid máu (3 vỉ x 10 viên);129000;Pravastatin 20mg;Medisun;Hộp;https://www.pharmacity.vn/product/thuoc-dieu-tri-benh-tim-mach-posisva-20mg-3-vi-x-10-vienhop
Viên nén bao phim Regofa 1mg Medisun điều trị bệnh viêm gan siêu vi B mạn tính (3 vỉ x 10 viên);870000;Entecavir 1mg;Medisun;Hộp;https://www.pharmacity.vn/product/regofa-1mg-hop-3-vi-x-10-vien
Thuốc điều trị nhiễm trùng Tenadinir 300mg Maxim (10 viên x 1 vỉ/hộp);150000;Cefdinir 300mg;Pharmedic;Hộp;https://www.pharmacity.vn/product/thuoc-dieu-tri-nhiem-trung-tenadinir-300mg-maxim-10-vien-x-1-vihop
Topernak 150mg (10 Vỉ x 10 viên);100000;Tolperison HCl 150mg;Donaipharm;Hộp;https://www.pharmacity.vn/product/thuoc-co-xuong-khop-topernak-150mg-hop-1000-vien
Mebsyn 135mg (Hộp 10 vỉ x 10 viên);557000;Mebeverine HCl 135mg;Synmedic Laboratories- India;Hộp;https://www.pharmacity.vn/product/thuoc-tieu-hoa-mebsyn-135mg-10-vi-x-10-vien
Viên đặt âm đạo Nystatin Medipharco điều trị viêm nhiễm âm đạo do nấm candida (1 vỉ x 12 viên);14000;Nystatin 100000IU;Medipharco- Tenamyd;Hộp;https://www.pharmacity.vn/product/vien-dat-am-dao-dieu-tri-huyet-trang-nystatin-medipharco-12-vien-x-1-vihop
Thuốc điều trị viêm xương khớp Capelo 200mg TW3 (10 viên x 1 vỉ/hộp);150000;Celecoxib 200mg;Foripharm (TW3);Hộp;https://www.pharmacity.vn/product/thuoc-dieu-tri-viem-xuong-khop-capelo-200mg-tw3-10-vien-x-1-vihop
Viên nén Urostad 40 Stada lợi tiểu - hạ huyết áp (5 vỉ x 10 viên);19000;Furosemid 40mg;STADA;Hộp;https://www.pharmacity.vn/product/urostad-40-hop-5-vi-x-10-vien
Viên nang Verni-full 250mg các bệnh tổn thương não, sa sút trí tuệ (2 vỉ x 15 viên);409000;Citicolin 250mg;DP Trung uong CPC1;Hộp;https://www.pharmacity.vn/product/verni-full-250mg-hop-2-vi-x-15-vien
Viên nén bao phim Xalexa 30mg điều trị trầm cảm, chứng sợ hãi (3 vỉ x 10 viên);210000;Paroxetine 30mg;Aurobindo Pharma Ltd;Hộp;https://www.pharmacity.vn/product/xalexa-30mg-3-vi-x-10-vienhop
Thuốc pha hỗn dịch uống Mulpax S-250mg US Pharma điều trị nhiễm khuẩn (hộp 14 gói);111000;Cefuroxim 250mg;US Pharma;Hộp;https://www.pharmacity.vn/product/thuoc-dieu-tri-nhiem-khuan-khang-viem-mulpax-s-250-14-goi-hop
Rebamipide Invagen 100mg (14 gói/hộp);59000;Rebamipid 100mg;Savi;Hộp;https://www.pharmacity.vn/product/rebamipide-invagen-14-goihop
Bột pha hỗn dịch uống Moxilen forte 250mg/5ml Medochemie kháng sinh điều trị nhiễm khuẩn (chai 60ml);72000;Amoxicilin 250mg/5ml;Medochemie;Chai;https://www.pharmacity.vn/product/moxilen-forte-chai-60ml
Viên nén bao phim S-Cort Aprogen điều trị viêm loét dạ dày (10 vỉ x 10 viên);466000;Rebamipid 100mg;Aprogen;Hộp;https://www.pharmacity.vn/product/s-cort-hop-10-vi-x-10-vien
Etrix 10 (3 vỉ x 10 viên/hộp);21600;Enalapril 10mg;S.C. Arena Group S.A;Hộp;https://www.pharmacity.vn/product/etrix-10-3-vi-x-10-vienhop
Gliatilin (1 vỉ x 14 viên/hộp);172000;Cholin Alfoscerat 400mg;Italfarmaco S.A;Hộp;https://www.pharmacity.vn/product/gliatilin-1-vi-x-14-vienhop
Brospecta 100 (2 vỉ x 10 viên/hộp);163000;Cefixim 100mg;MICRO LABS;Hộp;https://www.pharmacity.vn/product/brospecta-100-2-vi-x-10-vienhop
Genprid 2 (3 vỉ x 10 viên/hộp);127000;Glimepirid 2mg;Farmak JSC-Ukraine;Hộp;https://www.pharmacity.vn/product/genprid-2-3-vi-x-10-vienhop
Genprid 4mg (3 vỉ x 10 viên);165000;Glimepirid 4mg;Farmak JSC-Ukraine;Hộp;https://www.pharmacity.vn/product/genprid-4-3-vi-x-10-vienhop
Ama - Power (Hộp 50 lọ);3450000;Ampicilin 1g, sulbactam 0.5g;Antibiotice SA;Hộp;https://www.pharmacity.vn/product/ama-power-hop-50-lo
Natricloride 0.9% (500ml/Chai);15000;Natri chlorid 0.9%w/w;B. Braun Indonesia;Chai;https://www.pharmacity.vn/product/natricloride-09-bbraun-inf-500ml-ma-trung
Actisoufre (Hộp 3 vỉ x 10 ống 10ml);350000;Monosulfua natri.9H2O 4mg, Saccharomyces cerevisia 50mg;Grimberg;Hộp;https://www.pharmacity.vn/product/actisoufre-hop-3-vi-x-10-ong-10ml
Clozarem 100mg (5 vỉ x 10 viên/hộp);475000;Clozapin 100mg;Remedica;Hộp;https://www.pharmacity.vn/product/clozarem-100mg-5-vi-x-10-vienhop
Famopsin 40mg (Hộp 10 vỉ x 10 viên);333000;Famotidin 40mg;Remedica;Hộp;https://www.pharmacity.vn/product/famopsin-40mg-10-vi-x-10-vienhop
Melorich (3 vỉ x 10 viên/hộp);71500;Meloxicam 7.5mg;Remedica;Hộp;https://www.pharmacity.vn/product/melorich-3-vi-x-10-vienhop
Midatan 500/125 (Hộp 2 vỉ x 7 viên);92000;Amoxicilin 500mg, Acid clavulanic 125mg;Minh Dan;Hộp;https://www.pharmacity.vn/product/midatan-2-vi-x-7-vienhop
Zidotex (50ml);348000;Citicolin 100mg/ml;Hataphar;Chai;https://www.pharmacity.vn/product/zidotex-50ml
Savi Urso 300 (Hộp 3 vỉ x 10 viên);250500;Ursodeoxycholic acid 300mg;Savi;Hộp;https://www.pharmacity.vn/product/savi-urso-300-3-vi-x-10-vienhop
Asperlican 150 Hasan (1 vỉ x 5 viên);35000;Fluconazol 150mg;Hasan- Demarpharm;Hộp;https://www.pharmacity.vn/product/asperlican-150-1-vi-x-5-vienhop
Maxxflame-B10 (Hộp 10 vỉ x 10 viên);200000;Baclofen 10mg;Ampharco U.S.A;Hộp;https://www.pharmacity.vn/product/maxxflame-b10-10-vi-x-10-vienhop
Midaclo 500 (1 vỉ x 10 viên/hộp);38000;Cefaclor 500mg;Công ty CPDP Minh Dân - Việt Nam;Hộp;https://www.pharmacity.vn/product/midaclo-500-1-vi-x-10-vienhop
Cloxacilin 500 (10 vỉ x 10 viên);157500;Cloxacilin 500mg;Công ty CPDP Minh Dân - Việt Nam;Hộp;https://www.pharmacity.vn/product/oxacilin-500-10-vi-x-10-vienhop
Mizinvir (3 vỉ x 10 viên/hộp);250000;Entecavir (dưới dạng Entecavir monohydrat) 0.5mg;SPM;Hộp;https://www.pharmacity.vn/product/mizinvir-3-vi-x-10-vienhop
Uncadep aerosol Erbozeta (Hop10ong);340000;N-acetylcystein, Natrihyaluronat, tinh dau co xa huong, , dinatri EDTA, polsorbat 20, natri dyhydrophotphat dihydrat;Erbozeta S.p.A;Hộp;https://www.pharmacity.vn/product/uncadep-aerosol-erbozeta-hop10ong
Desbebe 60mg (Hộp 1 chai);70000;Desloratadin  30mg;Gracure Pharmaceuticals, India;Chai;https://www.pharmacity.vn/product/desbebe-gracure-60ml
Torvazin 10mg (3 vỉ x 10 viên/hộp);60000;Atorvastatin 10mg;Egis Pharma;Hộp;https://www.pharmacity.vn/product/torvazin-3-vi-x-10-vienhop
Pms-Pregabalin 75mg (4 vỉ x 15 viên/hộp);1123000;Pregabalin 75mg;Pharmascience;Hộp;https://www.pharmacity.vn/product/pms-pregabalin-75-4-vi-x-15-vienhop
Praverix 500mg (Hộp 1 vỉ x10 viên);24000;Amoxicilin 500mg;Antibiotice SA;Hộp;https://www.pharmacity.vn/product/praverix-500-1-vi-x-10-vienhop
Talliton (Hộp 2 vỉ x 14 viên);140000;Carvedilol 12.5mg;Egis Pharma;Hộp;https://www.pharmacity.vn/product/talliton-2-vi-x-14-vienhop
Tebantin 300mg  (Hộp 5 vỉ x 10 viên);190000;Gabapentin 300mg;Gedeon Richter;Hộp;https://www.pharmacity.vn/product/tebantin-300-5-vi-x-10-vienhop
Tamifine 10mg (Hộp 10 vỉ x 10 viên);213200;Tamoxifen 10mg;Medochemie;Hộp;https://www.pharmacity.vn/product/tamifine-10-10-vi-x-10-vienhop
"Famoster Injection "" T.F"" (10 ống x 2ml/hộp)";760000;Famotidin 20mg;Ta Fong Pharma;Hộp;https://www.pharmacity.vn/product/famoster-injection-tf-10-ong-x-2mlhop
Sunirovel 300 (5 vỉ x 10 viên/hộp);175000;Irbesartan 300mg;Sun Pharma;Hộp;https://www.pharmacity.vn/product/sunirovel-300-5-vi-x-10-vienhop
Meyersolon (3 vỉ x 10 viên/hộp);90000;Methylprednisolon 16mg;Meyer-BPC;Hộp;https://www.pharmacity.vn/product/meyersolon-3-vi-x-10-vienhop
Seosacin (Hộp 30 gói x 10ml);529000;Ambroxol hydrochlorid,Clenbuterol 15mg, 0.01mg;Theragen Etex;Hộp;https://www.pharmacity.vn/product/seosacin-hop-30-goi-x-10ml
Dexilant 30mg (Hộp 2 vỉ x 7 viên);350000;Dexlansoprazol 30mg;TAKEDA;Hộp;https://www.pharmacity.vn/product/dexilant-30mg-hop-2-vi-x-7-vien
Caldiol Soft capsules 20ug (Hộp 10 vỉ x 6 viên);540000;Calcifediol 20mcg;RP Corp., Inc;Hộp;https://www.pharmacity.vn/product/caldiol-softcap-20y-10vi-x-6vien
Artrex (Hộp 6 vỉ x 10 viên);588000;Cao Withania somnifera 180mg,  Cao Boswellia serrata 180mg,  Cao gừng 48mg,  Cao nghệ 36mg;Atra Pharmaceuticals;Hộp;https://www.pharmacity.vn/product/artrex-hop-6vi-x-10-vien
Viên nang cứng Bospicine 200mg điều trị nhiễm khuẩn (3 vỉ x 10 viên);157000;Cefpodoxim 200mg;Sohaco;Hộp;https://www.pharmacity.vn/product/bospicine-3-vi-x-10-vien
Viên nén bao phim Famotidine điều trị viêm loét dạ dày (10 vỉ x 10 viên);360000;Famopsin 40mg;Công ty TNHH Dược phẩm Nhất Anh;Hộp;https://www.pharmacity.vn/product/famotidine-10-vi-x-10-vien
Thấp khớp CD (Hộp 3 vỉ x 10 viên);85000;Tang ky sing,Doc hoat,Phong Phong,Do Trong, Nguu tat, Trinh nu,Hong Hoa,Bach chi, Tuc Doan 1.5g,1g,1g,1g,1g,1g,1g,1g,1g;Ladophar - VN;Hộp;https://www.pharmacity.vn/product/thap-khop-cd-hop-3-vi-x-10-vien
Aciclovir (Hộp 5 vỉ x 10 viên);85000;Aciclovir 200mg;Meyer-BPC;Hộp;https://www.pharmacity.vn/product/aciclovir-hop-5-vi-x-10-vien
Molnupiravir Stella 400mg (Hộp 2 vỉ x 10 viên);230000;Monulpiravir 400mg 400mg;STELLA;Hộp;https://www.pharmacity.vn/product/molnupiravir-stella-400mg-hop-2-vi-x-10-vien
Viên nén bao phim Metformin 1000mg Pymepharco điều trị bệnh đái tháo đường type 2 (2 vỉ x 15 viên);57000;Metformin 1000mg;Pymepharco;Hộp;https://www.pharmacity.vn/product/metformine-eg-1000mg-box-31-hop-30-vien
Viên nang mềm Admed điều trị thiếu vitamin A và D, phòng và điều trị còi xương (10 vỉ x 10 viên);58000;"Vitamin A 5000IU
Vitamin D3 400IU";Mediplantex;Hộp;https://www.pharmacity.vn/product/admed-h10x10v
ROTAFORE H2x10V;38808;Spriramycin 750.000 IU, Metronidazol 125mG.;Codupha (TW2);Hộp;https://www.pharmacity.vn/product/rotafore-h2x10v
Viên nang Zaclid điều trị viêm loét dạ dày (3 vỉ x 10 viên);78750;Esomeprazol 20mG 20mG;Mediplantex;Hộp;https://www.pharmacity.vn/product/zaclid-h3x10v
Viên bao phim Piratab điều trị triệu chứng rối loạn nhận thức, chóng mặt (3 vỉ x 15 viên);110000;Piracetam 800mG 800mG;Mediplantex;Hộp;https://www.pharmacity.vn/product/piratab-h3vx15v
Cefuroxim STADA 250 mg (10Vi x 10Vien);60746;Cefuroxim 250mg;STADA;Hộp;https://www.pharmacity.vn/product/cefuroxim-stada-250-mg-10vi-x-10vien
Viên nang cứng Lincomycin STADA 500 mg điều trị nhiễm khuẩn (10 vỉ x 10 viên);270270;Lincomycin 500mg;STADA;Hộp;https://www.pharmacity.vn/product/lincomycin-stada-500-mg-hop-10-vi-x-10-vien
Viên nén Captopril Stada 25 mg điều trị tăng huyết áp, suy tim (10 vỉ x 10 viên);50000;Captopril 25mg;STADA;Hộp;https://www.pharmacity.vn/product/captopril-stada-25-mg-10vi-x-10vien
Viên nén Trajenta Duo 2.5mg/850mg điều trị đái tháo đường type 2 (chai 60 viên);595000;Linagliptin,Metformin   2.5mg,850mg;Boehringer Ingelheim;Chai;https://www.pharmacity.vn/product/trajenta-duo-25850mg-chai-60vien
Viên nang Fluozac 20mg điều trị trầm cảm, chứng hoảng sợ (2 vỉ x 14 viên);190000;Fluoxetine hydroclorid 20mg;Công ty cổ phần dược phẩm Hà Tây;Hộp;https://www.pharmacity.vn/product/fluozac-14-vien-x2-vi
Viên nén Meyercolin 500mg trị Parkinson có biểu hiện run nặng, rối loạn trí nhớ (2 vỉ x 10 viên);260000;Citicolin 500mg;Meyer-BPC;Hộp;https://www.pharmacity.vn/product/meyercolin-tab-fc-500mg-2vi-x-10vien
Viên nang Lomac 20mg điều trị loét dạ dày, tá tràng, viêm thực quản (6 vỉ x 10 viên);165000;Omeprazol 20mg;Cipla;Hộp;https://www.pharmacity.vn/product/lomac-20mg-6vi-x-10vien
Jakavi 20mg Novartis (Hop 4x14);40850000;Ruxolitinib (dưới dạng Ruxolitinib phosphat) 20mg;Novartis;Hộp;https://www.pharmacity.vn/product/jakavi-20mg-novartis-hop-4x14
Viên nén Thioridazin 50mg làm giảm các rối loạn tâm thần (hộp 100 viên);120000;Thioridazine  50mg;Danapha;Hộp;https://www.pharmacity.vn/product/thioridazin-50mg-hop-100-vien
Viên nang mềm Hiteenall 20mg điều trị mụn trứng cá dạng nặng (3 vỉ x 10 viên);300000;Isotretinin 20mg;Phil Inter Pharma;Hộp;https://www.pharmacity.vn/product/hiteenall-20mg-hop-3-vi-x-10-vien
Viên phóng thích kéo dài Xatral XL 10mg điều trị phì đại lành tính tuyến tiền liệt (1 vỉ x 30 viên);474980;Alfuzosin 10mg;Sanofi GEM;Hộp;https://www.pharmacity.vn/product/xatral-xl-10mg-1vix30vien
Viên nén Lupilopram 20mg trị trầm cảm, rối loạn hoảng sợ và ám ảnh cưỡng chế (3 vỉ x 10 viên);176000;Escitalopram 20mg;Jubilant Generics;Hộp;https://www.pharmacity.vn/product/vien-nen-lupilopram-20mg-tri-tram-cam-roi-loan-hoang-so-va-am-anh-cuong-che-3-vi-x-10-vien
Viên nén bao phim Sumakin 500mg /250mg kháng sinh điều trị nhiễm khuẩn (2 vỉ x 7 viên);220500;Amoxicillin 500mg,Sulbactam 250mg;Mekophar;Hộp;https://www.pharmacity.vn/product/sumakin-750mg-hop-2-vi-x-7-vien
Imfinzi 500mg/10ml AstraZeneca (Hộp 1 ống);43128000;Durvalumab,.. 500mg;AstraZeneca;Lọ;https://www.pharmacity.vn/product/imfinzi-500mg10ml-astrazeneca-hop-1-ong
Methotrexate-Belmed 2.5mg (Hộp 2 vỉ x 10 viên);150000;Methotrexate 2.5mg;Belmedpreparaty RUE, Belarus;Hộp;https://www.pharmacity.vn/product/methotrexate-belmed-25mg-hop-2-vi-x-10-vien
Methicowel 500mg Akums (Hop 100 vien);2500;"mecobalamin 500mcg

 500mcg";Akums Drugs and Pharmaceuticals Ltd;Viên;https://www.pharmacity.vn/product/methicowel-500mg-akums-hop-100-vien-
An Cung Nguu Hoang Hoan Yan'an (Hop 3 Vien);3600000;"Băng phiến 166.67mg
Chi tử 166.67mg
Hoàng cầm 166.67mg
Hoàng liên 166.67mg
Hùng hoàng 166.67mg
Trân Châu 83.33mg
Xạ hương 41.67mg
Chu sa 166.67mg
Ngưu hoàng 166.67mg 166.67mg/166.67mg/166.67mg/166.67mg/166.67mg/83.33mg/41.67mg/166.67mg/166.67mg";Yan'an;Hộp;https://www.pharmacity.vn/product/an-cung-nguu-hoang-hoan-yanan-hop-3-vien
Sitamac 100 Macleods (Hop 3 vi x 10 vien);210000;Sitagliptin (phosphate monohydrate) 100mg 100mg;Macleods Pharmaceuticals, India;Hộp;https://www.pharmacity.vn/product/sitamac-100-macleods-hop-3-vi-x-10-vien
Lomazole 5mg US Pharma (Hộp 100 Viên);77000;Carbimazol 5mg 5mg;US Pharma;Hộp;https://www.pharmacity.vn/product/lomazole-5mg-us-pharma-hop-100-vien
LaViloLSP 2 CophaVina (Hộp 3 Vỉ x 10 Viên);12300;PitaVastatin (dưới dạng pitaVastatin calcium) 2mg 2mg;COPHAVINA-XNDP150;Viên;https://www.pharmacity.vn/product/lavilolsp-2-cophavina-hop-3-vi-10-vien
Ascelcena 2mg DRP Inter (Hộp 3 vỉ x 10 viên);385000;Pitavastatin calcium  2mg Pitavastatin 2mg;Công ty TNHH DRP Inter - Việt Nam;Hộp;https://www.pharmacity.vn/product/ascelcena-2mg-drp-inter-hop-3-vi-10-vien
Viên nén Lorakam 4mg Windlas kháng viêm, giảm đau xương khớp (3 vỉ x 10 viên);162000;Lornoxicam 4mg;Windlas;Hộp;https://www.pharmacity.vn/product/lorakam-4mg-windlas-hop-3-vi-x-10-vien
ALPHACHYMOTRYPSIN TAB Hop 200 vien MEDIPLANTEX;66800;CHYMOTRYPSIN 4200 IU 4200 IU;Mediplantex;Hộp;https://www.pharmacity.vn/product/alphachymotrypsin-tab-hop-200-vien-mediplantex
LIPOVENOES INF 10% 250ML 1;138000;"
Dầu đậu nành, Glycerin, Phospholipids 250ml";Fresenius Kabi;Chai;https://www.pharmacity.vn/product/lipovenoes-inf-10-250ml-1
Olotedin Eye Drops Samchundang Pharm (Hộp 1 chai 5ml);60000;Olopatadine 1.11mg/ml Olopatadine 1.11mg/ml;Samchundang;Hộp;https://www.pharmacity.vn/product/olotedin-eye-drops-samchundang-pharm-hop-1-chai-5ml
Prednisolone STELLA 5mg (Chai 200 vien);60000;Prednisolone 5mg;STELLA;Chai;https://www.pharmacity.vn/product/prednisolone-stella-5mg-chai-200-vien
Alvotinib 400mg (3 vi x 10 vien);7000000;Imatinib (dưới dạng Imatinib mesylat) 400mg;Remedica;Hộp;https://www.pharmacity.vn/product/
Sybrava Norvatis 284mg điều trị rối loạn lipid máu, tăng cholesterol máu (1 bơm tiêm x 1.5ml);39946000;Inclisiran 284mg (dưới dạng Inclisiran natri 300mg)/ 1,5ml 284mg/1.5ml;Novartis;Hộp;https://www.pharmacity.vn/product/sybrava-sandoz-284mg
Sandostatin LAR 20mg Novartis (Hop 1 Lo);28266000;Octreotid (dưới dạng Octreotid acetat) 20 mg 20mg;Novartis;Hộp;https://www.pharmacity.vn/product/sandostatin-lar-20mg-novartis-hop-1-lo
Lonsurf 20mg/8,19mg Taiho (2 vỉ x 10 viên);23450000;Trifluridine 20mg ,  Tipiracil 8,19mg;Taiho Pharmaceutical Co., Ltd;Hộp;https://www.pharmacity.vn/product/lonsurf-20mg819mg-taiho-2-vi-x-10-vien
Saphnelo 300mg/2ml 1's Inf điều trị lupus ban đỏ hệ thống (Hộp 1 Lọ);22500000;Anifrolumab 300mg/2ml  300mg/2ml;AstraZeneca;Lọ;https://www.pharmacity.vn/product/saphnelo-300mg-2ml
Fosamax Tab 70mg(2 viên);219000;Alendronate Sodium 70mg;Merck Sharp & Dohme;Hộp;https://www.pharmacity.vn/product/fosamax-tab-70mg2vien
Dorokit (Hộp 1 vỉ x 6 viên);30000;Clarithromycin 250mg, Tinidazole 500mg, Omeprazole 20mg;Domesco;Hộp;https://www.pharmacity.vn/product/dorokit-hop-1-vi-x-6-vien
Viên nén Prevomit FT.10mg điều trị triệu chứng nôn và buồn nôn (5 vỉ x 10 viên);95000;Domperidone 10mg;Dexa Medica;Hộp;https://www.pharmacity.vn/product/thuoc-dieu-tri-trieu-chung-non-va-buon-non-prevomit-ft-10mg-5-vi-x-10-vienhop
Dilatrend 12.5mg  (Hộp 3 vỉ x 10 viên);195000;Carvedilol 12.5mg;Roche;Hộp;https://www.pharmacity.vn/product/thuoc-dieu-tri-tang-huyet-ap-suy-tim-sung-huyet-va-benh-mach-vanh-dilatrend-125mg-3-vi-x-10-vienhop
Viên nén Dilatrend 6.25mg điều trị cao huyết áp, động mạch vành, suy tim mạn tính (3 vỉ x 10 viên);144890;Carvedilol 6.25mg;Roche;Hộp;https://www.pharmacity.vn/product/dilatrend-tab-625-hop-3-vi-x-10-vien
Viên nén Triatec 5mg điều trị tăng huyết áp, suy tim (3 vỉ x 10 viên);130000;Ramipril 5mg;Sanofi GEM;Hộp;https://www.pharmacity.vn/product/triatec-hop-3-vi-x-10-vien
Théostat LP Tab 300mg (Hộp 3 vỉ x 30 viên);92000;Theophyllin 300mg;Pierre-Fabre;Hộp;https://www.pharmacity.vn/product/theostat-tab-300mg30vien
Dehatacil 0,5mg (Hộp 20 vỉ x 30 viên);14000;Dexamethasone 0.5mg;Hataphar;Vỉ;https://www.pharmacity.vn/product/dehatacil-05-mg30vien
Cloderm cream 15g (Hộp 1 tuýp);41000;Clobetasol propionate 0.05%w/w;HOE Pharmaceuticals;Tuýp;https://www.pharmacity.vn/product/cloderm-cream-15g
Isotrex Cream 0.1% (Hộp 1 tuýp 10g);41000;Isotretinoin 0.1% w/w;Stiefel;Hộp;https://www.pharmacity.vn/product/isotrex-cre-01
Diprosalic Ointment (Tuýp 15g);69000;Betamethasone 0.5mg,  Salicylic Acid 30mg;Merck Sharp & Dohme;Tuýp;https://www.pharmacity.vn/product/thuoc-dieu-tri-vay-nen-viem-da-di-ung-viem-da-than-kinh-diprosalic-ointment-15g
Viên nén Roxithromycin 150 mg điều trị nhiễm khuẩn (10 vỉ x 10 viên);111000;Roxithromycin 150mg;Mekophar;Hộp;https://www.pharmacity.vn/product/roxithromycin-150mg-hop-10-vi-x-10-vien
Colflox 0.3% (Chai 5ml);11000;Ofloxacin 0.3%/5ml;Pharmedic;Chai;https://www.pharmacity.vn/product/thuoc-nho-mat-dieu-tri-viem-ket-mac-loet-giac-mac-viem-tui-le-colflox-03-5ml
Coltramyl 4mg (Hộp 1 vỉ x 12 viên);46800;Thiocolchicosid 4mg;Roussel;Hộp;https://www.pharmacity.vn/product/coltramyl-4mg-hop-1-vi-x-12-vien
Diltiazem Stada 60mg (Hộp 3 vỉ x 10 viên);37000;Diltiazem 60mg;STELLA;Hộp;https://www.pharmacity.vn/product/diltiazem-60mg-stada
Viên bao đường Carbotrim trị viêm tai giữa, nhiễm khuẩn tiết niệu, tuyến tiền liệt (10 vỉ x 8 viên);54000;Sulfamethoxazole 200mg, Trimethoprim 40mg;Pharmedic;Hộp;https://www.pharmacity.vn/product/thuoc-tri-tieu-chay-do-nhiem-trung-hoac-do-ngo-doc-thuc-an-carbotrim-10-vi-x-8-vien
Flagentyl 500mg (Hộp 1 vỉ x 4 viên) ;52000;Secnidazol 500mg;Sanofi Others;Hộp;https://www.pharmacity.vn/product/flagentyl-secnidazole-500mg-hop-1-vi-x-4-vien
Lopid 600mg (6 vỉ x 10 viên);374000;Gemfibrozil 600mg;Pfizer PBG;Hộp;https://www.pharmacity.vn/product/lopid-600mg-6-vi-x-10-vien-nenhop
Arcoxia 30mg (Hộp 3 vỉ x 10 viên);462000;Etoricoxib 30mg;Arcoxia;Hộp;https://www.pharmacity.vn/product/arcoxia-tab-30mg30vien
Beprosone 0.064% (Tuýp 15g);36000;Betamethasone, Chlorocresol;HOE Pharmaceuticals;Tuýp;https://www.pharmacity.vn/product/kem-dieu-tri-cac-benh-viem-da-beprosone-0064-15g
Adalat LA 60mg (3 vỉ x 10 viên);398500;Nifedipin 60mg;Bayer (Others);Hộp;https://www.pharmacity.vn/product/adalat-la-cap-60mg
Thuốc điều trị các triệu chứng thiếu hụt Estrogen ở phụ nữ sau mãn kinh Livial 2.5mg (1 vỉ x 28 viên/hộp);469000;Tibolon 2.5mg;Merck Sharp & Dohme;Hộp;https://www.pharmacity.vn/product/thuoc-dieu-tri-cac-trieu-chung-thieu-hut-estrogen-o-phu-nu-sau-man-kinh-livial-25mg-1-vi-x-28-vienhop
Ospexin  250mg (Hộp 10 vỉ x 10 viên);190000;Cephalexin 250mg;Imexpharm;Lốc;https://www.pharmacity.vn/product/thuoc-dieu-tri-nhiem-khuan-duong-ho-hap-ospexin-250mg
Salbumol 4mg (Hộp 10 vỉ x 10 viên);38000;Salbutamol 4mg;Nadyphar;Hộp;https://www.pharmacity.vn/product/salbumol-4mg-10vi-x-10vien-nadyphar
Viên nén Vitamin C 100mg phòng và trị thiếu vitamin C (chai 200 viên);16999;Vitamin C 100mg;Vidipha;Chai;https://www.pharmacity.vn/product/thuoc-dieu-tri-benh-do-thieu-vitamin-c-100mg-200-vien-hop
Foban (Tuýp 5g);30000;Fusidic Acid 2%;HOE Pharmaceuticals;Hộp;https://www.pharmacity.vn/product/kem-dieu-tri-nhiem-trung-da-do-tu-cau-trung-lien-cau-trung-foban-5g
Kem bôi ngoài da Cortibion trị chàm, vết côn trùng cắn, viêm da tiếp xúc, viêm da dị ứng  (chai 8g);14900;Chloramphenicol 160mg, Dexamethason 4mg/8g;Roussel;Chai;https://www.pharmacity.vn/product/kem-boi-dieu-tri-cac-benh-ngoai-da-cortibion-8g
Tetracylin 1% (Tuyp 5g);4800;Tetracycline 0.01;Vidipha;Tuýp;https://www.pharmacity.vn/product/thuoc-mo-tra-mat-dieu-tri-viem-giac-mac-tetracylin-1-5g
Mekocefal 500mg (Hộp 1 vỉ x 10 viên);20000;Cefadroxil 500mg;Mekophar;Hộp;https://www.pharmacity.vn/product/mekocefal-500mg-10vien
Viên nén bao đường TanaMisolblue điều trị hỗ trợ nhiễm trùng đường tiểu (10 vỉ x 10 viên);72000;Brommocamphor 20mg, Methylen Blue 20mg;Tpharco;Hộp;https://www.pharmacity.vn/product/oos-by-ncc-tanamisolblue
Hafixim 50mg (Hộp 24 gói);59000;Cefixime 50mg;DHG Pharma;Hộp;https://www.pharmacity.vn/product/hafixim-50mg-hop-10goi
Viên nén Nifedipin T20 retard điều trị tăng huyết áp, đau thắt ngực (10 vỉ x 10 viên);70000;Nifedipin 20mg;STELLA;Hộp;https://www.pharmacity.vn/product/thuoc-phong-ngua-dau-that-nguc-dieu-tri-tang-huyet-ap-nifedipin-t20-stada-retard-10-vi-x-10-vienhop
Dexacol 5ml (1 hộp x 1 chai);6000;Chloramphenicol 20mg, Dexamethasone 5mg;Duoc pham 3/2;Chai;https://www.pharmacity.vn/product/thuoc-nho-mat-dexacol-5ml
Ceclor 250mg (Hộp 1 vỉ x 12 viên);197000;Cefaclor 250mg;Menarini;Hộp;https://www.pharmacity.vn/product/ceclor-250mg-hop-1-vi-x-12-vien
Thuốc nhỏ tai điều trị nhiễm khuẩn do viêm tai ngoài Otifar (8ml);6000;Chloramphenicol 80mg, Dexamethason 4mg/8ml;Pharmedic;Chai;https://www.pharmacity.vn/product/thuoc-nho-tai-dieu-tri-nhiem-khuan-do-viem-tai-ngoai-otifar-8ml
Thuốc dùng ngoài Dermovate 0.05% trị vảy nến, viêm da, giảm ngứa (tuýp 15g);55000;Clobetasol Propionat 0.05%w/w;GSK ETC;Tuýp;https://www.pharmacity.vn/product/thuoc-dieu-tri-benh-vay-nen-viem-da-dermovate-15g
New Ameflu Daytime (Hộp 1 chai 60ml);20000;Paracetamol 160mg, Dextromethorphan 5mg, Phenylephrin 2.5mg;Ameflu;Chai;https://www.pharmacity.vn/product/new-ameflu-daytime-hop-1-chai-60ml
Zocor 10mg (Hộp 2 vỉ x 15 viên);330000;Simvastatin 10mg;Merck Sharp & Dohme;Hộp;https://www.pharmacity.vn/product/zocor-10mg-2-vi-x-15-vienhop
Rovamycine 1.5M.IU (2 vỉ x 8 viên/hộp);82000;Spiramicin 1.500.000 IU;Sanofi GEM;Hộp;https://www.pharmacity.vn/product/thuoc-dieu-tri-va-de-phong-mot-so-benh-nhiem-khuan-do-vi-khuan-nhay-cam-voi-spiramycin-rovamycine-15-2-vi-x-8-vienhop
Levetral 500mg (Hộp 3 vỉ x 10 viên);351000;Levetiracetam 50mg;Other;Hộp;https://www.pharmacity.vn/product/levetral-500mg-3vi-x-10vien
Twynsta 80/5mg Tabs (Hộp 3 vỉ x 10 viên);417000;Telmisartan 80mg, Amlodipine 5mg;Boehringer Ingelheim;Hộp;https://www.pharmacity.vn/product/thuoc-dieu-tri-tang-huyet-ap-vo-can-twynsta-80mg5mg-3-vi-x-10-vienhop
Migraine (Hộp 10 vỉ x 10 viên);173000;Paracetamol 250mg, Caffeine 65mg,  Acetyl Salicylic Acid 250mg;Dongkwang;Hộp;https://www.pharmacity.vn/product/thuoc-giam-dau-ha-sot-migraine-10vi-x-10vien
Losartan STADA 25mg (Hộp 3 vỉ x 10 viên);54000;Losartan 25mg;STADA;Hộp;https://www.pharmacity.vn/product/thuoc-dieu-tri-benh-tang-huyet-ap-benh-than-do-tieu-duong-losartan-stada-25mg-3-vi-x-10-vienhop
Viên nang cứng Pharmox SA 500mg kháng sinh điều trị nhiễm khuẩn (10 vỉ x10 viên);160000;Amoxicillin 500mg;Imexpharm;Hộp;https://www.pharmacity.vn/product/pharmox-sa-500mg-10vi-x10vien
Viên nén Tazilex 5mg điều trị triệu chứng nhiễm độc giáp (kể cả gaves basedow) (10 vỉ x 10 viên);120000;Methimazole 5mg;Other;Hộp;https://www.pharmacity.vn/product/tazilex-5mg-10vi-x-10vien
Perindastad 4 (Hộp 1 vỉ x 30 viên);93000;Perindopril 4mg;STELLA;Hộp;https://www.pharmacity.vn/product/perindastad-4-hop-1-vi-x-30-vien
Fluzinstad 5mg (10 vỉ x 10 viên/hộp);154000;Flunarizine 5mg;STADA;Hộp;https://www.pharmacity.vn/product/thuoc-dieu-tri-du-phong-dau-nua-dau-fluzinstad-5mg-10-vi-x-10-vienhop
Thuốc phòng ngừa và điều trị tai biến mạch máu não, nhồi máu cơ tim Aspirin (81mg);24000;Acetylsalicylic Acid 81mg;Domesco;Chai;https://www.pharmacity.vn/product/thuoc-phong-ngua-va-dieu-tri-tai-bien-mach-mau-nao-nhoi-mau-co-tim-aspirin-81mg
Miacalcic Nasal 200 2ml (Hộp 1 chai);1600000;Synthetic salmon calcitonin 2.200IU/ml;Novartis;Hộp;https://www.pharmacity.vn/product/miacalcic-nasal-200-2ml-2200iuml
Imdur 60mg  (Hộp 2 vỉ x 15 viên);201100;Isosorbide mononitrate 60mg;AstraZeneca;Hộp;https://www.pharmacity.vn/product/imdur-tab-60mg-2vi-x14vien
Thuốc điều trị viêm phế quản, viêm phổi nặng do vi khuẩn Ofloxacin (200mg);65000;Ofloxacin 200mg;Vidipha;Hộp;https://www.pharmacity.vn/product/ofloxacin-vidipha-200mg
Bột pha uống Augbactam 312.5mg điều trị nhiễm khuẩn (12 gói x 3.2g);60000;Amoxicillin 250mg,  Clavulanic 62.5mg;Mekophar;Hộp;https://www.pharmacity.vn/product/thuoc-dieu-tri-cac-benh-nhiem-khuan-augbactam-3125mg-hop12goi
Acyclovir 200mg (3 vỉ x 10 viên/hộp);39500;Acyclovir 200mg;Domesco;Hộp;https://www.pharmacity.vn/product/acyclovyr-200mg-hop-3-vi-x-10-vien
Levitra ODT 10mg (Hộp 1 vỉ x 2 viên);329000;Vardenafil 10mg;Bayer WHC;Hộp;https://www.pharmacity.vn/product/thuoc-dieu-tri-roi-loan-chuc-nang-cuong-duong-o-nam-gioi-truong-thanh-levitra-odt-10mg-2-vienhop
Thuốc điều trị loét dạ dày - tá tràng Rabe-G (3 vỉ x 10 viên/hộp);88000;Rabeprazol 20mg;GLOMED-ABBOTT;Hộp;https://www.pharmacity.vn/product/rabe-g-3vi-x-10vien
Alpha Chymotrypsin Glomed 4200IU (Hộp 2 vỉ x 10 viên);40000;Chymotrypsin 4200IU;GLOMED-ABBOTT;Hộp;https://www.pharmacity.vn/product/alpha-chymotrypsin-tab-4200iu-2-vi-x-10-vien
Esomeprazol Stada 20mg (Hộp 4 vỉ  x 7 viên);108000;Esomeprazol 20mg;STADA;Hộp;https://www.pharmacity.vn/product/esomeprazol-stada-20mg-4vi-x-7vien
Esomeprazol STANDA 40mg (Hộp 4 vỉ x 7 viên);208000;Esomeprazol 40mg;STADA;Hộp;https://www.pharmacity.vn/product/esomeprazol-standa-40mg-hop-4-vi-x-7-vien
Curam 1000mg (Hộp 5 vi x 2 viên);185000;Amoxicillin 875mg,  Clavulanic 125mg;Novartis;Hộp;https://www.pharmacity.vn/product/curam-tab-1000mg-h-5vi-x-2-vien
Casalmux (Hộp 20 gói x 2g);88000;Salbutamol 1mg, Carbocisteine 250mg;Roussel;Hộp;https://www.pharmacity.vn/product/casalmux-h20goi
Sulcilat 375mg (Hộp 1 vỉ x 10 viên);179988;Sultamicillin 375mg;Atabay, Turkey;Hộp;https://www.pharmacity.vn/product/sulcilat-375mg-h10vien
Viên nén phóng thích kéo dài Plendil Plus 5mg/47.5mg điều trị tăng huyết áp (chai 30 viên);227900;Felodipine 5mg, Metoprolol 47.5mg;AstraZeneca;Chai;https://www.pharmacity.vn/product/thuoc-chi-dinh-dieu-tri-tang-huyet-ap-plendil-plus-30-vienhop
Metrogyl gel (Hộp 1 tuýp);35000;Metronidazole 10mg;Unique Pharmaceutical Labs ;Tuýp;https://www.pharmacity.vn/product/metrogyl-gel
Thuốc điều trị các bệnh nhiễm khuẩn đường hô hấp, da và mô mềm Celormed 500mg (2 vỉ x 10 viên/hộp);145000;Cefaclor 500mg;GLOMED-ABBOTT;Hộp;https://www.pharmacity.vn/product/celormed-500mg
Thuốc kháng viêm điều trị các bệnh viêm gan mãn tính, viêm cầu thận & viêm mũi dị ứng Dexamethasone 0.5mg (200 viên)/hộp;37000;Dexamethasone 0.5mg;Mekophar;Hộp;https://www.pharmacity.vn/product/dexamethasone-05mg-mkph200vien-nen
Aziefti 500mg (1 vỉ x 3 viên);34500;Azithriomycin 500mg;Duoc pham 3/2;Hộp;https://www.pharmacity.vn/product/thuoc-dieu-tri-cac-benh-nhiem-khuan-aziefti-500mg
Binozyt Tab 250mg (6 viên);128000;Azithromycin 250mg;Novartis;Hộp;https://www.pharmacity.vn/product/binozyt-tab-250mg
Thuốc cải thiện các triệu chứng tăng trương lực cơ Mydsone Glomed (Hộp 3 vỉ x 10 viên);57000;Eperison hydrochloride 50mg;GLOMED-ABBOTT;Hộp;https://www.pharmacity.vn/product/thuoc-cai-thien-cac-trieu-chung-tang-truong-luc-co-mydsone-glomed-hop-3-vi-x-10-vien
Viên nang Amoxicilin 250mg Mekophar kháng sinh điều trị nhiễm khuẩn (10 vỉ x 10 viên);60000;Amoxicillin 250mg;Mekophar;Hộp;https://www.pharmacity.vn/product/amoxicilin-250mg-hop-10-vi-x-10-vien
Broncocef 2,5g (Hộp 12 gói);16500;Cephalexin 250mg, Bromhexin Hydrochlorid 4mg;Mekophar;Hộp;https://www.pharmacity.vn/product/thuoc-dieu-tri-nhiem-khuan-duong-ho-hap-broncocef-25g-hop12-goi
Cephalexine 250mg (Hộp 12 gói x 2.5g);23000;Cephalexin 250mg;Mekophar;Hộp;https://www.pharmacity.vn/product/cephalexine-250mg-hop-12-goi-x-25g
Viên nén Cefpodoxime-MKP 200mg kháng sinh điều trị nhiễm khuẩn (1 vỉ x 10 viên);66000;Cefpodoxim 200mg;Mekophar;Hộp;https://www.pharmacity.vn/product/cefpodoxime-mkp-200-hop-1-vi-x-10-vien
Viên đặt âm đạo Merynal-V điều trị viêm âm đạo (1 vỉ x 12 viên);18000;Chloramphenicol 80mg, Nystatin 1000ui, Metronidazol 200mg;Medipharco- Tenamyd;Hộp;https://www.pharmacity.vn/product/thuoc-dieu-tri-viem-am-dao-do-nhiem-khuan-merynal-v-1-vi-x-12-vienhop
Novomycine 0.75 M.IU (20 gói x 3g/hộp);53000;Spiramicin 750.000 UI;Mekophar;Hộp;https://www.pharmacity.vn/product/novomycine-075-miu-20-goi-x-3ghop
Glopotin 10mg (2 vỉ x 15 viên/hộp);55000;Vinpocetin 10mg;GLOMED-ABBOTT;Hộp;https://www.pharmacity.vn/product/glopotin-10mg-2-vi-x-15-vienhop
Trajenta Duo (Hộp 3 vỉ x 10 viên);292800;Linagliptin 2.5mg, Metformin 1000mg;Boehringer Ingelheim;Hộp;https://www.pharmacity.vn/product/trajenta-duo-hop-3-vi-x-10-vien
Viên nén bao phim Bonviva 150mg điều trị loãng xương, giảm nguy cơ gãy xương (hộp 1 viên);540000;Natri ibandronate 150mg 150mg;TAKEDA;Hộp;https://www.pharmacity.vn/product/bonviva-150mg-1-vienhop
Viên nén Getzlox 250mg điều trị nhiễm trùng nhẹ, trung bình và nặng (1 vỉ x 10 viên);138000;Levofloxacin 250mg;Getz Pharm;Hộp;https://www.pharmacity.vn/product/getzlox-250mg-1-vi-x-10-vienhop
Gymenyl (1 vỉ x 12 viên/hộp);36000;Metronidazol 200mg, Chloramphenicol 80mg, Dexamethason acetat 0,5mg, Nystatin 100.000 IU;SPM;Hộp;https://www.pharmacity.vn/product/gymenyl-1-vi-x-12-vienhop
TV-Tussine (Hộp 2 vỉ x 10 viên);18000;Dextromethorphan, Clorpheniraminl, Na Citrat, AmoniCl, Glyceryl Guaiacolat;TVPharma;Hộp;https://www.pharmacity.vn/product/tv-tussine-2-vi-x-10-vienhop
Cefuroxim 250mg (6 vỉ x 5 viên/hộp);179000;Cefuroxim 250mg;Ampharco U.S.A;Hộp;https://www.pharmacity.vn/product/cefuroxim-250mg-6-vi-x-5-vienhop
Savi Zentac 150mg (Hộp 3 vỉ x 10 viên);25000;Ranitidin 150mg;Savi;Hộp;https://www.pharmacity.vn/product/savi-zentac-150mg-3-vi-x-10-vienhop
Ranitidin 300mg (3 vỉ x 10 viên);27000;Ranitidine 300mg;Domesco;Hộp;https://www.pharmacity.vn/product/ranitidin-300mg-3-vi-x-10-vien
Coveram 10mg/5mg (Lọ 30 viên);338000;Perindopril 10mg, Amlodipin 5mg;Servier International;Hộp;https://www.pharmacity.vn/product/coveram-10mg5mg-hop-30-vien
Pregabalin Sandoz 75mg (Hộp 4 vỉ x 7 viên);364000;Pregabalin 75mg;Sandoz;Hộp;https://www.pharmacity.vn/product/pregabalin-sandoz-75mg-hop-4-vi-x-7-vien
Viên nang cứng Mecefix B.E 400mg điều trị nhiễm khuẩn (2 vỉ x 10 viên);330000;Cefixim 400mg;Merap Group;Hộp;https://www.pharmacity.vn/product/mecefix-be-400mg-2-vi-x-10-vienhop
Barivir 500mg (2 vỉ x 10 viên);107000;Ribavirin 500mg;Dong Nam;Hộp;https://www.pharmacity.vn/product/barivir-500mg-2vi-x-10-vien
Supirocin B Ointment (Tuýp 5g);81000;Mupirocin 2%, Betamethason 5%/5g;Glenmark;Hộp;https://www.pharmacity.vn/product/supirocin-b-ointment-tuyp-5g
Viên nén Losartan 25mg Domesco điều trị tăng huyết áp (1 vỉ x 10 viên);16000;Losartan 25mg;Domesco;Hộp;https://www.pharmacity.vn/product/losartan-25mg-hop-1-vi-x-10-vien
Viên nén bao phim Agidecotyl 500mg điều trị các chứng co cứng cơ (2 vỉ x 12 viên);51000;Mephenesin 500mg;AGIPHARM;Hộp;https://www.pharmacity.vn/product/agidecotyl-500mg-2-vi-x-12-vienhop
Salmodil Expectorant Syrup 40mg/ 80mg (Chai 100ml);63000;Bromhexin 80mg, Salbutamol 40mg;FDC;Chai;https://www.pharmacity.vn/product/salmodil-expectorant-syrup-chai-100ml
Topxol 50mg (Hộp 10 vỉ x 10 viên);73000;Tolperison 50mg;GLOMED-ABBOTT;Hộp;https://www.pharmacity.vn/product/topxol-50mg-10-vi-x-10-vienhop
Telma 20mg (Hộp 1 vỉ x 10 viên);230000;Telmisartan 20mg;Glenmark;Hộp lớn;https://www.pharmacity.vn/product/telma-20mg-1-vi-x-10-vienhop
Statinagi 20 (Hộp 3 vỉ x 10 viên);84000;Atorvastatin 20mg;AGIPHARM;Hộp;https://www.pharmacity.vn/product/thuoc-dieu-tri-roi-loan-mo-mau-statinagi-20mg-3-vi-x-10-vien-hop
Powercort cream (Hộp 1 tuýp 15g);25000;Clobetasol Propionat 0;Glenmark;Tuýp;https://www.pharmacity.vn/product/powercort-cream-hop-1-tuyp-15g
Viên bao đường Trivita B trị viêm đau dây thần kinh, đa dây thần kinh, thiếu máu (10 vỉ x 10 viên);65000;Vitamin B1 125mg, Vitamin B6 125mg, Vitamin B12 1mg;Pharmedic;Hộp;https://www.pharmacity.vn/product/thuoc-dieu-tri-dau-nhuc-than-kinh-dau-nhuc-gan-va-bap-thit-co-the-met-moi-trivita-b-10-vi-x-10-vienhop
Bột pha hỗn dịch uống Firstlexin 250mg Pharbaco điều trị nhiễm khuẩn (hộp 10 gói);28000;Cephalexin 250mg;Pharbaco (TW1);Hộp;https://www.pharmacity.vn/product/thuoc-dieu-tri-nhiem-khuan-firstlexin-250mg-10-goi-x-15ghop
Artose 200mg Medopharm (Hộp 10 vỉ x 10 viên);265000;Celecoxib 200mg;Medopharm;Hộp;https://www.pharmacity.vn/product/thuoc-dieu-tri-trieu-chung-viem-xuong-khop-viem-khop-dang-thap-artose-200mg-10-vi-x-10-vienhop
Bisoloc Plus (Hộp 3 vỉ x 10 viên);54000;Bisoprolol Fumara 2,5mg, Hydrochlorothiazid 6,25mcg;United Pharma;Hộp;https://www.pharmacity.vn/product/bisoloc-plus-25mg625mcg-3vi-x-10vien
Cefuroxim 500mg (4 vỉ x 5 viên);90000;Cefuroxim 500mg;Pharimexco;Hộp;https://www.pharmacity.vn/product/thuoc-dieu-tri-nhiem-khuan-do-vi-khuan-cefuroxim-500mg-vcp-5-vien-x-4-vihop
pms - Irbesartan 75mg (Chai 100 viên);637000;Irbesartan 75mg;Pharmascience;Chai;https://www.pharmacity.vn/product/thuoc-dieu-tri-tang-huyet-ap-pms-irbesartan-75mg-chai-100-vien
Thuốc bột uống Leukas 4mg dự phòng và điều trị hen phế quản mạn tính, viêm mũi dị ứng (hộp 30 gói);110000;Natri Monteluskast 4mg;Thephaco;Hộp;https://www.pharmacity.vn/product/leukas-4mg-hop-30-goi
Furic 80 (Hộp 10 vỉ x 10 viên);225000;Febuxostat 80mg;Lupin;Hộp;https://www.pharmacity.vn/product/furic-80-hop-10-vi-x-10-vien
Viên nang Apibrex 400mg trị triệu chứng của thoái hóa khớp, viêm cột sống dính khớp (3 vỉ x 10 viên);135000;Celecoxib 400mg;Apimed;Hộp;https://www.pharmacity.vn/product/apibrex-400hop-3-vi-x-10-vien
Amoksiklav Quicktabs 1000mg (Hộp 7 vỉ x 2 viên);182000;Amoxicilin trihydrat 875mg, clavulanat kali 125mg;Lek - Slovenia;Hộp;https://www.pharmacity.vn/product/amoksiklav-quicktabs-1000-mg-hop-7-vi-x-2-vien
Rexcal 20mg (Hộp 5 vỉ x 10 viên);210000;Calcitriol 20mg;Phil Inter Pharma;Hộp;https://www.pharmacity.vn/product/thuoc-dieu-tri-loang-xuong-rexcal-20mg-phil-10-vien-x-5-vihop
Siro bổ sung vitamin D3 Aquadrin Chai 10ml india;75000;D3, DHA, EBA;Cipla;Chai;https://www.pharmacity.vn/product/siro-bo-sung-vitamin-d3-aquadrin-chai-10ml-india
Viên nang cứng Ceozime Capsule 200mg điều trị thoái hóa khớp, viêm khớp dạng thấp (3 vỉ x 10 viên);300000;Celecoxib 200mg;Kotra Pharma;Hộp;https://www.pharmacity.vn/product/ceozime-capsule-hop-3-vi-x-10-vien
Augtipha 625 (Hộp 2 vỉ x 10 viên);78000;Amoxicillin 500mg, Kali Clavuclanat 125mg;TIPHARCO;Hộp;https://www.pharmacity.vn/product/augtipha-625hop-2-vi-x-10-vien
Renitec 5mg (2 Vỉ x 14 Viên/hộp);107000;Enalapril 5mg;Merck Sharp & Dohme;Hộp;https://www.pharmacity.vn/product/renitec-5mg-2-vi-x-14-vienhop
Zostopain 120mg (3 vỉ x 10 viên/hộp);125000;Etoricoxib 120mg;Duoc pham 3/2;Hộp;https://www.pharmacity.vn/product/zostopain-120mg-3-vi-x-10-vienhop
Bột pha uống Aziphar 200mg điều trị nhiễm khuẩn đường hô hấp (hộp 12 gói);42000; Azithromycin 200mg;Mekophar;Hộp;https://www.pharmacity.vn/product/aziphar-200mg-12-goi-x-5ghop
Viên nang mềm Gyllex 300mg điều trị tăng amoniac máu và bệnh não gan (6 vỉ x 5 viên);96000;L-Ornithin L-Aspartat 300mg;Davipharm;Hộp;https://www.pharmacity.vn/product/gyllex-300mg-6vi-x-5vien
Mibelcam Fort 15mg (1 vỉ x 10 viên/hộp);170000;Meloxicam 15mg;Nobelfarma;Hộp;https://www.pharmacity.vn/product/mibelcam-fort-15mg-1-vi-x-10-vienhop
Thuốc xịt mũi Meclonate 50mcg phòng và điều trị viêm mũi dị ứng (chai 150 liều);59000;Beclometason 50mcg;Merap Group;Chai;https://www.pharmacity.vn/product/meclonate-50mcg-lo-150-lieu
Cốm pha uống Savi Esomeprazole 10mg trị loét dạ dày tá tràng, viêm thực quản (hộp 14 gói);76000;Esomeprazol 10mg;Savi;Hộp;https://www.pharmacity.vn/product/savi-esomeprazole-10mg-h14goi
Conipa Pure 1mg (4 vỉ x 5 ống x 10ml/hộp);100000;Kem gluconat 1.0 mg;DP Trung uong CPC1;Hộp;https://www.pharmacity.vn/product/thuoc-ho-tro-mien-dich-tang-suc-de-khang-bo-sung-kem-conipa-pure-1mg-4-vi-x-5-ong-x-10ml-hop
Nulesavir (Hộp 3 vỉ x 10 viên);855000;Entecavir 1mg;Hasan- Demarpharm;Hộp;https://www.pharmacity.vn/product/thuoc-khang-sinh-nulesavir-05mg-3-vi-x-10-vien
Melankit (Hộp 7 vỉ x 6 viên);252000;Lansoprazol,Tinidazol 30/500mg;Mediplantex;Hộp;https://www.pharmacity.vn/product/thuoc-dieu-tri-viem-loet-da-day-hanh-ta-trang-melankit-500mg-7vi-x-4vien
Fengshi OPC Viên phong thấp (Hộp 5 vỉ x 10 viên);60000;Cao Ngũ gia bì chân chim ,Cao Tam thất 18mg, 10mg;OPC;Hộp;https://www.pharmacity.vn/product/fengshi-opc-vien-phong-thap-5vi-x-10vien
Olmed 10mg (Hộp 4 vỉ x 7 viên);180000;Olanzapine 10 mg;PT Actavis Indonesia;Hộp;https://www.pharmacity.vn/product/olmed-10mg-4-vi-x-7-vienhop
Viên nén Expas Forte giảm đau do co thắt cơ trơn ở đường tiêu hoá (3 vỉ x 10 viên);33800;Drotaverin HCl 80mg;DHG Pharma;Hộp;https://www.pharmacity.vn/product/expas-forte-hop-3-vi-x-10-vien
Fabonxyl (Hộp 10 vỉ x 10 viên);55000;Fabonxyl;Armepharco;Hộp;https://www.pharmacity.vn/product/fabonxyl-10-vi-x-10-vienhop
Vacoomez's 20 20mg (10 vỉ x 10 viên/hộp);82000;Esomeprazol 20mg;Vacopharm;Hộp;https://www.pharmacity.vn/product/vacoomezs-20-10-vi-x-10-vienhop
Viên nén Huntelaar 2mg điều trị tăng huyết áp (3 vỉ x 10 viên);84300;Lacidipin 2mg;Davipharm;Hộp;https://www.pharmacity.vn/product/huntelaar-2mg-3-vi-x-10-vienhop
Neubatel - Forte 600mg (Hộp 6 vỉ x 10 viên);324000;Gabapentin 600mg;Davipharm;Hộp;https://www.pharmacity.vn/product/neubatel-forte-600mg-6-vi-x-10-vienhop
Vashasan20 20mg (Hộp 2 vỉ x 30 viên);37000;Trimetazidine Dihydrochlorid 20mg;Pymepharco;Hộp;https://www.pharmacity.vn/product/thuoc-du-phong-con-dau-that-nguc-vashasan-20mg-2-vi-x-30-vienhop
Terpin-codein (10 vỉ x 10 viên);110000;Terpin hydrat 100mg, Codein base 15mg;TVPharma;Hộp;https://www.pharmacity.vn/product/thuoc-he-ho-hap-terpin-codein-15mg-10-vi-x-10-vien
TV-Ladine 100mg (3 vỉ x 10 viên);144000;Lamivudine 100mg;TVPharma;Hộp;https://www.pharmacity.vn/product/thuoc-khang-viem-tv-ladine-100mg-3-vi-x-10-vien
Seodeli 200mg (Hộp 10 vỉ x 10 viên);390000;Trimebutin maleat 200mg;Theragen Etex;Hộp;https://www.pharmacity.vn/product/thuoc-dieu-tri-hoi-chung-ruot-kich-thich-roi-loan-chuc-nang-duong-tieu-hoa-seodeli-200mg-10-vi-x-10-vienhop
Viên nén Neotazin MR Ampharco điều trị đau thắt ngực (10 vỉ x 10 viên);123480;Trimetazidin hydroclorid 35mg;Ampharco U.S.A;Hộp;https://www.pharmacity.vn/product/thuoc-dieu-tri-du-phong-cac-con-dau-that-nguc-do-benh-tim-neotazin-mr-ampharco-10-vien-x-10-vihop
Viên nang Fitocoron-F Fitopharma trợ tim và điều trị thiểu năng mạch vành (hộp 40 viên);69600;Đan sâm 675mg, Tam thất 210mg, Băng phiến tổng hợp 12mg;FitoPharma;Lọ;https://www.pharmacity.vn/product/fitocoron-f-fitopharma-40vien
Viên nén Glizym-M điều trị đái tháo đường không phụ thuộc insulin (type 2) (20 vỉ x 10 viên);790000;Gliclazid 80mg, Metformin 500mg;Panacea Biotec;Hộp;https://www.pharmacity.vn/product/glizym-m-hop-20-vi-x-10-vien
Thuốc điều trị thiếu máu não, chóng mặt, suy giảm nhận thức Orilope 800mg (24 ống x 8ml/hộp);87000;Piracetam 800mg;Phương Đông;Hộp;https://www.pharmacity.vn/product/thuoc-dieu-tri-thieu-mau-nao-chong-mat-suy-giam-nhan-thuc-orilope-800mg-24-ong-x-8mlhop
Hoa đà tái tạo hoàn Guangzhou Baiyunshan (Hộp 10 gói);125000;Xuyên khung 2.4g, Tần giao 2.4g,  Bạch chỉ 2.4g, Đương quy 2.4g, Mạch môn 1.6g, Hồng sâm 2.4g, Ngô thù du  1,6g,  Ngũ vị tử 2,4g, Băng phiến. 0.08g/ gói;KyTinh;Hộp;https://www.pharmacity.vn/product/hoa-da-tai-tao-hoan-guangzhou-baiyunshan-10goi
Viên ích mẫu (Hộp 5 vỉ x 10 viên);30000;Ích mẫu 1.0g,  Hương phụ  0.313g,  Ngải cứu  0.25g;Công ty Cổ phần Dược Hà Tĩnh;Hộp;https://www.pharmacity.vn/product/vien-ich-mau-ha-tinh-10-vien-x-5-vihop
Tranfaximox 250mg/150mg (2 vỉ x 10 viên/hộp);147530;Amoxicillin 250mg, Acid clavulanic 125mg;Hataphar;Hộp;https://www.pharmacity.vn/product/tranfaximox-2-vi-x-10-vienhop
Nucoxia 90mg (10 vỉ x 10 viên/hộp);460000;Etoricoxib 90mg;Cadila Healthcare- India;Hộp;https://www.pharmacity.vn/product/nucoxia-90mg-10-vi-x-10-vienhop
Viên nén Devastin 20mg Bidiphar điều trị tăng cholesterol máu, giảm mỡ máu (3 vỉ x 10 viên);122000;Rosuvastatin 20mg;BIDIPHAR;Hộp;https://www.pharmacity.vn/product/devastin-20-3-vi-x-10-vienhop
Levetral Davi 500mg (Hộp 6 vỉ x 10 viên);360000;Levetiracetam 500mg;Davipharm;Hộp;https://www.pharmacity.vn/product/levetral-500mg-6-vi-x-10-vienhop
Supertrim 400mg/ 80mg (Hộp 30 gói x 1,6g);68000;Sulfamethoxazol 400mg, Trimethoprim 80mg;Agimexpharm;Hộp;https://www.pharmacity.vn/product/thuoc-dieu-tri-nhiem-khuan-supertrim-30-goi-x-1-6g-thuoc-bot-hop
Atorvastatin TP (Hộp 10 vỉ x 10 viên);318000;Atorvastatin  10mg;Hataphar;Hộp;https://www.pharmacity.vn/product/atorvastatin-tp-hop-10-vi-x-10-vien
Cilavef (2 vỉ x 10 viên/hộp);131000;Celecoxib 200mg;Schazoo;Hộp;https://www.pharmacity.vn/product/cilavef-2-vi-x-10-vienhop
Cododamed (Hộp 4 vỉ x 14 viên);930000;Pregabalin 75mg;Pharmaceutical Works Adamed Pharma Joint Stock Company - BA;Hộp;https://www.pharmacity.vn/product/cododamed-4-vi-x-14-vienhop
Viên nang cứng Hemfibrat Hataphar điều trị rối loạn mỡ máu (3 vỉ x 10 viên);95000;Fenofibrat 300mg;Hataphar;Hộp;https://www.pharmacity.vn/product/hemfibrat-3-vi-x-10-vienhop
Viên nang Mecitil 5,9mg điều trị rối loạn tiền đình, đau nữa đầu (10 vỉ x 10 viên);318000;Flunarizin 5mg;Sam Nam Pharma;Hộp;https://www.pharmacity.vn/product/mecitil-10-vi-x-10-vienhop
Cloramphenicol 250mg (Hộp 10 viên x 10 vỉ);120000;Cloramphenicol 250mg;Công ty cổ phần Dược phẩm Quảng Bình;Hộp;https://www.pharmacity.vn/product/thuoc-dieu-tri-nhiem-trung-nang-cloramphenicol-250mg-quang-binh-10-vien-x-10-vihop
Verni-full 250mg CPC1 (6 vỉ x 15 viên);1300004;Citicolin 250mg;DP Trung uong CPC1;Hộp;https://www.pharmacity.vn/product/verni-full-250mg-cpc1-6vi-x-15vien
Galvus MET 50mg/850mg Novatis (Hộp 6 vỉ x 10 viên);553000;Vildagliptin 50mg,  Metformin HCl  850mg;Novartis;Hộp;https://www.pharmacity.vn/product/thuoc-dieu-tri-dai-thao-duong-typ-2-galvus-met-50mg850mg-novatis-10-vien-x-6-vihop
Viên nén bao đường Mestinon 60mg Aupa Biopharm mất trương lực cơ của ống tiêu hoá (chai 150 viên);750000;Pyridostigmin 60mg;Aupa Biopharm Co., Ltd;Hộp;https://www.pharmacity.vn/product/mestinon-60mg-chai-150-vien
Candesarkern 8mg  (2 vỉ x 14 viên/hộp);133000;Candesartan cilexetil 8mg;Kern Pharma;Hộp;https://www.pharmacity.vn/product/candesarkern-8mg-tablet-2-vi-x-14-vienhop
Fibrofin-145 (Hộp 3 vỉ x 10 viên);168000;Fenofibrat 145mg;Hetero Drugs- India;Hộp;https://www.pharmacity.vn/product/thuoc-dieu-tri-benh-tang-cholesterol-mau-fibrofin-145-3-vi-x-10-vien-hop
Cypdicar 6,25 (3 vỉ x 10 viên/hộp);106000;Carvedilol 6.25mg;Remedica;Hộp;https://www.pharmacity.vn/product/cypdicar-625-3-vi-x-10-vienhop
Merislon 12mg (100 vỉ x 10 viên/hộp);2250000;Betahistine Mesilate 12mg;Eisai Ltd;Hộp;https://www.pharmacity.vn/product/merislon-12mg-10-vi-x-10-vienhop
Denazox Remedica  (Hộp 5 vỉ x 10 viên);95000;Diltiazem hydrochlorid 60mg;Remedica;Hộp;https://www.pharmacity.vn/product/denazox-5-vi-x-10-vienhop
Prasogem 40mg (2 vỉ x 7 viên);43000;Esomeprazol 40mg;BV Pharma;Hộp;https://www.pharmacity.vn/product/prasogem-40mg-2-vi-x-7-vienhop
Amariston 10mg (Hộp 1 vỉ x 1 viên);10000;Mifepristone 10mg;Nam Ha;Hộp;https://www.pharmacity.vn/product/thuoc-ngua-thai-khan-cap-amariston-10mg-1-vi-x-1-vien-hop
Fawce (Hộp 4 vỉ x 7 viên);560000;Adefovir dipivoxil 10mg, Lamivudin 100mg;Davipharm;Hộp;https://www.pharmacity.vn/product/thuoc-dieu-tri-viem-gan-sieu-vi-fawce-4-vi-x-7-vienhop
Levocide 500 (Hộp 1 vỉ x 10 viên);23000;Levofloxacin 500mg;Cadila Pharmaceuticals Ltd;Hộp;https://www.pharmacity.vn/product/thuoc-khang-sinh-levocide-500-1-vi-x-10-vien
Viên nén bao phim Eslatinb 40mg điều trị rối loạn mỡ máu (10 vỉ x 10 viên);480000;Simvastatin 40mg;Medisun;Hộp;https://www.pharmacity.vn/product/thuoc-tim-mach-huyet-ap-eslatinb-40mg-10-vi-x-10-vien
Viên nén Goldgrow 400IU điều trị thiếu vitamin D (3 vỉ x 10 viên);66000;Cholecalciferol 400.IU;Hadiphar;Hộp;https://www.pharmacity.vn/product/goldgro-w-400iu-hadiphar-3vi-x-10vien
Zeprilnas 50mg (Hộp 2 vỉ x 10 viên);76000;Itoprid hydrochlorid 50mg;MeyerHealthcare;Hộp;https://www.pharmacity.vn/product/thuoc-dieu-tri-trieu-chung-ve-da-day-ruot-gay-ra-boi-viem-da-day-man-zeprilnas-50mg-2-vi-x-10-vienhop
Thuốc điều trị thiếu máu cơ tim,tăng huyết áp Macorel 30mg (10 viên x 10 vỉ/hộp);644500;Nifedipine SR 30mg;Valpharma Company, San Marino;Hộp;https://www.pharmacity.vn/product/thuoc-dieu-tri-thieu-mau-co-timtang-huyet-ap-macorel-30mg-10-vien-x-10-vihop
Viên nén Medi-Piracetam 800mg điều trị triệu chứng rối loạn nhận thức, chóng mặt (10 vỉ x 10 viên);195000;Piracetam 800mg;Medisun;Hộp;https://www.pharmacity.vn/product/thuoc-dieu-tri-chung-chong-mat-dot-quy-thieu-mau-cuc-bo-cap-suy-giam-tri-nho-medi-piracetam-800mg-10-vi-x-10-vienhop
Acyclovir 200mg (Hộp 3 vỉ x 10 viên);39500;Acyclovir 200mg;Domesco;Hộp;https://www.pharmacity.vn/product/acyclovir-200mg-3-vi-x-10-vienhop
Cefazolin 1g (Hộp 10 lọ);2100000;Cefazolin 1g;Farmak JSC-Ukraine;Hộp;https://www.pharmacity.vn/product/cefazolin-jsc-10lo-inj
Viên nén bao phim Bactamox 500mg Imexpharm kháng sinh điều trị nhiễm khuẩn (2 vỉ x 7 viên);117600;Amoxicilin 250mg, Sulbactam 250mg;Imexpharm;Hộp;https://www.pharmacity.vn/product/thuoc-dieu-tri-nhiem-khuan-bactamox-500mg-2-vi-x-7-vien-hop
Viên nén bao phim Kefcin 375 DHG điều trị nhiễm khuẩn (2 vỉ x 5 viên);75000;Cefaclor 375mg;DHG Pharma;Hộp;https://www.pharmacity.vn/product/kefcin-375-hop-2-vi-x-5-vien
Viên nén Co-Padein Nadyphar điều trị các triệu chứng đau nhức (10 vỉ x 10 viên);84000;Paracetamol 500mg, codein phosphat 10mg;Nadyphar;Hộp;https://www.pharmacity.vn/product/co-padein-10-vi-x-10-vienhop
Nisitanol (3 vỉ x 10 viên/hộp);11000;Nefopam 30mg;Công ty cổ phần dược phẩm Vĩnh Phúc;Hộp;https://www.pharmacity.vn/product/nisitanol-3-vi-x-10-vienhop
Fabamox 250mg (Hộp 10 vỉ x 10 viên);129000;Amoxicillin 250mg;Pharbaco (TW1);Hộp;https://www.pharmacity.vn/product/fabamox-250-10-vi-x-10-vienhop
Sartan/hctz (Hộp 3 vỉ x 10 viên);165000;Candesartan cilexetil 16mg, Hydroclorothiazid 12.5mg;Savi;Hộp;https://www.pharmacity.vn/product/sartanhctz-3-vi-x-10-vienhop
Kononaz Tab (Hộp 10 vỉ x 10 viên);183000;Mecobalamin 500mcg;Korea Pharma Co., Ltd;Hộp;https://www.pharmacity.vn/product/kononaz-tab-10-vi-x-10-vienhop
EYAL-Q Ophthalmic Drops (5ml);48090;Sodium hyaluronat 1mg/1ml;Samil Pharm.Co.,Ltd.;Chai;https://www.pharmacity.vn/product/eyal-q-ophthalmic-drops-5ml
Zanobapine (10 vỉ x 10 viên/hộp);120000;Olanzapin 10mg;Mepro Pharma;Hộp;https://www.pharmacity.vn/product/zanobapine-10-vi-x-10-vienhop
Hasanbose 100 (Hộp 10 vỉ x 10 viên);210000;Acarbos 100mg;Hasan- Demarpharm;Hộp;https://www.pharmacity.vn/product/hasanbose-100-10-vi-x-10-vienhop
Loacne (Hộp 1 vỉ x 21 viên);115000;Cyproteron acetate 2mg, Ethinylestradiol 0.035mg;Mega Lifesciences;Hộp;https://www.pharmacity.vn/product/loacne-hop-1-vi-x-21-vien
Atizet (3 vỉ x 10 viên/hộp);75000;Ezetimibe 10mg;An Thien;Hộp;https://www.pharmacity.vn/product/atizet-3-vi-x-10-vienhop
Assolox (3 vỉ x 7 viên/hộp);525000;Levofloxacin (dưới dạng Levofloxacin hemihydrate) 500mg;West Pharma;Hộp;https://www.pharmacity.vn/product/assolox-3-vi-x-7-vienhop
Dicortineff (5ml);55000;Neomycin sulfat 12.500UI, Gramicidin 125UI, 9-alpha fluohydrocortison acetat 5mg/5ml;Warsaw Pharma;Chai;https://www.pharmacity.vn/product/dicortineff-5ml
Chirocaine 5mg/ml (Hộp 10 ống x 10ml);1260000;Levobupivacaine  5mg/ml;AbbVie;Hộp;https://www.pharmacity.vn/product/chirocaine-5mgml-hop-10-ong-x-10ml
Bosagas 40 (Hộp 3 vỉ x 10 viên);150000;Telmisartan 40mg;Boston;Hộp;https://www.pharmacity.vn/product/bosagas-40-hop-3-vi-x-10-vien
Meyerproxen 500mg (Hộp 10 vỉ x 10 viên);300000;Naproxen 500mg;Meyer-BPC;Hộp;https://www.pharmacity.vn/product/meyerproxen-500mg-10vi-x-10-vien
Dung dịch uống Chymotase Cho-A Pharm hỗ trợ điều trị viêm mũi, nhiễm khuẩn hô hấp (20 ống x 10ml);449000;Thymomodulin 60mg/10ml;Cho-A pharm;Hộp;https://www.pharmacity.vn/product/chymotase-20-ong-x-10mlhop
Gluthion (Hộp 10 lọ);124000;Glutathion 1200mg;Medlac pharm;Hộp;https://www.pharmacity.vn/product/gluthion-hop-10-lo
Linkotax 25 (3 vỉ x 10 viên/hộp);1680000;Exemestan 25mg;Sindan Pharma;Hộp;https://www.pharmacity.vn/product/linkotax-25-3-vi-x-10-vienhop
Diuresin SR 1,5mg (Hộp 3 vỉ x 10 viên);140000;Indapamid 1.5mg;Polfarmex S.A;Hộp;https://www.pharmacity.vn/product/diuresin-sr-3-vi-x-10-vienhop
Cendagyl (2 vỉ x 10 viên);35500;Spiramycin 0,75 MIU,  metronidazol  125mg;Foripharm (TW3);Hộp;https://www.pharmacity.vn/product/cendagyl-duoc-trung-uong-3-2vi-x-10vien
Viên nén Restoril 5 SPM điều trị tăng huyết áp, suy tim (3 vỉ x 10 viên);59000;Lisinopril 5mg;SPM;Hộp;https://www.pharmacity.vn/product/restoril-5-spm-3vi-x-10vien
Nexcix (2 vỉ x 10 viên/hộp);46500;Spiramycin 750.000IU, Metronidazol 125mg;Imexpharm;Hộp;https://www.pharmacity.vn/product/nexcix-2-vi-x-10-vienhop
Pharmox 200 (12 gói x 0.8g/hộp);17900;Amoxicillin 200mg;Imexpharm;Hộp;https://www.pharmacity.vn/product/pharmox-200-12-goi-x-08ghop
Allopurinol 200 (3 vỉ x 10 viên/hộp);34900;Allopurinol 200mg;Nadyphar;Hộp;https://www.pharmacity.vn/product/allopurinol-200-3-vi-x-10-vienhop
Viên nén Dinara điều trị bệnh viêm gan siêu vi B mạn tính (4 vỉ x 7 viên);390000;Tenofovir 300mg,   Lamivudin  100mg;Công ty Cổ Phần Dược Phẩm Đạt Vi Phú – Việt Nam;Hộp;https://www.pharmacity.vn/product/dinara-hop-4-vi-x-7-vien
Tolura 40mg (Hộp 4 vi x 7 vien);129000;Telmisartan 40mg;KRKA,D,D;Hộp;https://www.pharmacity.vn/product/tolura-40mg-hop-4-vi-x-7-vien
Cilzec 20mg (3 vỉ x 10 viên);90000;Telmisartan 20mg;Mega Lifesciences;Hộp;https://www.pharmacity.vn/product/cilzec-20mg-3-vi-x-10-vien
Jardiance Duo 5mg/850mg (Hộp 3 vỉ x 10 viên);380000;empagliflozin, metformin hydrochloride 5mg, 850 mg;Boehringer Ingelheim;Hộp;https://www.pharmacity.vn/product/jardiance-duo-5mg850mg-3-vi-x-10-vien
Penveril (Hộp 2 vỉ x 10 viên);29000;Acetyl Spiramycin 100mg,  Metronidazol 125mg;Mediplantex;Hộp;https://www.pharmacity.vn/product/penveril-hop-2-vi-x-10-vien
Viên nang cứng Cyclindox Caps 100mg điều trị nhiễm khuẩn (10 vỉ x 10 viên);196000;Doxycycline hyclate 100mg;Medochemie;Hộp;https://www.pharmacity.vn/product/cyclindox-caps-100mg-10vi-x-10vien
Viên nén Efavirenz Stella 600mg phòng ngừa sau phơi nhiễm HIV, phối hợp trị HIV-1 (3 vỉ x 10 viên);540000;Efavirenz 600mg;STELLA;Hộp;https://www.pharmacity.vn/product/efavirenz-3-vi-x-10-vien
Hania (Hộp 3 vỉ x 10 viên);1700000;Donepezil HCl 10mg;Công ty TNHH Dược phẩm Lamda;Hộp;https://www.pharmacity.vn/product/hania-3-vi-x-10-vien
Viên nén   Tenecand 8 điều trị tăng huyết áp (10 vỉ x 10 viên);30000;Candesartan cilexetil  8mg;GLOMED-ABBOTT;Hộp;https://www.pharmacity.vn/product/tenecand-8-hop-3-vi-x-10-vien
Dung dịch tiêm Nebido 1000mg/4ml hỗ trợ điều trị thiểu năng tuyến sinh dục nam giới (hộp 1 ống 4ml);3100000;Testosteron undecanoat  250mg;Bayer (Others);Hộp;https://www.pharmacity.vn/product/nebido-1000mg4ml
Viên giải phóng có kiểm soát Efexor XR 75mg trị trầm cảm nặng và rối loạn lo âu (2 vỉ x 14 viên);469000;Venlafaxin 75mg;Viatris (Pfizer UpJohn);Hộp;https://www.pharmacity.vn/product/efexor-xr-75mg-28vien
Getsitalip 100mg Getzpharma (Hộp 2 vỉ x 7 viên);127000;Sitagliptin 100mg;Getz Pharm;Hộp;https://www.pharmacity.vn/product/getsitalip-hop-2-vi-x-7-vien
Noklot 75 (3vi x 10vien);23900;Clopidogrel 75mg;Cadila Pharmaceuticals Ltd;Hộp;https://www.pharmacity.vn/product/noklot-75-3x10
NYSIOD - M (1 vi x 10 vien);150000;Miconazol nitrat 200mg;Mebiphar;Hộp;https://www.pharmacity.vn/product/nysiod-m-1-vi-x-10-vien
Savi Dopril 4 ( Hộp 3 vỉ x 10 viên);75000;Perindopril erbumin 4mg;Savi;Hộp;https://www.pharmacity.vn/product/savi-dopril-4mg-hop-3-vi-x-10-vien
Giotrif 30mg (4 vi x 7 vien);23240000;Afatinib 30mg;Boehringer Ingelheim;Hộp;https://www.pharmacity.vn/product/giotrif-30mg-4-vi-x-7-vien
Opxil SA  500mg  (Hộp 10 vỉ x 10 viên);280000;Cephalexin 500mg 500mg;Agimexpharm;Hộp;https://www.pharmacity.vn/product/cephalexin-500mg-imexpharm-10-vi-x-10-vien
Viên nén Cerepril SPM 5mg điều trị tăng huyết áp, suy tim (3 vỉ x 10 viên);22000;Enalapril maleat 5mg;SPM;Hộp;https://www.pharmacity.vn/product/cerepril-5-hop-3-vi-x-10-vien
Viên nén Wedes 50mg ức chế miễn dịch (2 vỉ x 10 viên);170000;Azathioprine 50mg;Davipharm;Hộp;https://www.pharmacity.vn/product/wedes-hop-2-vi-x-10-vien
Cerecozin 500mg (Hộp 3 vỉ x 10 viên);673000;Citicolin 500mg;Sao Kim;Hộp;https://www.pharmacity.vn/product/cerecozin-tab-disp-500mg-3vi-x-10vien
Betamethason 0,5mg (10 vỉ x 10 viên);30000; Betamethason 0.5mg;Vacopharm;Hộp;https://www.pharmacity.vn/product/betamethason10vi-x10-vien
Opeverin (5 vỉ x 10 viên);175000;Mebeverin 135mg;Ameflu;Hộp;https://www.pharmacity.vn/product/opeverin-5-vi-x-10-vien
Viên nén bao phim Nalidixic Acid 500mg điều trị nhiễm khuẩn đường tiết niệu dưới (10 vỉ x 10 viên);150000;Nalidixic 500mg;Công ty cổ phần dược Đồng Nai;Hộp;https://www.pharmacity.vn/product/nalidixid-500mg-10-vi-x-10-vien
Myantacid II 500mg (10 vi x 10 vien);51000;Magnesi hydroxyd,Nhôm hydroxyd,Simethicon;TVPharma;Hộp;https://www.pharmacity.vn/product/myantacid-ii-500mg-10-vi-x-10-vien
Viên nang Amloboston 5mg trị tăng huyết áp, điều trị dự phòng đau thắt ngực ổn định (5 vỉ x 10 viên);37490;Amlodipin 5mg;Boston;Hộp;https://www.pharmacity.vn/product/amloboston-5mg-hop-5vi-x-10-vien
Tagrisso 80mg AstraZeneca (Hộp 1 x 10 viên);28310000;Osimertinib  80mg;AstraZeneca;Hộp;https://www.pharmacity.vn/product/tagrisso-80mg-astrazeneca-hop-1-x-10-vien
Ibrance 75mg CAP Pfizer (Hộp 1 vỉ x 7 viên);4204200;PALBOCICLIB 75 MG;Pfizer PBG;Hộp;https://www.pharmacity.vn/product/ibrance-75mg-cap-pfizer-hop-1-vi-x-7-vien
Ibrance 125mg CAP Pfizer (Hộp 1 vỉ x 7 viên);4844000;PALBOCICLIB 125 MG;Pfizer PBG;Hộp;https://www.pharmacity.vn/product/ibrance-125mg-cap-pfizer-hop-1-vi-x-7-vien
Tarceva 150mg Roche (Hộp 3 vỉ x 10 viên);18450000;Erlotinib 150mg;Roche;Hộp;https://www.pharmacity.vn/product/tarceva-150mg-roche-hop-3-vi-x-10-vien
Avastin 400mg/16ml Roche (Hộp 1 lọ);27000000;Bevacizumab 400mg/16ml;Roche;Lọ;https://www.pharmacity.vn/product/avastin-400mg16ml-roche-hop-1-lo
Bột đông khô pha tiêm Vancomycin 500mg Bidiphar điều triị nhiễm khuẩn (hộp 10 lọ);440000;Vancomycin 500mg;BIDIPHAR;Hộp;https://www.pharmacity.vn/product/vancomycin-500mg-bidiphar-hop-10-lo-bot-kho-pha-tiem
Jakavi 15mg Novartis (Hop 4x14);41870000;Ruxolitinib (dưới dạng Ruxolitinib phosphat) 15mg;Novartis;Hộp;https://www.pharmacity.vn/product/jakavi-15mg-novartis-hop-4x14
Viên nén 3B STADA trị viêm đau dây thần kinh, viêm đa dây thần kinh, bệnh thiếu máu (5 vỉ x 10 viên);77220;Vitamin B1 , Vitamin B6, Vitamin B12 100mg+200mg+ 200mcg;STADA;Hộp;https://www.pharmacity.vn/product/3b-stada-5vi-x-10vien
Cefuroxim STADA 500 mg (10Vi x 10Vien);139000;Cefuroxim 500mg;STADA;Hộp;https://www.pharmacity.vn/product/cefuroxim-stada-500-mg-10vi-x-10vien
Stivarga 40mg Tab Bayer (Hộp 28v);29000000;Regorafenib  40mg;Bayer (Others);Hộp;https://www.pharmacity.vn/product/stivarga-40mg-tab-bayer-hop-28v
Alecensa 150mg CAP Roche (4 hop nho x 56 vien);80864000;Alectinib (dưới dạng Alectinib hydrochloride) 150mg;Roche;Hộp;https://www.pharmacity.vn/product/alecensa-150mg-cap-roche-4-hop-nho-x-56-vien
Iressa 250mg AstraZeneca ( Hộp 3 vỉ x 10 viên);20550000;Gefitinib 250mg 250mg;AstraZeneca;Hộp;https://www.pharmacity.vn/product/iressa-250mg-astrazeneca-hop-3-vi-x-10-vien
AKUDINIR CAPS 300MG (1Vi x 10Vien);65900;CEFDINIR 300mg;Akums Drugs and Pharmaceuticals Ltd;Hộp;https://www.pharmacity.vn/product/akudinir-caps-300mg-1vi-x-10vien
NEUROTECH SOFTCAP 300MG /200BOX 30 MEDIPLANTEX;50000;CYANOCOBALAMIN + PYRIDOXINE + THIAMINE 50mcg,115mg, 115mg;Mediplantex;Hộp;https://www.pharmacity.vn/product/neurotech-softcap-300mg-200box-30-mediplantex
Viên nhén Stella ZECEIN 40mg chống co thắt cơ trơn đường tiêu hóa (Hộp 50 viên);45000;Drotaverine hydrochloride 40mg;STELLA;Hộp;https://www.pharmacity.vn/product/zecein-40mg-hop-50-vien
Morientes Davipharm 50mg (Hộp 30 Viên);325000;Quetiapin 50mg;Davipharm;Hộp;https://www.pharmacity.vn/product/morientes-davipharm-50mg-hop-30-vien
Viên nén Flypit 10mg điều trị tăng cholesterol máu, giảm mỡ máu (3 vỉ x 10 viên);82500;Atorvastatin 10mg;Pharbaco (TW1);Hộp;https://www.pharmacity.vn/product/flypit-capl-fc-10mg-3vi-x-10vien
Thuốc Teravir-AF Natco điều trị viêm gan B mạn tính (hộp 30 viên);31400;Tenofovir alafenamide (dưới dạng Tenofovir alafenamide fumarate) 25mg 25mg;Natco;Viên;https://www.pharmacity.vn/product/thuoc-teravir-af-natco-dieu-tri-viem-gan-b-man-tinh-hop-30-vien
Thuốc tiêm Tanganil 500mg/5ml Pierre Fabre điều trị triệu chứng các cơn chóng mặt (1 vỉ x 5 ống x 25;18000;Acetyl leucin 500mg/5ml 500mg/5ml;Pierre-Fabre;Ống;https://www.pharmacity.vn/product/Tanganil-500mg-5ml
Ciforkid 250 10 gói x 3g;12500;Mỗi gói 3g chứa: Ciprofloxacin (dưới dạng Ciprofloxacin HCl) 250mg 250mg;US Pharma;Gói;https://www.pharmacity.vn/product/ciforkid-250-10-goi-x-3g
Thuốc Irinotecan Bidiphar 100mg/5ml (Lọ 5ml);668000;	Irinotecan hydroclorid trihydrat 100mg/5ml;BIDIPHAR;Lọ;https://www.pharmacity.vn/product/thuoc-irinotecan-bidiphar-100mg5ml-lo-5ml
Thuốc Caspofungin Acetate For Injection 50mg/per Vial điều trị nhiễm Candida, nhiễm Aspergillus;4700000; Caspofungin acetate tương đương caspofungin 50mg;Reddy;Lọ;https://www.pharmacity.vn/product/thuoc-caspofungin-acetate-for-injection-50mgper-vial-dieu-tri-nhiem-candida-nhiem-aspergillus
Thuốc Peg Grafeel 6mg 1 bơm tiêm;4999000;Pegfilgrastim 6,0mg/0,6ml;Reddy;Bom tiem;https://www.pharmacity.vn/product/thuoc-peg-grafeel-6mg-1-bom-tiem
Alimta Vial Dry Inf 100mg Eli Lilly (Hop 1 Lo);6550000;Pemetrexed (dưới dạng Pemetrexed dinatri heptahydrate) 100mg;Eli Lilly;Hộp;https://www.pharmacity.vn/product/alimta-vial-dry-inf-100mg-eli-lilly-hop-1-lo
Ninlaro 4mg Takeda (3 vỉ x 1 viên);38000000;Ixazomib 4mg 4mg;TAKEDA;Hộp;https://www.pharmacity.vn/product/ninlaro-4mg-takeda-3-vi-x-1-vien
Linagliptin Tablets 5mg Macleods (Hop 1 vi x 10 vien);80000;Linagliptin 5mg 5mg;Macleods Pharmaceuticals, India;Hộp;https://www.pharmacity.vn/product/linagliptin-tablets-5mg-macleods-hop-1-vi-x-10-vien
Stimufer 750 Macleods (Hop 10 vi x 10 vien);190000;Metformin hydrochloride 750mg ER 750mg;Macleods Pharmaceuticals, India;Hộp;https://www.pharmacity.vn/product/stimufer-750-macleods-hop-10-vi-x-10-vien
Thuốc nhỏ mắt Neocin điều trị nhiễm trùng mắt (chai 5ml);3000;Neomycin 340000IU/5ml;Pharmedic;Chai;https://www.pharmacity.vn/product/neocin-chai-5ml
Thuốc Euvixim 100mg (Hộp 2 vỉ x 10 viên);85000;Cefixim 100mg;Euvipharm;Hộp;https://www.pharmacity.vn/product/thuoc-euvixim-100mg-hop-2-vi-x-10-vien
Viên tan trong ruột Diclofen 50mg Pharmedic trị triệu chứng của viêm xương khớp (3 vỉ x 10 viên);9000;Diclofenac 50mg;Pharmedic;Hộp;https://www.pharmacity.vn/product/diclofen-h30v
Ebasitin OPV 10mg (Hộp 10 vỉ x 10 viên);647000;Ebastine 10mg;OPV;Hộp;https://www.pharmacity.vn/product/thuoc-dieu-tri-di-ung-ebasitin-10mg
Mekopen (Hộp 10 vỉ x 10 viên);100000;Penicillin V 1M.U.I;Mekophar;Hộp;https://www.pharmacity.vn/product/mekopen-hop-10-vi-x-10-vien
Daktarin Oral Gel 15g ( Hộp 1 tube);150000;Miconazole 20mg;Janssen;Tuýp;https://www.pharmacity.vn/product/daktarin-oral-gel-15g
Thuốc điều trị đau cơ & cột sống Glotal 500mg (10 Vỉ x 10 Viên);76250;Mephenesin 500mg;GLOMED-ABBOTT;Hộp;https://www.pharmacity.vn/product/thuoc-dieu-tri-dau-co-cot-song-glotal-500mg-10-vi-x-10-vien
Nitromint 2.6mg (Hộp 3 vỉ x 10 viên);68000;Nitroglycerin 2.6mg;Egis Pharma;Hộp;https://www.pharmacity.vn/product/thuoc-dieu-tri-benh-dong-mach-vanh-ngua-dau-that-nguc-nitromint-26mg
Dipolac G Cream (Tuýp 15g);15000;Betamethason 9.6mg, Gentamicin 15mg, Clotrimazol 150mg;Sanofi GEM;Tuýp;https://www.pharmacity.vn/product/kem-boi-da-dipolac-g-15g
Binexmetone (10 vỉ x 10 viên/hộp);850000;Nabumetone 500mg;Binex;Hộp;https://www.pharmacity.vn/product/binexmetone-10-vi-x-10-vienhop
Nalidixic acid Umedica 500mg (Hộp 10 vỉ x10 viên);105000;Nalidixic Acid 500mg;Umedica;Hộp;https://www.pharmacity.vn/product/thuoc-dieu-tri-nhiem-trung-nalidixic-acidhop-10-vi-x10-vien-umedica
Nitrostad Retard Stada 2.5mg (Hộp 6 vỉ x 10 viên);54000;Nitroglycerin 2.5mg;STELLA;Hộp;https://www.pharmacity.vn/product/oos-by-ncc-nitrostad-retard-25
Viên nén Coveram 10mg/5mg điều trị bệnh tăng huyết áp, động mạch vành (chai 30 viên);338000;Perindopril 10mg, Amlodipine 5mg;Servier International;Hộp;https://www.pharmacity.vn/product/coveram-10mg5mg-lo-30-vien
Limzer 20mg (Hộp 3 vỉ x 10 viên);124000;Omeprazole 20mg, Domperidone 30mg;Inventia;Hộp;https://www.pharmacity.vn/product/limzer-20mg-hop-3-vi-x-10-vien
Ursa S (60 viên/hộp);400000;Vitamin B2 5mg, Vitamin B1 10mg, Acid ursodeoxycholic  50mg;Daewoong Pharm;Hộp;https://www.pharmacity.vn/product/thuoc-bao-ve-va-phuc-hoi-te-bao-gan-truoc-tac-hai-cua-bia-ruou-ursa-s-60-vienhop
Phyllantol (H100v);155000;Diệp hạ châu 1800mg, Hoàng bá 500mg, Mộc hương 50mg, Quế nhục 50mg, Tam thất 1500mg;Van Xuan;Hộp;https://www.pharmacity.vn/product/phyllantol-h100v
Thuốc điều trị tăng huyết áp, nhồi máu cơ tim và dự phòng cơn đau thắt ngực Sectral 200mg (2 vỉ x 10 viên/hộp);49000;Acebutolol 200mg;Sanofi GEM;Hộp;https://www.pharmacity.vn/product/sectral-200mg-h20v
Flutonin 20mg (Hộp 3 vỉ x 10 viên);66000;Fluoxetin 20mg;Hasan- Demarpharm;Hộp;https://www.pharmacity.vn/product/thuoc-dieu-tri-roi-loan-tram-cam-hoang-loan-flutonin-20mg
Thuốc điều trị viêm xương khớp mãn tính Ikoxib 200mg;142000;Celecoxib 200mg;IKO Overseas;Hộp;https://www.pharmacity.vn/product/thuoc-dieu-tri-viem-xuong-khop-man-tinh-ikoxib-200mg
Bihasal 2,5mg ( 3 vỉ x 10 viên);39000;Bisoprolol 2.5mg;Hasan- Demarpharm;Hộp;https://www.pharmacity.vn/product/thuoc-dieu-tri-tim-mach-bihasal-25mg-3vi-x-10vien
Protopic 0,03%;625000;Tacrolimus 0.03%w/w;Janssen;Tuýp;https://www.pharmacity.vn/product/thuoc-mo-dieu-tri-cham-protopic-003-10g
Halofar 2mg (10Vỉ x 20 Viên);26000;Haloperidol 2mg;Pharmedic;Hộp;https://www.pharmacity.vn/product/thuoc-dieu-tri-benh-than-kinh-halofar-2mg-pharmedic-10vi-x-20vien
Eto 90 (Hôp 3 vỉ x 10 viên);337000;Etoricoxib 90mg;Axon Drugs Private;Hộp;https://www.pharmacity.vn/product/etorix-90-3vi-x-10vien
Fexet 120 mg ( Hộp 2 vỉ x 10 viên);35000;Fexofenadine 120mg;Getz Pharm;Hộp;https://www.pharmacity.vn/product/fexet-120-mg-2vi-x-5vien
Mosad MT-5  5mg (10Vi x 10Vien);279000;Mosapride 15mg;Torrent Pharm;Hộp;https://www.pharmacity.vn/product/mosad-mt5-10vi-x-10vien
Pivalone 1% 10ml;52000;Tixocortol pivalate 1g;Pfizer PBG;Chai;https://www.pharmacity.vn/product/pivalone-1
Ospen 1000 (Hộp 10 vỉ x 10 viên);198000;Phenoxymethypenicillin 1M.I.U;Imexpharm;Lốc;https://www.pharmacity.vn/product/ospen-1000100vien
Thuốc điều trị tim mạch Atorvastatin 10mg - macleods (Hộp 10 vỉ x 10 viên);103000;Atorvastatin 10mg;Macleods Pharmaceuticals, India;Hộp;https://www.pharmacity.vn/product/thuoc-dieu-tri-tim-mach-atorvastatin-10mg-macleods-10vi-x-10vien
Lamictal 100mg (Hộp 3 vỉ x 10 viên);235000;Lamotrigin 100mg;GSK ETC;Hộp;https://www.pharmacity.vn/product/thuoc-dieu-tri-dong-kinh-lamictal-100mg-hop-3-vi-x-10-vien
Adrenoxyl 10mg (Hộp 1 vỉ x 16 viên);99200;Carbazochrome dihydrate 10mg;Sanofi Others;Hộp;https://www.pharmacity.vn/product/adrenoxyl-10mg-hop-1-vi-x-16-vien
Newclen Cap (Hộp 10 vỉ x 10 viên);90000;Flunarizine 5mg;Il Hwa Pharma Korea;Hộp;https://www.pharmacity.vn/product/newclen-cap-10-vi-x-10-vienhop
Thuốc ho P/H (Chai 100ml);29000;Cao đặc bách bộ 2g, Bạch quả 4g, Hạnh nhân 4g, Cao đặc cát cánh 1g, Ma hoàng 6g, Mạch môn 8g, Trần bì 6g, Cam thảo 4g, Bối mẫu 4g;Dong Duoc Phuc Hung;Chai;https://www.pharmacity.vn/product/thuoc-dieu-tri-cac-trieu-chung-ho-ph-100ml
Stadovas 10mg (Hộp 3 vỉ x 10 viên);40900;Amlodipine 10mg;STELLA;Hộp;https://www.pharmacity.vn/product/stadovas-10mg-hop-3-vi-x-10-vien
Dogmatil 50mg (Hộp 30 viên);143000;Sulpiride 50mg;Sanofi GEM;Hộp;https://www.pharmacity.vn/product/dogmatil-50mg-2-vi-x-15-vienhop
Terpine Gonnon Tab ( Hộp 2 vỉ x 10 viên);78000;Terpin hydrate 100mg, Codeine 15mg;Merck Export GMBH;Hộp;https://www.pharmacity.vn/product/terpine-gonnon-tab-2-vi-x-10-vien
Vastarel 20mg (Hộp 2 vỉ x 30 viên);159900;Trimetazidine dihydrochloride 20mg;Servier International;Hộp;https://www.pharmacity.vn/product/vastarel-20mg-2-vi-x-30-vienhop
Atenolol  50mg (10 vỉ x 10 viên);80000;Atenolol 50mg;STADA;Hộp;https://www.pharmacity.vn/product/thuoc-dieu-tri-tang-huyet-ap-dau-that-nguc-loan-nhip-tim-atenolol-stada-50mg-10-vi-x-10-vienhop
Seretide Evohaler DC 25/125mcg;220000;Salmeterol 25mcg, Fluticasone 125mcg;GSK ETC;Hộp;https://www.pharmacity.vn/product/seretide-evohaler-pwd-25125mcg
Zantac Tablets 150mg (6 vỉ x 10 viên);300000;Ranitidine 150mg;GSK ETC;Hộp;https://www.pharmacity.vn/product/zantac-tab-150mg60vien
Helinzole (3 Vi x 8 Vien);23000;Omeprazol 20mg;SPM;Hộp;https://www.pharmacity.vn/product/helinzole-3-vi-x-8-vien
Salbumol 2mg Nadyphar (Hộp 100 viên);30000;Salbutamol 2mg;Nadyphar;Hộp;https://www.pharmacity.vn/product/salbumol-2mg-nadypha
Erythromycin 500mg (Hộp 10 vỉ x 10 viên);210000;Erythromycin 500mg;Mekophar;Hộp;https://www.pharmacity.vn/product/thuoc-dieu-tri-cac-benh-do-nhiem-khuan-erythromycin-500mg-10-vi-x-10-vienhop
Vitamin C 250mg (Lọ 100 viên);22000;Vitamin C 250mg;Vidipha;Chai;https://www.pharmacity.vn/product/thuoc-dieu-tri-thieu-hut-vitamin-c-250mg
Broncho - Vaxom Children 3.5mg (1 vỉ x 10 Viên);160000;Bacterial lysates of Haemophilus influenzae, Diplococcus pneumoniae, Klebsialla pneumoniea and azaenae, 3.5mg;OMPharma;Hộp;https://www.pharmacity.vn/product/thuoc-phong-ngua-dieu-tri-tang-cuong-mien-dich-nhiem-trung-tai-phat-duong-ho-hap-broncho-vaxom-children-10-vienhop
Solupred 20mg ( Chai/20 Viên );275000;Prednisolone 20mg;Sanofi GEM;Chai;https://www.pharmacity.vn/product/solupred-20mg-chai20-vien
Lamivudin Stada 150mg (Hộp 6 vỉ x 10 viên);350000;Lamivudine 150mg;STADA;Hộp;https://www.pharmacity.vn/product/lamivudin-stada-150mg-6vi-x-10vien
Thuốc điều trị viêm khớp cấp Neo-Pyrazon (4Vỉ x 25Viên);150000;Diclofenac sodium 50mg;United Pharma;Hộp;https://www.pharmacity.vn/product/thuoc-dieu-tri-viem-khop-cap-neo-pyrazon-4vi-x-25vien
Viên nén Telma 40 điều trị tăng huyết áp vô căn ở người lớn (1 vỉ x 10 viên);19320;Telmisartan 40mg;Glenmark;Hộp;https://www.pharmacity.vn/product/telma-40-h10vien
Tildiem 60mg (2 vỉ x 15 viên);73000;Diltiazem 60mg;Sanofi GEM;Hộp;https://www.pharmacity.vn/product/tildiem-60mg-2vi-x-15vien
Amtim 5mg (Hộp 3 vỉ x 10 viên);75000;Amlodipin 5mg;Sanofi GEM;Hộp;https://www.pharmacity.vn/product/thuoc-dieu-tri-tang-huyet-ap-va-thieu-mau-co-tim-kem-dau-that-nguc-on-dinh-amtim-5mg-30-vienhop
Amfacort Cream 0.05% (Tuýp 10g);13000;Clobetasol propionate 0.05%w/w;Sanofi GEM;Hộp;https://www.pharmacity.vn/product/amfacort-cream-10g
Thuốc điều trị nhiễm khuẩn đường hô hấp, đường tiết niệu Serviflox 500mg (3 vỉ x 10 viên/hộp);252000;Ciprofloxacin 500mg;Novartis;Hộp;https://www.pharmacity.vn/product/thuoc-dieu-tri-nhiem-khuan-duong-ho-hap-duong-tiet-nieu-serviflox-500mg-3-vi-x-10-vienhop
Nifehexal Retard 20mg (Hộp 3 vỉ x 10 viên);36900;Nifedipin 20mg;Novartis;Hộp;https://www.pharmacity.vn/product/nifehexal-retard-20mg-h30v
Viên nén Dilatrend 25mg điều trị tăng huyết áp, suy tim (3 vỉ x 10 viên);256900;Carvedilol 25mg;Roche;Hộp;https://www.pharmacity.vn/product/dilatrend-25mg-hop-3-vi-x-10-vien
Amaryl 2mg (Hộp 2 vỉ x 5 viên);141000;Glimepiride 2mg;Sanofi GEM;Hộp;https://www.pharmacity.vn/product/amaryl-2mg-hop-2-vi-x-15-vien
Neopolin Vaginal Soft (Hộp 2 vỉ x 6 viên);142000;Neomycin, Nystatin, Polymyxin B;Other;Hộp;https://www.pharmacity.vn/product/neopolin-vaginal-soft-hop-2vi-x-6vien
Preterax (Hộp 1 vỉ x 30 viên);168000;Perindopril tert-butylamine 2mg, Indapamide 0.625mg;Servier International;Hộp;https://www.pharmacity.vn/product/preterax-hop-30-vien
Dung dịch truyền tĩnh mạch Glucose 5% bổ sung cấp nước và năng lượng, bù điện giải (chai 500ml);15000; Glucose 5%w/w;B. Braun Indonesia;Chai;https://www.pharmacity.vn/product/thuoc-dieu-tri-ha-duong-huyet-glucose-5-dich-truyen-braun-500ml
Thuốc điều trị chống co thắt và giảm cơn đau đường tiêu hóa Nady Spasmyl (Hộp 2 vỉ x 10 viên);40000;Alverin Citrat 80mg, Simethicon 60mg;Nadyphar;Hộp;https://www.pharmacity.vn/product/thuoc-dieu-tri-chong-co-that-va-giam-con-dau-duong-tieu-hoa-nady-spasmyl-2-vi-x-10-vien
Viên nén Co-Aprovel 300mg/25mg điều trị tăng huyết áp (2 vỉ x14 viên);448000;Irbesartan 300mg, Hydrochlorothiazide 25mg;Sanofi GEM;Hộp;https://www.pharmacity.vn/product/co-aprovel-30025mg-2vi-x14vien
Kem bôi da điều trị các bệnh nhiễm trùng da Fobancort Cream (5g);37000;Fusidic acid 2%w/w, Betamethasone 0.05%w/w;HOE Pharmaceuticals;Hộp;https://www.pharmacity.vn/product/kem-boi-da-dieu-tri-cac-benh-nhiem-trung-da-fobancort-cream-5g
Acarfar (Hộp 1 vỉ x 10 viên);21000;Acarbose 50mg;Pharmedic;Hộp;https://www.pharmacity.vn/product/acarfar-h10vien
Gentridecme Cream 10g;11000;Betamethasone 0.64mg, Clotrimazole 10mg, Gentamicin 1mg;Phil Inter Pharma;Tuýp;https://www.pharmacity.vn/product/genfredrem-cream-10g
Zaditen 1mg  (Hộp 3 vỉ x 10 viên);179000;Ketotifen 1mg;Novartis;Hộp;https://www.pharmacity.vn/product/zaditen-1mg-3-vi-x-10-vien
Viên nén bao phim Eftifarene điều trị đau thắt ngực (2 vỉ x 30 viên);16000;Trimetazidine dihydrochloride 20mg;Duoc pham 3/2;Hộp;https://www.pharmacity.vn/product/eftifarene-hop-2-vi-x-30-vien
Metformin GSK 500mg (Hộp 3 vỉ x 10 viên);134000;Metformin 500mg;GSK ETC;Hộp;https://www.pharmacity.vn/product/metformin-gsk-500mg-tab100vien
Thuốc điều trị chống đau do cơ thắt cơ trơn ở đường tiêu hóa Alverin 40mg (5 vỉ x 20 viên/hộp);42000;Alverin 40mg;Euvipharm;Hộp;https://www.pharmacity.vn/product/thuoc-dieu-tri-chong-dau-do-co-that-co-tron-o-duong-tieu-hoa-alverin-40mg-5-vi-x-20-vienhop
Atorvastatin 10 (Hộp 3 vỉ x 10 viên);16000;Atorvastatin 10mg;Euvipharm;Hộp;https://www.pharmacity.vn/product/atorvastatin-10-hop-3-vi-x-10-vien
Decontractyl 250mg (Hộp 60 viên);55000;Mephenesin 250mg;Sanofi Others;Hộp;https://www.pharmacity.vn/product/decontractyl-250mg-hop-60-vien
Synervit (10Vi x10vien);55000;Thiamine 121.358mg, Pyridoxine 125mg, Cyanocobalamin 125mg;Duoc pham 3/2;Hộp;https://www.pharmacity.vn/product/synervit-h100vien
Decontractyl 500mg (Hộp 2 vỉ x 18 viên);60000;Mephenesin 500mg;Sanofi Others;Hộp;https://www.pharmacity.vn/product/decontractyl-500mg-hop-2-vi-x-18-vien
Bratorex (Hộp 1 lọ 5ml);16500;Tobramycin 0.03%w/w;Duoc pham Ha Noi;Hộp;https://www.pharmacity.vn/product/bratorex-hop-1-lo-5ml
Viên bao đường Mysobenal điều trị chứng tăng trương lực cơ (3 vỉ x 10 viên);66000;Eperison 50mg;Hasan- Demarpharm;Hộp;https://www.pharmacity.vn/product/thuoc-dieu-tri-liet-cung-do-viem-khop-vai-va-dau-that-lung-mysobenal-50mg
Decontractyl 500mg (2 vỉ x 18 viên);78000;Mephenesin 500mg;Sanofi Others;Hộp;https://www.pharmacity.vn/product/thuoc-ho-tro-dieu-tri-cac-con-dau-do-co-that-co-co-cung-co-decontractyl-500mg
Decontractyl 250mg (Hộp 2 vỉ x 30 viên);60000;Mephenesin 250mg;Sanofi Others;Hộp;https://www.pharmacity.vn/product/thuoc-dieu-tri-ho-tro-dau-do-co-that-co-cho-nguoi-lon-va-tre-em-tren-15-tuoi-decontractyl-250mg-2-vi-x-30-vien
Seretide Evohaler DC 25/50 (Hộp 120 liều);193000;;GSK ETC;Hộp;https://www.pharmacity.vn/product/seretide-evohaler-dc-2550
Thuốc điều trị các bệnh nhiễm khuẩn từ nhẹ đến vừa Ceodox 100mg(2 vỉ x 10 viên/hộp);110000;Cefpodoxim 100mg;GLOMED-ABBOTT;Hộp;https://www.pharmacity.vn/product/oos-by-ncc-ceodox-100mg-2-vi-x-10-vien
Cefdinir 300mg (Hộp 2 vỉ x 10 viên);204000;Cefdinir 300mg;DHG Pharma;Hộp;https://www.pharmacity.vn/product/cefdinir-300-hop-2-vi-x-10-vien
Imodulin (Hộp 6 vỉ x 10 viên);155000;Thymomodulin 80mg;Danapha;Hộp;https://www.pharmacity.vn/product/thuoc-dieu-tri-cac-benh-nhiem-trung-do-vi-khuan-hay-virus-imodulin-80mg-6-vi-x-10-vien
Bút tiêm Victoza 6mg/ml điều trị đái tháo đường (hộp 1 bút);960000;;Victoza;Hộp;https://www.pharmacity.vn/product/victoza-but-chich-tieu-duong-6mgmlb1-3ml
Viên nén Levomepromazin 25mg Danapha trị tâm thần phân liệt, chứng loạn thần kinh (5 vỉ x 20 viên);110000;Levomepromazin 25mg;Danapha;Hộp;https://www.pharmacity.vn/product/levomepromazin-25mg-10-vi-x-10-vien
Thuốc dùng ngoài Dermacol-B điều trị các bệnh nấm da, dị ứng da (tuýp 8g);13000;Miconazol 2g, Dexamethason 0.05g/8g;Nam Ha;Tuýp;https://www.pharmacity.vn/product/thuoc-dieu-tri-benh-nam-da-di-ung-da-dermacol-b-tuyp-8g
Zoamco-A (Hộp 2 vỉ x 10 viên);56000;Amlodipin 5mg, Atorvastatin 10mg;Pymepharco;Hộp;https://www.pharmacity.vn/product/thuoc-dieu-tri-cao-huyet-ap-mo-mau-zoamco-a-5mg-2-vi-x-10-vien-hop
Mepraz 20mg (4 vỉ x 7 viên);105000;Omeprazol 20mg;Sanofi CHC Local;Hộp;https://www.pharmacity.vn/product/mepraz-20mg-4-vi-x-7-vienhop
Vida up 20mg (Hộp 10 vỉ x 10 viên);278000;Simvastatin 20mg;United Pharma;Hộp;https://www.pharmacity.vn/product/vida-up-20mg-10-vi-x-10-vienhop
Telma 40mg (Hộp 1 vỉ x 10 viên/hộp);192000;Telmisartan 40mg;Glenmark;Hộp lớn;https://www.pharmacity.vn/product/telma-40mg-1-vi-x-10-vienhop
Spifuca Plus 50mg/ 20mg (3 vỉ x 10 viên/hộp);75000;Spironolacton 50mg, Furosemid 20mg;Duoc pham 3/2;Hộp;https://www.pharmacity.vn/product/spifuca-plus-3-vi-x-10-vienhop
Amespasm 135mg (5 vỉ x 10 viên/hộp);189000;Mebeverin 135mg;OPV;Hộp;https://www.pharmacity.vn/product/amespasm-135mg-5-vi-x-10-vienhop
Atorvastatine EG 20mg (3 vỉ x 10 viên/hộp);90000;Atorvastatin 20mg;Pymepharco;Hộp;https://www.pharmacity.vn/product/atorvastatine-eg-20mg-3-vi-x-10-vienhop
Chymodk (Hộp 2 vỉ x 10 viên);34000;Alphachymotrypsin 4200UI;Alphachymotrypsin;Hộp;https://www.pharmacity.vn/product/chymodk-hop-2-vi-x-10-vien
Condova 500mg (3 vỉ x 10 viên/hộp);115000;Hydroxycarbamid 500mg 500mg;SPM;Hộp;https://www.pharmacity.vn/product/thuoc-dieu-tri-u-hac-to-ung-thu-bach-cau-tuy-bao-man-tinh-condova-500mg-3-vi-x-10-vien-hop
Rovathepharm 100mg (Hộp 25 gói x 3g);87000;Acetylspiramycin 100mg;Thephaco;Hộp;https://www.pharmacity.vn/product/rovathepharm-100mg-25-goi-x-3ghop
Lipcor 50mg DHG (3 vỉ x 10 viên/hộp);90000;Losartan potassium 50mg 50mg;DHG Pharma;Hộp;https://www.pharmacity.vn/product/losartan-50mg-dhg-3-vi-x-10-vienhop
Imecal 0.25 mcg (3 vì x 10 viên/hộp);53000;Calcitonin 0.25mcg;Imexpharm;Hộp;https://www.pharmacity.vn/product/imecal-025-mcg-3-vi-x-10-vienhop
Irbetan 300mg (5 vỉ x 10 viên/hộp);250000;Irbesartan 300mg;Boston;Hộp;https://www.pharmacity.vn/product/irbetan-300mg-5-vi-x-10-vienhop
Midasol (Hộp 10 vỉ x 10 viên);138000;Bromo campho 20mg, Xanh Methylen 20mg;Tpharco;Hộp;https://www.pharmacity.vn/product/midasol-10-vi-x-10-vien
L-Tyrox 100 (Hộp 10 vỉ x 10 viên);117000;Levothyroxin 100mcg;Davipharm;Hộp;https://www.pharmacity.vn/product/l-tyrox-100mg-10-vi-x-10-vienhop
Glotal 250mg (2 vỉ x 26 viên);42500;Mephenesin 250mg;GLOMED-ABBOTT;Hộp;https://www.pharmacity.vn/product/glotal-2-vi-x-26-vienhop
Atorhasan 10mg (3 vỉ x 10 viên/hộp);92000;Atorvastatin 10mg 10mg;Hasan- Demarpharm;Hộp;https://www.pharmacity.vn/product/atorhasan-10mg-3-vi-x-10-vienhop
Viên nén bao phim Biacefpo 100mg điều trị nhiễm khuẩn (1 vỉ x 10 viên);48000;Cefpodoxim 100mg;Mediplantex;Hộp;https://www.pharmacity.vn/product/biacefpo-100-hop-1-vi-x-10-vien
Ledvir 90mg/400mg (Hộp 28 viên);6788000;Ledipasvi 90mg, Sofosbuvir 400mg;Mylan;Hộp;https://www.pharmacity.vn/product/ledvir-90mg400mg-hop-28-vien
Nuradre 400mg (Hộp 5 vỉ x 10 viên);200000;Gabapentin 400mg;BV Pharma;Hộp;https://www.pharmacity.vn/product/nuradre-400mg-5-vi-x-10-vienhop
Viên nén Cilox RVN 500mg điều trị nhiễm trùng hô hấp, tiết niệu, sinh dục, tiêu hóa (3 vỉ x 10 viên);82000;Ciprofloxacin 500mg;Roussel;Hộp;https://www.pharmacity.vn/product/cilox-rvn-3-vi-x-10-vienhop
Uruso 200mg (10 vỉ x 10 viên);980000;Acid Ursodeoxycholic 200mg;Daewoong Pharm;Hộp;https://www.pharmacity.vn/product/uruso-200mg-10-vi-x-10-vienhop
Savi Osmax 70mg (1 Vỉ x 4 Viên/hộp);146800;Acid Alendronic 70mg, Colecalciferol 2.800IU;Savi;Hộp;https://www.pharmacity.vn/product/savi-osmax-70mg-1-vi-x-4-vienhop
Viên nén Stiros 125mg trị viêm khớp dạng thấp, đau cơ, đau dây thần kinh, đau đầu (10 vỉ x 10 viên);370000;Clonixin Lysinate 125mg 125mg;Binex Pharma Korea;Hộp;https://www.pharmacity.vn/product/stiros-125mg-10-vi-x-10-vienhop
1-AL Syrup 15mg/30ml(chai);56500;Levocetirizine 15mg/30ml;FDC;Lọ;https://www.pharmacity.vn/product/1-al-syrup-chai-30ml
Viên nén Nerazzu HCT 50mg/12.5mg điều trị tăng huyết áp (3 vỉ x 10 viên);48000;Losartan kali 100mg 50mg,  Hydroclorothiazid 25mg 12.5mg;Davipharm;Hộp;https://www.pharmacity.vn/product/nerazzu-hct-50125mg-3-vi-x-10-vienhop
Puyol 100mg (Hộp 3 vỉ x 10 viên);280000;Danazol 100mg;Davipharm;Hộp;https://www.pharmacity.vn/product/puyol-100mg-3-vi-x-10-vienhop
Viên nén Hộ tâm đơn dự phòng và điều trị chứng đau thắt ngực (hộp 45 viên);182000;Dan sam , Tam that , Camphor;Danapha;Lọ;https://www.pharmacity.vn/product/ho-tam-don-lo-45-vien
Bột pha uống Vizicin 125mg điều trị nhiễm khuẩn đường hô hấp (hộp 30 gói);75000;Azithromycin 125mg;Hasan- Demarpharm;Hộp;https://www.pharmacity.vn/product/vizicin-125-hop-30-goi
Hapresval 160mg (5 vỉ x 10 viên);270000;Valsartan 160mg;Hasan- Demarpharm;Hộp;https://www.pharmacity.vn/product/thuoc-tim-mach-hapresval-160mg-5-vi-x-10-vien
Viên nén TilHasan 60mg điều trị tăng huyết áp, đau thắt ngực (3 vỉ x 10 viên);39000;Diltiazem 60mg;Hasan- Demarpharm;Hộp;https://www.pharmacity.vn/product/thuoc-tim-mach-huyet-ap-tilhasan-60mg-3-vi-x-10-vien
Hasanbose 50 (Hộp 3 vỉ x 10 viên );78000;Acarbose 50mg;Hasan- Demarpharm;Hộp;https://www.pharmacity.vn/product/hasanbose-50mg-3vi-x-10vien
Viên nén Agiclovir 200mg điều trị nhiễm Herpes zoster, thủy đậu (2 vỉ x 10 viên);26000;Aciclovir 200mg;AGIPHARM;Hộp;https://www.pharmacity.vn/product/thuoc-dieu-tri-nhiem-herpes-simplex-phong-ngua-tai-nhiem-herpes-sinh-duc-agiclovir-200mg-2-vi-x-10-vienhop
Spas-Agi 60mg (Hộp 6 vỉ x 10 viên);18000;Alverin citrat 60mg;AGIPHARM;Hộp;https://www.pharmacity.vn/product/thuoc-chong-dau-do-co-that-co-tron-o-duong-tieu-hoa-spas-agi-60mg-3-vi-x-10-vienhop
Furocap 500mg (2 vỉ x 5 viên/hộp);89000;Cefuroxim 500mg;Pymepharco;Hộp;https://www.pharmacity.vn/product/thuoc-dieu-tri-nhiem-khuan-furocap-500mg-2-vi-x-5-vien-hop
Clazic SR 30mg (Hộp 50 vỉ x 10 viên);136900;Gliclazid 30mg;United Pharma;Hộp;https://www.pharmacity.vn/product/clazic-sr-100s-30mg-50vi-x-10vien
D-Cotatyl 500 (Hộp 2 vỉ x 12 viên);25000;Mephenesin 500 mg;TVPharma;Hộp;https://www.pharmacity.vn/product/thuoc-dieu-tri-ho-tro-dau-do-co-that-co-d-cotatyl-500mg-2-vi-x-12-vienhop
Amribazin 500mg (3 vỉ x 10 viên);189000;Ribavirin 500mg;MeyerHealthcare;Hộp;https://www.pharmacity.vn/product/thuoc-khang-sinh-amribazin-500mg-3-vi-x-10-vien
Coneulin 500mg (3 vỉ x 10 viên);351000;Citicolin 500mg;Hasan- Demarpharm;Hộp;https://www.pharmacity.vn/product/thuoc-dieu-tri-roi-loan-than-kinh-tam-than-benh-parkinson-coneulin-500mg-3-vi-x-10-vienhop
Viên nang cứng Mirgy 400mg Getz trị động kinh, viêm dây thần kinh (1 vỉ x 10 viên);77000;Gabapentin 400mg;Getz Pharm;Hộp;https://www.pharmacity.vn/product/thuoc-dieu-tri-dong-kinh-dau-than-kinh-mirgy-400mg-1-vi-x-10-vienhop
Thuốc điều trị nhiễm khuẩn Cefdina 250mg (30 gói x 3g/hộp);270000; Cefdinir  250 mg;Ha Tay;Hộp;https://www.pharmacity.vn/product/thuoc-dieu-tri-nhiem-khuan-cefdina-250mg-30-goi-x-3ghop
Augclamox 500mg (Hộp 12 gói);90000; Amoxicilin 500mg, Acid clavulanic 62,5mg;Ha Tay;Hộp;https://www.pharmacity.vn/product/thuoc-chong-viem-dieu-tri-nhiem-khuan-augclamox-500mg-12-goi-x-15ghop
Viên nén Europlin 25mg trị trầm cảm, một số trường hợp đái dầm ban đêm (5 vỉ x 10 viên);206000;Amitriptylin HCl 25mg;Maxim;Hộp;https://www.pharmacity.vn/product/thuoc-chong-tram-cam-europlin-25mg-s-c-arena-10-vien-x-5-vi-hop
Viên bao phim Clorpromazin 100mg Pharmedic điều trị tâm thần phân liệt (10 vỉ x 10 viên);35000;Clorpromazin hydroclorid 100mg;Pharmedic;Hộp;https://www.pharmacity.vn/product/thuoc-dieu-tri-cac-chung-loan-tam-than-clorpromazin-100mg-pharmedic-10-vien-x-10-vihop
Compound Sodium Lactate and Glucose Injection (500ml);13500;Natri Lactat 60%;Shijiazhuang Yiling Pharamceutical Co.,Ltd;Chai;https://www.pharmacity.vn/product/dung-dich-tiem-truyen-compound-sodium-lactate-and-glucose-injection-500ml
Viên nén Eurozitum 60mg điều trị tăng huyết áp, đau thắt ngực (5 vỉ x 10 viên);107500;Diltiazem 60mg;S.C. Arena Group S.A;Hộp;https://www.pharmacity.vn/product/thuoc-dieu-tri-va-du-phong-con-dau-that-nguc-tang-huyet-ap-eurozitum-60mg-5-vi-x-10-vienhop
Zentobiso 10mg (Hộp 2 vỉ x 14 viên);174400;Bisoprolol Fumarat 10mg;Niche Generics Ltd.;Hộp;https://www.pharmacity.vn/product/zentobiso-10mg-2vi-x-14vien
Viên nén Meyerison 50mg điều trị chứng tăng trương lực cơ và liệt cứng cơ (10 vỉ x 10 viên);55000;Eperison Hydrochlorid 50mg;Meyer-BPC;Hộp;https://www.pharmacity.vn/product/thuoc-gian-co-va-tang-truong-luc-co-meyerison-50mg-10-vien-x-10-vi-hop
Tenadinir 300mg Maxim (2 vỉ x 10 viên);300000;Cefdinir 300mg;Maxim;Hộp;https://www.pharmacity.vn/product/thuoc-dieu-tri-nhiem-trung-tenadinir-300mg-maxim-10-vien-x-2-vihop
Cybercef 750mg (3 vỉ x 10 viên/hộp);550000;Sultamicilin 750mg;Domesco;Hộp;https://www.pharmacity.vn/product/cybercef-750mg-3-vi-x-10-vienhop
Viên giải phóng có kiểm soát Dexilant 60mg trị loét dạ dày tá tràng (2 vỉ x 7 viên);362600;Dexlansoprazol 60mg;TAKEDA;Hộp;https://www.pharmacity.vn/product/dexilant-60mg-2-vi-x-7-vienhop
Viên nén bao phim Augtipha 1g kháng sinh điều trị nhiễm khuẩn (2 vỉ x 10 viên);230000;Amoxicillin 875mg, Kali Clavuclanat 125mg;TIPHARCO;Hộp;https://www.pharmacity.vn/product/doi-sang-ma-moi-p18098-augtipha-1g-2-vi-x-10-vienhop
Astmodil 4mg (Lọ 28 viên);260000;Natri montelukast 4mg;Polfamex S.A;Lọ;https://www.pharmacity.vn/product/thuoc-du-phong-va-dieu-tri-hen-phe-quan-man-tinh-viem-mui-di-ung-astmodil-4mg-lo-28-vien
Agi-Bromhexine 16mg (10 vỉ x 10 viên/hộp);60000;Bromhexin Hydroclorid 16mg;AGIPHARM;Hộp;https://www.pharmacity.vn/product/agi-bromhexine-16mg-10-vi-x-10-vienhop
Viên nén bao phim Sutagran 100mg điều trị tích cực để cắt ngay cơn đau nửa đầu (2 vỉ x 6 viên);360000;Sumatriptan 100mg;AGIPHARM;Hộp;https://www.pharmacity.vn/product/sutagran-100mg-2-vi-x-6-vienhop
Viên nén bao phim Đan Sâm - Tam Thất Domesco phòng và điều trị đau thắt ngực (4 vỉ x 10 viên);40000;Cao Đan sâm, Cao Tam thất 200mg;Domesco;Hộp;https://www.pharmacity.vn/product/dan-sam-tam-that-hop-4-vi-x-10-vien
Viên nén bao phim Dovocin 750mg điều trị nhiễm khuẩn (1 vỉ x 10 viên);125000;Levofloxacin 750mg;Domesco;Hộp;https://www.pharmacity.vn/product/dovocin-750mg-hop-1-vi-x-10-vien
Mezavitin (6 vỉ x 10 viên/hộp);230000;Vincamin  + Rutin;Ha Tay;Hộp;https://www.pharmacity.vn/product/mezavitin-6-vi-x-10-vienhop
Viên nén Pomatat phòng ngừa mất điện giải, trị đau thắt ngực, nhồi máu cơ tim cấp (6 vỉ x 10 viên);71400;Magnesi Aspartat, Kali Aspartat 140mg + 158mg;Ha Tay;Hộp;https://www.pharmacity.vn/product/thuoc-dieu-tri-suy-tim-dau-tim-roi-loan-nhip-tim-pomatat-6-vi-x-10-vien-hop
Midopeson 50mg (Hộp 3 vỉ x 10 viên);11500;Tolperison 50mg;Ha Tay;Hộp;https://www.pharmacity.vn/product/midopeson-50mg-3-vi-x-10-vienhop
Wolske (Hộp 3 vỉ x 10 viên);94000;Ebastin 10mg;Davipharm;Hộp;https://www.pharmacity.vn/product/thuoc-dieu-tri-viem-mui-di-ung-viem-ket-mac-noi-me-day-wolske-10mg-3-vi-x-10-vienhop
Agidecotyl 250mg (10 vỉ x 10 viên/hộp);40000;Mephenesin 250mg;AGIPHARM;Hộp;https://www.pharmacity.vn/product/agidecotyl-250mg-10-vi-x-10-vienhop
Viên nén bao phim Epegis 50mg điều trị liệt cứng, viêm lớp và thắt lưng (3 vỉ x 10 viên);45000;Eperison HCL 50mg;AGIPHARM;Hộp;https://www.pharmacity.vn/product/epegis-hop-3-vi-x-10-vien
Vinpocetin 10mg (3 vỉ x 10 viên/hộp);75000;Vinpocetin 10mg;Medisun;Hộp;https://www.pharmacity.vn/product/vinpocetin-10mg-3-vi-x-10-vienhop
Viên nén bao phim Savi Candesartan 4mg điều trị tăng huyết áp (3 vỉ x 10 viên);108000;Candesartan cilexetil 4mg;Savi;Hộp;https://www.pharmacity.vn/product/savi-candesartan-4-hop-3-vi-x-10-vien
Coxirich 200mg (3 vỉ x 10 viên);25000;Celecoxib 200mg;Armepharco;Hộp;https://www.pharmacity.vn/product/thuoc-dieu-tri-viem-khop-dang-thap-coxirich-200mg-3-vi-x-10-vien
Cophatrim 480mg (100 viên/chai);90000;Sulfamethoxazol Trimethoprim;Armepharco;Hộp;https://www.pharmacity.vn/product/cophatrim-480mg-100-vienchai
A.T Ambroxol (Hộp 30 ống x 5ml);106500;Ambroxol (HCl) 30mg;An Thien;Hộp;https://www.pharmacity.vn/product/a-t-ambroxol-30-ong-x-5mlhop
Gel bôi da Eryne dùng cho các loại mụn trứng cá (tuýp 10g);40000;Mỗi tuýp chứa: Tretinoin 2,5mg 400mg,  Erythromycin 0,4g 2.5mg;Davipharm;Hộp;https://www.pharmacity.vn/product/eryne-tuyp-10g
Getsitalip 50mg (2 vỉ x 7 viên);119000;Sitagliptin 50mg;Getz Pharm;Hộp;https://www.pharmacity.vn/product/thuoc-tim-mach-huyet-ap-getsitalip-50mg-2-vi-x-7-vien
Domepa 250mg (Hộp 10 vỉ x 10 viên);212750;Methyldopa 250mg;Domesco;Hộp;https://www.pharmacity.vn/product/domepa-250mg-hop-10-vi-x-10-vien
Azithromycin 250mg (Hộp 1 vỉ x 6 viên);15000;Azithromycin 250mg;Armepharco;Hộp;https://www.pharmacity.vn/product/thuoc-dieu-tri-nhiem-khuan-azithromycin-250mg-1-vi-x-6-vienhop
Genpharmason (Hộp 1 Tuýp);7500;Betamethasone dipropionate 6.4mg, Clotrimazole  100mg, Gentamicin sulfate  10g;Armepharco;Tuýp;https://www.pharmacity.vn/product/thuoc-dieu-tri-viem-da-benh-da-di-ung-genpharmason-tuyp-10g
Coliomax 500mg (Hộp 6 vỉ x 10 viên);186000;L-ornithin-L-aspartat 500mg;Davipharm;Hộp;https://www.pharmacity.vn/product/thuoc-dieu-tri-cac-trieu-chung-cua-benh-gan-cap-va-man-tinh-xo-gan-viem-gan-coliomax-500mg-6-vi-x-10-vienhop
Thuốc điều trị tăng huyết áp Dembele (3 vỉ x 10 viên/hộp);147000;Valsartan 80mg,  Hydroclorothiazid 12.5mg;Davipharm;Hộp;https://www.pharmacity.vn/product/thuoc-dieu-tri-tang-huyet-ap-dembele-3-vi-x-10-vienhop
Kimraso (Hộp 1 lọ x 60 viên);39000;Cao đặc Kỉm tiền thảo 142,8mg,  Cao đặc Râu mèo  46,6 mg;Foripharm (TW3);Hộp;https://www.pharmacity.vn/product/kimraso-3vi-x-10vien-sqc
Co-Diovan 80/12,5mg (Hộp 2 vỉ x 14 viên);284990;Valsartan 80mg,  Hydrochlorothiazid 12.5mg;Novartis;Hộp;https://www.pharmacity.vn/product/codiovan-80125-hop-2-vi-x-14-vien
Iyafin (Hộp 25 vỉ x 4 viên);125000;Paracetamol 500mg, Dextromethorphan 15mg, Loratadin 5mg;Thai Nakorn Patana;Hộp;https://www.pharmacity.vn/product/iyafin-hop-25-vi-x-4-vien
Thuốc bột pha hỗn dịch uống Vitraclor 125 điều trị nhiễm khuẩn (hộp 12 gói);30000;Cefaclor 125mg;TVPharma;Hộp;https://www.pharmacity.vn/product/vitraclor-125-hop-12-goi
Fluidasa 200mg (Hộp 30 gói x 1g);84000;Acetylcysteine 200mg;Abbott;Hộp;https://www.pharmacity.vn/product/fluidasa-200mg-30goi
Amoxicilin 500mg (Hộp 10 vỉ x 10 viên);89000;Amoxicilin 500mg;Minh Dan;Hộp;https://www.pharmacity.vn/product/thuoc-khang-sinh-amoxicilin-500mg-10-vi-x-10-vien
Bột pha hỗn dịch uống Trimexazol 240 điều trị nhiễm khuẩn (hộp 30 gói);54000;Sulfamethoxazol 200mg, trimethoprim 40mg;Ha Tay;Hộp;https://www.pharmacity.vn/product/thuoc-khang-viem-trimexazol-240-30-goi
Apharmarin 5mg (Hộp 10 vỉ x 10 viên);90000;Flunarizin 5mg;Armepharco;Hộp;https://www.pharmacity.vn/product/thuoc-du-phong-dau-nua-dau-dieu-tri-chung-chong-mat-apharmarin-5mg-10-vi-x-10-vienhop
Viên nén Giotrif 20mg Boehringer điều trị ung thư phổi (4 vỉ x 7 viên);22000000;Afatinib 20mg;Boehringer Ingelheim;Hộp;https://www.pharmacity.vn/product/thuoc-dieu-tri-ung-thu-phoi-giotrif-20mg-boehringer-7-vien-x-4-vihop
Thuốc làm giảm cholesterol toàn phần Atorvastatin 40mg SaVi (10 viên x 3 vỉ/hộp);58000;Atorvastatin 40mg;Savi;Hộp;https://www.pharmacity.vn/product/thuoc-lam-giam-cholesterol-toan-phan-atorvastatin-40mg-savi-10-vien-x-3-vihop
Cefdina 300mg Hataphar (Hộp 3 vỉ x 10 viên);195000;Cefdinir 300mg;Hadiphar;Hộp;https://www.pharmacity.vn/product/thuoc-dieu-tri-nhiem-trung-cefdina-300mg-hataphar-10-vien-x-3-vihop
Lacipil 4mg ( Hộp 4 vỉ  x 7 viên);200000;Lacidipin 4mg;GSK ETC;Hộp;https://www.pharmacity.vn/product/thuoc-dieu-tri-tang-huyet-ap-lacipil-4mg-7-vien-x-4-vihop
Viên nén Tolucombi 40mg/12.5mg điều trị tăng huyết áp (4 vỉ x 7 viên);299000;Telmisartan 40mg, Hydrochlorothiazid 12.5mg;KRKA,D,D;Hộp;https://www.pharmacity.vn/product/tolucombi-40mg125mg-hop-4-vi-x-7-vien
Progentin 200 (Hộp 3 vỉ x 10 viên);250000;Progesteron 200mg;SPM;Hộp;https://www.pharmacity.vn/product/progentin-200-hop-3-vi-x-10-vien
Trajenta Duo 2.5/850mg (Hộp 10 viên x 3 vỉ);291000;Linagliptin, Metformin;Boehringer Ingelheim;Hộp;https://www.pharmacity.vn/product/thuoc-dieu-tri-benh-dai-thao-duong-typ-2-trajenta-duo-25850mg-10-vien-x-3-vihop
Vitamin A 5000IU (Chai 80 viên);34500;Vitamin A 5000IU;Nadyphar;Chai;https://www.pharmacity.vn/product/vitamin-a-5000ui-29-chai80vien-nadyphar
Zyllt 75mg (Hộp 4 vỉ x 7 viên);202000;Clopidogrel 75mg;Novo Mesto- Xlo Ven Ni A;Hộp;https://www.pharmacity.vn/product/thuoc-dieu-tri-xo-vua-dong-machnghen-mach-huyet-khoi-zyllt-75mg-novo-mesto-7-vien-x-4-vihop
Viên nén Zonaxson 50mg Novell điều trị chứng tăng trương lực cơ (3 vỉ x 10 viên);50000;Eperisone hydrochlorid 50mg;Novell Pharmaceutical Laboratories ;Hộp;https://www.pharmacity.vn/product/thuoc-dieu-tri-trieu-chung-lien-quan-co-that-co-xuong-zonaxson-50mg-3-vi-x-10-vien-hop
Viên nén Deruff 8mg Davipharm điều trị sa sút trí tuệ do bệnh Alzheimer (4 vỉ x 7 viên);420000;Galantamin (hydrobromid) 8mg;Davipharm;Hộp;https://www.pharmacity.vn/product/thuoc-dieu-tri-alzheimerroi-loan-than-kinh-deruff-8mg-davipharm-7-vien-x-4-vihop
Cyplosart plus Remedica (Hộp 3 vỉ x 10 viên);223000;Losartan 50mg, Hydrochlorothiazid 12.5mg;Remedica;Hộp;https://www.pharmacity.vn/product/cyplosart-plus-3-vi-x-10-vienhop
Macorel(10 vỉ x 10 viên/hộp);579500;Nifedipin 30mg; Elpen Greece;Hộp;https://www.pharmacity.vn/product/macorel10-vi-x-10-vienhop
Trinitrina (10 ống x 1.5ml/hộp);453000;Nitroglycerine 5mg/1.5ml;Fisiopharma;Hộp;https://www.pharmacity.vn/product/trinitrina-10-ong-x-15mlhop
Kem bôi ngoài da Cortisotra 8g S.Pharm điều trị ngứa do dị ứng, nổi mẩn, mụn trứng cá (chai 8g);9000;Chloramphenicol,Dexamethason 160mg,4mg;Công ty cổ phần dược S.Pharm;Hộp;https://www.pharmacity.vn/product/cortisotra-8g-spharm-hop-1-lo-x-8g
Thuốc tiêm Moxifloxacin Solution for Infusion Demo S.A điều trị nhiễm khuẩn (chai 400mg/250ml);383000;Moxifloxacin 400mg/250ml;Demo S.A;Chai;https://www.pharmacity.vn/product/moxifloxacin-solution-for-infusion-chai-250ml
Viên nén bao phim Moxetero Hetero điều trị viêm xoang cấp (3 vỉ x 10 viên);960000;Moxifloxacin (dưới dạng Moxifoxacin hydrochlorid) 400mg;Hetero Drugs- India;Hộp;https://www.pharmacity.vn/product/moxetero-3-vi-x-10-vienhop
Viên nén bao phim Egolanza 10mg điều trị tâm thần phân liệt, rối loạn lưỡng cực (4 vỉ x 7 viên);168000;Olanzapin 10mg;Egis Pharma;Hộp;https://www.pharmacity.vn/product/egolanza-4-vi-x-7-vienhop
Aldarone (Hộp 10 vỉ x 10 viên);329000;Amiodaron (hydroclorid) 200mg;Cadila Pharma;Hộp;https://www.pharmacity.vn/product/aldarone-10-vi-x-10-vienhop
Partamol Codeine Tab. (Hộp 10 vỉ x 10 viên);165000;Paracetamol 500mg, Codein phosphat hemihydrat 30mg;STADA;Hộp;https://www.pharmacity.vn/product/partamol-codein-10-vi-x-10-vienhop
Hivent (Hộp 30 ống x 2,5ml);150000;Salbutamol 2.5mg;Euro-Med;Hộp;https://www.pharmacity.vn/product/hivent-30-ong-x-25mlhop
Viên nén Nalgidon 200 Synmedic điều trị viêm khớp dạng thấp, đau cơ xương, đau răng (3 vỉ x 10 viên);199000;Dexibuprofen 200mg;Synmedic Laboratories- India;Hộp;https://www.pharmacity.vn/product/nalgidon-200-synmedic-3vi-x-10vien
Iba-mentin 500/62.5 TW1 (Hộp 12 gói);68000;Amoxicillin 500mg, Clavulanic acid 62.5mg;Pharbaco (TW1);Hộp;https://www.pharmacity.vn/product/iba-mentin-500625-tw1-12goi
Valsartan Tab 80mg Novartis (2vi x 14vien);84000;Valsartan 80mg;Novartis;Hộp;https://www.pharmacity.vn/product/valsartan-tab-80mg-novartis-2vi-x-14vien
Miaryl 2mg (Hộp 3 vỉ x 10 viên);96000;Glimepirid 2mg;Hasan- Demarpharm;Hộp;https://www.pharmacity.vn/product/miaryl-2mg-3-vi-x-10-vien
Duocetz (Hộp 3 vỉ x 10 viên);225000;Paracetamol,Tramadol HCL;Mega Lifesciences;Hộp;https://www.pharmacity.vn/product/doucetz-3vi-x-10vien
Viên nén Friburine 80mg trị tăng acid uric huyết (3 vỉ x 10 viên);549000;Febuxostat 80mg;Pymepharco;Hộp;https://www.pharmacity.vn/product/friburine-tab-fc-80mg-3vi-x10vien
Meyerafil (hộp 1 viên);20000;Tadalafil 20mg;Meyer-BPC;Hộp;https://www.pharmacity.vn/product/meyerafil-hop-1v
Gilan Ultra Comfort 0.3% (Hộp 30 ống);360000;Hyaluronate, Natri hydroxit, Natri chlorid, Dibasic Natri phospha;Gilan;Hộp;https://www.pharmacity.vn/product/gilan-ultra-confort-03-20-ong
Viên nén Valsacard 80mg điều trị tăng huyết áp, suy tim (4 vỉ x 7 viên);269104;Valsartan 80mg;VALSACARD;Hộp;https://www.pharmacity.vn/product/valsacard-80mg-4-vi-x-7-vien
Viên nén HEP USO 150 điều trị sỏi mật, cải thiện chức năng gan (10 vỉ x 10 viên);280000;Acid ursodeoxycholic 150mg;Vidipha;Hộp;https://www.pharmacity.vn/product/hep-uso-150-10-vi-x-10-vien
Finasteride Mylan 1mg (1vix28vien);1350000;Finasteride 1mg;Mylan;Hộp;https://www.pharmacity.vn/product/finasteride-mylan-1mg-1vix28vien
Darintab (2 vỉ x 1 viên/hộp);53000;Sumatriptan 50mg;Danapha;Hộp;https://www.pharmacity.vn/product/darintab-2-vi-x-1-vienhop
Viên nén bao phim Dinpocef 200mg điều trị nhiễm khuẩn (1 vỉ x 10 viên);138000;Cefpodoxim 200mg;MICRO LABS;Hộp;https://www.pharmacity.vn/product/thuoc-dieu-tri-nhiem-trung-dinpocef-200-1-vi-x-10-vien-hop
Diclovat Suppo 100mg (Hộp 2 vỉ x 5 viên);112000;Diclofenac natri 100mg;Sao Kim;Hộp;https://www.pharmacity.vn/product/diclovat-2-vi-x-5-vienhop
Gensonmax (Tuýp 10g);13000;Betamethason dipropionat 6.4g, clotrimazol 100mg, gentamicin 10mg;Công ty cổ phần Dược phẩm Quảng Bình;Hộp;https://www.pharmacity.vn/product/gensomax-tuyp-10g
Atibeza (3 vỉ x 10 viên/hộp);42000;Bezafibrat 200 mg;An Thien;Hộp;https://www.pharmacity.vn/product/atibeza-3-vi-x-10-vienhop
Viên nang cứng Domide 50mg điều trị bệnh đa u tuỷ (6 vỉ x 10 viên);3990000;Thalidomid 50mg;Biopharco;Hộp;https://www.pharmacity.vn/product/domide-capsules-50mg-biopharm-6vi-x-10vien
Maxxcardio-L 20 (3 vỉ x 10 viên/hộp);113000;Lisinopril 20mg;Ampharco U.S.A;Hộp;https://www.pharmacity.vn/product/maxxcardio-l-20-3-vi-x-10-vienhop
Maxxtriptan 50 (3 vỉ x 10 viên/hộp);869000;Sumatriptan 50mg;Ampharco U.S.A;Hộp;https://www.pharmacity.vn/product/maxxtriptan-50-3-vi-x-10-vienhop
Hapresval 80 (10 vỉ x 10 viên/hộp);1399000;Valsartan 80mg;Hasan- Demarpharm;Hộp;https://www.pharmacity.vn/product/hapresval-80-10-vi-x-10-vienhop
Diclofenac 100mg (Hộp 1 vỉ x 5 viên);65000;Diclofenac 100mg;Quang Minh;Hộp;https://www.pharmacity.vn/product/diclofenac-1-vi-x-5-vienhop
Viên nén Clarividi 250mg Vidipha điều trị nhiễm khuẩn đường hô hấp (2 vỉ x 10 viên);40000;Clarithromycin 250mg;Vidipha;Hộp;https://www.pharmacity.vn/product/clarividi-250-hop-2-vi-x-10-vien
Dutaon (3 vỉ x 10 viên/hộp);375000;Dutasterid 0.5mg;Korea United Pharm;Hộp;https://www.pharmacity.vn/product/dutaon-3-vi-x-10-vienhop
Dầu gấc Haduroten 400mg;130000;Dau gac nguyen chat 400mg;Duoc VTYT Hai Duong;Hộp;https://www.pharmacity.vn/product/dau-gac-haduroten-400mg
UNITREXATES (Hộp 10 vỉ x 10 viên);498000;Methotrexat 2.5mg;Korea United Pharm;Hộp;https://www.pharmacity.vn/product/unitrexates-hop-10-vi-x-10-vien
Progendo 200mg (Hộp 2 vỉ x 15 viên);399000;Progesteron  200mg;Abbott;Hộp;https://www.pharmacity.vn/product/progendo-30-vien
Indform 850 (Hộp 56 viên);44000;Metformin Hydrochloride 850 mg;IND-SWIFT;Hộp;https://www.pharmacity.vn/product/indform-850-hop-56-vien
Agilosart 25mg (Hộp 4 vỉ x 10 viên);60000;Losartan 25mg 25mg;AGIPHARM;Hộp;https://www.pharmacity.vn/product/agilosart-25mg-4vi-x10vien
Viên nén Bethason 0.5mg điều trị viêm thấp khớp, hen suyễn, lupus ban đỏ hệ thống (chai 500 viên);100000;Betamethason 0,5mg 0.5mg;Công ty cổ phần dược Đồng Nai;Chai;https://www.pharmacity.vn/product/bethason-05mg-c500-vien
Viên nang Canditral 100mg điều trị các bệnh nhiễm nấm (10 vỉ x 4 viên);27000;Itraconazole 100mg;Daewoong Pharm;Hộp;https://www.pharmacity.vn/product/canditral-100mg-glenmark-1vi-x-4vien
Ezensimva 10/20 (Hộp 3 vỉ x 10 viên);250000;Ezetimib, Simvastatin;AGIPHARM;Hộp;https://www.pharmacity.vn/product/ezensimva-1020-hop-3-vi-x-10-vien
Navadiab 80mg (hộp 6 vỉ x 10 viên);122000;Gliclazid 80mg;Industria Farmaceutica Nova Argentia S.P.A;Hộp;https://www.pharmacity.vn/product/navadiab-80mg60vien
Runolax 10mg (Hộp 3 vỉ x 10 viên);264720;Rosuvastatin 10mg;The Acme Laboratories;Hộp;https://www.pharmacity.vn/product/runolax-10mg-hop-3-vi-x-10-vien
Cefaclorvid 250 (1 vỉ x 12 viên/hộp);33500;Cefaclor 250mg;Vidipha;Hộp;https://www.pharmacity.vn/product/cefaclorvid-250-1-vi-x-12-vienhop
Viên nén Aldan 10 mg điều trị tăng huyết áp, đau thắt ngực (3 vỉ x 10 viên);68900;Amlodipine 10mg;Duoc pham 3/2;Hộp;https://www.pharmacity.vn/product/aldan-10-mg-hop-3-vi-x-10-vien
Viên nén Co - Dovel 150mg/12.5mg điều trị tăng huyết áp (2 vỉ x 14 viên);166000;Irbesartan, Hydroclorothyazid;Domesco;Hộp;https://www.pharmacity.vn/product/co-dovel-hop2-vi-x-14-vien
Giotrif 40mg Boehringer (Hộp 4 vỉ x 7 viên);23240000;Afatinib (dưới dạng Afatinib dimaleat) 40mg 40mg;Boehringer Ingelheim;Hộp;https://www.pharmacity.vn/product/giotrif-40mg-boehringer-hop-4-vi-x-7-vien
Lenvima 10mg Eisai (2 vỉ x 10 viên);23300000;Lenvatinib 10mg;Eisai Ltd;Hộp;https://www.pharmacity.vn/product/lenvima-10mg-eisai-2-vi-x-10-vien
Herceptin 440mg vialRoche (Hộp 1 lọ);47900000;TRASTUZUMAB 440mg/20ml;Roche;Lọ;https://www.pharmacity.vn/product/herceptin-440mg-vial-roche-hop-1-lo
Dịch truyền Kedrialb Kedrion (Hộp 200g/l/50ml);900000;Albumin 10g;Kedrion;Chai;https://www.pharmacity.vn/product/dich-truyen-kedrialb-kedrion-hop-200gl50ml
Viên nén ALPHACHYMOTRYPSINE 4200IU ELOGE FRANCE điều trị phù nề sau chấn thương (2 vỉ x 10 viên);110000;CHYMOTRYPSIN 4,2mg 4,2mg;Eloge France;Hộp;https://www.pharmacity.vn/product/alphachymotrypsine-4200iu-eloge-france-10vix10vien
Viên nang Cilexid 200mg giảm đau chống viêm trong thoái hóa khớp (3 vỉ x 10 viên);86000;cilecoxib 200mg;Mediplantex;Hộp;https://www.pharmacity.vn/product/cilexid-hop30-vien
Farinceft (Hop/10 Vien);57000;cefuroxim 250 mg;Mediplantex;Hộp;https://www.pharmacity.vn/product/farinceft-hop10-vien
Viên nén Candesartan STADA 16 mg điều trị tăng huyết áp (2 vỉ x 14 viên);131600;Candesartan Cilexetil 16mg;STADA;Hộp;https://www.pharmacity.vn/product/candesartan-stada-16-mg-2vi-x-14vien
DOMENOL TAB 16MG BOX 30;100500;Methylprednisolon 16mg;Domesco;Hộp;https://www.pharmacity.vn/product/domenol-tab-16mg-box-30
Thuốc nhỏ mắt Quimoxi điều trị viêm kết mạc do vi khuẩn nhạy cảm (chai 6ml);25000;Moxifloxacin 30 mg 30mg/6ml;Traphaco;Chai;https://www.pharmacity.vn/product/quimoxi-lo-6ml
Venutel Caps 100Mg (Hop 30);20000000;Temozolomide 100mg;Davipharm;Hộp;https://www.pharmacity.vn/product/venutel-caps-100mg-hop-30
SEVORANE LIQ INHAL 250ML ABBVIE;3900000;Sevofluran 1;AbbVie;Chai;https://www.pharmacity.vn/product/sevorane-liq-inhal-250ml-abbvie
Viên nang Lozibin 500Mg điều trị nhiễm khuẩn đường hô hấp (1 vỉ x 3 viên);210000;Azithromycin 500mg;ANTIBIOTIC RAZGRAD;Hộp;https://www.pharmacity.vn/product/lozibin-caps-500mg-1vi-x-3vien
Bột pha dung dịch tiêm Zavicefta 2g/0,5g kháng sinh điều trị nhiễm khuẩn (hộp 10 chai);29040000;Avibactam  0.5g,  Ceftazidime 2g;Pfizer PBG;Hộp;https://www.pharmacity.vn/product/zavicefta-vial-dry-inf-2g05g-hop-10-lo
VIXAM TAB F.C 75MG BOX 30;390000;Clopidogrel  75mg;Polfarmex S.A;Hộp;https://www.pharmacity.vn/product/vixam-tab-fc-75mg-box-30
Puyol 200mg Davipharm điều trị lạc nội mạc tử cung (3 vỉ x 10 viên);13700;Danazol 200mg 200mg;Davipharm;Viên;https://www.pharmacity.vn/product/puyol-200mg-davi-3-vi-x-10-vien
Halaven Iv 1mg/2ml Eisai (Hộp 1 Lọ x 2ml);4160000;Eribulin 1mg 1mg;Eisai Ltd;Hộp;https://www.pharmacity.vn/product/halaven-iv-1mg2ml-eisai-hop-1-lo-x-2ml
SaViProlol 2,5 (Hop x 30 Vien);30000;Bisoprolol fumarat  2,5mg;Savi;Hộp;https://www.pharmacity.vn/product/saviprolol-25-hop-x-30-vien-chuyen-ma-p15342
Amlodipine Stella 5mg (Hộp 10 vỉ x 10 viên);700;Amlodipin (dưới dạng Amlodipin besilat) 5mg 5mg;STELLA;Viên;https://www.pharmacity.vn/product/amlodipine-stella-5mg-hop-10-vi-x-10-vien
Solmux Broncho (Chai 60ml);31000;Salbutamol 1mg/5ml,  Carbocysteine 125mg/5ml;United Pharma;Chai;https://www.pharmacity.vn/product/solmux-broncho-sus-60ml
Proctolog Sup viên đặt ( Hộp 2 vỉ x 5 viên);160000;Trimebutin 120mg, Ruscogenin 10mg;Pfizer PBG;Hộp;https://www.pharmacity.vn/product/oos-by-ncc-proctolog-sup-vien-dat-2-vi-x-5-vien
Thuốc nhỏ mắt Neodex điều trị viêm kết mạc, giác mạc, viêm mí mắt, viêm túi lệ (chai 5ml);4000;Dexamethason 5.5mg, Neomycin Sulfat 25mg/5ml;Pharmedic;Chai;https://www.pharmacity.vn/product/thuoc-nho-mat-khang-viem-va-chong-nhiem-khuan-neodex-5ml
Nalidixic 500mg ( Hộp 10 vỉ x 10 viên);139000;Nalidixic acid 500mg;Davipharm;Hộp;https://www.pharmacity.vn/product/thuoc-dieu-tri-benh-nhiem-trung-duong-tiet-nieu-do-vi-khuan-nalidixic-acid-500mg-10-vi-x-10-vien
Primperan 10mg (Hộp 2 vỉ x 20 viên);74000;Metoclopramid 10mg;Sanofi GEM;Hộp;https://www.pharmacity.vn/product/primperan-10mg-hop-2-vi-x-20-vien
Solupred 5mg (Chai 30 viên);165000;Prednisolone 5mg;Sanofi GEM;Chai;https://www.pharmacity.vn/product/solupred-5mg-chai
Singulair Tab 10mg (Hộp 28 viên);380000;Montelukast sodium 10mg;Singulair;Hộp;https://www.pharmacity.vn/product/thuoc-du-phong-dieu-tri-hen-phe-quan-man-tinh-o-nguoi-lon-va-tre-em-singulair-10mg-28-vienho
Tenofovir T300 (Hộp 3 vỉ x 10 viên);312000;Tenofovir 300mg;STELLA;Hộp;https://www.pharmacity.vn/product/thuoc-dieu-tri-nhiem-hiv-1-viem-gan-sieu-vi-b-man-tinh-o-nguoi-lon-tenofovir-stada-300mg-3-vi-x-10-vienhop
Thuốc điều trị nhiễm khuẩn do các các vi khuẩn nhạy cảm Cefadroxil gây ra Biodroxil 500mg (12 viên/hộp);65000;Cefadroxil 500mg;Sandoz;Hộp;https://www.pharmacity.vn/product/thuoc-dieu-tri-nhiem-khuan-do-cac-cac-vi-khuan-nhay-cam-cefadroxil-gay-ra-biodroxil-500mg-12-vienhop
Locacid Cream 0.05% (Tuýp 30g);79000;Tretinoin 0.05%w/w;Pierre-Fabre;Tuýp;https://www.pharmacity.vn/product/kem-tri-mun-trung-ca-locacid-cream-005-30g
"
";11000;Nicotinamide 50mg;Nadyphar;Chai;https://www.pharmacity.vn/product/pepevit-50mg-chai60-vien
Stadnex 40mg (Hộp 4 vỉ x 7 viên);154000;Esomeprazol 40mg;STELLA;Hộp;https://www.pharmacity.vn/product/thuoc-dieu-tri-benh-trao-nguoc-da-day-thuc-quan-esomeprazol-40mg-hop-4-vi-x-7-vien
Amaryl 4mg (Hộp 3 vỉ x  10 viên);198000;Glimepiride 4mg;Sanofi GEM;Hộp;https://www.pharmacity.vn/product/amaryl-4mg-hop-3-vi-x-10-vien
Telmisartan 40 mg - Stada (Hộp 4 vỉ x 7 viên);84000;Telmisartan 40mg;STELLA;Hộp;https://www.pharmacity.vn/product/thuoc-dieu-tri-benh-tang-huyet-ap-phong-ngua-tim-mach-o-nguoi-lon-telmisartan-stada-40mg-4-vi-x-7-vienhop
Piroxicam 20mg (10 vỉ x 10 viên/hộp);39000;Piroxicam 20mg;Mekophar;Hộp;https://www.pharmacity.vn/product/thuoc-khang-viem-giam-dau-cac-benh-ve-xuong-khop-cot-song-va-benh-gut-piroxicam-20mg-100-vienhop
Cordarone 200mg Tab (Hộp 3 vỉ x 10 viên);220400;Amiodarone hydrochloride 200mg;Sanofi GEM;Hộp;https://www.pharmacity.vn/product/cordarone-200mg-tab-3-vi-x-10-vienhop
Salbutamol 2mg (Chai 100 viên);30000;Salbutamol 2mg;Domesco;Chai;https://www.pharmacity.vn/product/salbutamol-2mg-chai
Ameflu Siro Long Đờm (Chai 60ml);20500;Phenylephrin 50mg, Guaifenesin 15mg;Ameflu;Chai;https://www.pharmacity.vn/product/siro-dieu-tri-cac-trieu-chung-nghet-mui-giam-dich-long-dom-thong-phe-quan-ameflu-expectorant-60ml
Viên nén Enalapril STELLA 5 mg điều trị tăng huyết áp, suy tim (3 vỉ x 10 viên);20000;Enalapril 5mg;STELLA;Hộp;https://www.pharmacity.vn/product/thuoc-dieu-tri-tang-huyet-ap-suy-tim-sung-huyet-enalapril-stada-5mg-3-vi-x-10-vienhop
Dolzero (Hộp 10 vỉ x 10 viên);198000;Paracetamol 325mg, Tramadol  37.5mg;Panacea Biotec;Hộp;https://www.pharmacity.vn/product/dolzero-hop-10-vi-x-10-vien
Lotion Diprosalic trị viêm da dị ứng, chàm, vảy nến, viêm thần kinh da (chai 10ml);38000;Betamethasone 0.5mg,  Salicylic Acid 30mg;Merck Sharp & Dohme;Chai;https://www.pharmacity.vn/product/diprosalic-lotion-10ml
Thuốc điều trị các bệnh viêm xương khớp Cecoxibe 200mg - TV.PHARM;49000;Celecoxib 200mg;TVPharma;Hộp;https://www.pharmacity.vn/product/thuoc-dieu-tri-cac-benh-viem-xuong-khop-cecoxibe-200mg-tvpharm
Encorate Chrono 500mg (H/50v);163000;Valproate 500mg;Sun Pharma;Hộp;https://www.pharmacity.vn/product/encorate-chrono-500mg-h50v
Thuốc dùng ngoài Dermabion trị bệnh ngoài da có đáp ứng corticoid tại chỗ và bội nhiễm (tuýp 10g);27000;Dexamethasone 5mg, Clindamycin 118.8mg;Roussel;Tuýp;https://www.pharmacity.vn/product/dermabion-cream
Stadovas 5 Stada (3 Vỉ x 10 Viên);25000;Amlodipine 5mg;STELLA;Hộp;https://www.pharmacity.vn/product/thuoc-dieu-tri-tang-huyet-ap-thieu-mau-co-tim-stadovas-5-stada-3vi-x-10vien
Viên nén bao phim Stafloxin Stella 200mg điều trị nhiễm khuẩn (2 vỉ x 10 viên);20000;Ofloxacin 200mg;STELLA;Hộp;https://www.pharmacity.vn/product/thuoc-dieu-tri-gay-ra-ra-boi-cac-vi-khuan-nhay-cam-ofloxacin-stada-200mg
Colpotrophine (1 vỉ x 10 viên);75000;Promestriene 10mg;Laboratoires Theramex;Hộp;https://www.pharmacity.vn/product/colpotrophine-dat10vien
Somazina (Hộp 1 lọ x 30ml);563000;Citicolin 100mg/ml;Ferrer Internacional S.A.;Chai;https://www.pharmacity.vn/product/thuoc-dieu-tri-cac-tai-bien-mach-mau-nao-somazina-30ml
Momate Cream 15g;57000;Mometasone furoate 1mg;Glenmark;Tuýp;https://www.pharmacity.vn/product/momate-cream
Thuốc điều trị chứng tăng Lipid máu nguyên phát Atorhasan (10mg);82000;Atorvastatin 10mg;Hasan- Demarpharm;Hộp;https://www.pharmacity.vn/product/atorhasan
Thuốc điều trị giãn cơ và tăng trương lực cơ Prindax (10Vỉ x 10Viên);309000;Baclofen 10mg;Hutecs Korea Pharm;Hộp;https://www.pharmacity.vn/product/thuoc-dieu-tri-gian-co-va-tang-truong-luc-co-prindax-10vi-x-10vien
Gliatilin 400mg (Hộp 14 viên);215000;Choline alfoscerate 400mg;Other;Hộp;https://www.pharmacity.vn/product/gliatilin-400mg-h14vien
Sibelium (Hộp 10 vỉ x 10 viên);640000;Flunarizine 5mg;Janssen;Hộp;https://www.pharmacity.vn/product/thuoc-phong-va-dieu-tri-chung-dau-nua-dau-sibelium-5mg
Tobramycin Euvipharm 0.3% (Hộp 1 lọ 5ml);13500;Tobramycin 250mg;Euvipharm;Chai;https://www.pharmacity.vn/product/thuoc-dieu-tri-nhiem-khuan-tobramycin-euvipharm
Magne B6 Corbière (Hộp 10 ống x 10ml);55000;Magnesi Lactat Dihydrat 470mg, Vitamin B6 5mg/10ml;Sanofi CHC Local;Hộp;https://www.pharmacity.vn/product/thuoc-bo-sung-vitamin-b6-magie-magne-b6-corbiere-10ml-10-ong-x-10mlhop
Levitra 10mg (Hộp 1 vỉ x 4 viên);679000;Vardenafil 10mg;Bayer WHC;Hộp;https://www.pharmacity.vn/product/thuoc-dieu-tri-roi-loan-chuc-nang-cuong-duong-levitra-10mg-4-vienhop
Levothyrox Merck 100mcg (Hộp 3 vỉ x 10 viên);80000;Levothyroxine 100mcg;Merck Export GMBH;Hộp;https://www.pharmacity.vn/product/levothyrox-100mg-hop2vi-x-14vien
Hydrocortisone roussel (Hộp 1 vỉ x 25 viên);135000;Hydrocortisone 10mg;Sanofi GEM;Vỉ;https://www.pharmacity.vn/product/hydrocortisone-roussel-10mg-25vienvi
Kem điều trị tại chỗ các bệnh nấm da Ecocort Cream (15g);43000;Econazole 1%w/w, Triamcinolone 0.1%w/w;HOE Pharmaceuticals;Tuýp;https://www.pharmacity.vn/product/kem-dieu-tri-tai-cho-cac-benh-nam-da-ecocort-cream-15g
Praxinstad 400 (Hộp 2 vỉ x 5 viên);98000;Moxifloxacin 400mg;STELLA;Hộp;https://www.pharmacity.vn/product/praxinstad-400-hop-2-vi-x-5-vien
Allopsel 300mg (2 vỉ x 10 viên);38000;Allopurinol 300mg;Roussel;Hộp;https://www.pharmacity.vn/product/allopsel-300mg2vi
Prevost 70mg Tab(4vien);97000;Alendronate Sodium 70mg;United Pharma;Hộp;https://www.pharmacity.vn/product/prevost-70mg-tab4vien
Colposeptine Theramex (Hộp 3 vỉ x 6 viên);118000;Chlorquinaldol 200mg;Merck Export GMBH;Hộp;https://www.pharmacity.vn/product/thuoc-dieu-tri-huyet-trang-do-tat-ca-cac-nguyen-nhan-khac-nhau-tru-huyet-trang-lau-colposeptine-3-vi-x-6-vienhop
Sintrom Novartis 4mg (Hộp 3 vỉ x10 viên);92000;Acenocoumarol 4mg;Novartis;Hộp;https://www.pharmacity.vn/product/thuoc-dieu-tri-chong-dong-mau-sintrom-4mghop-3-vi-x10-vien
Furosemide STADA 40mg (5 vỉ x 10 viên);19000;Furosemid 40mg;STADA;Hộp;https://www.pharmacity.vn/product/thuoc-dieu-tri-benh-phu-phoi-cap-tang-huyet-ap-furosemide-stada-40mg-5-vi-x-10-vien
Adalat 10mg (Hộp 3 vỉ x 10 viên);79900;Nifedipin 10mg;Bayer (Others);Hộp;https://www.pharmacity.vn/product/thuoc-dieu-tri-tang-huyet-ap-dau-that-nguc-on-dinh-man-tinh-adalat-10mg
Viên nén Betaloc 50mg Astrazeneca Điều trị tăng huyết áp, dự phòng đau thắt ngực (3 vỉ x 20 viên);100800;Metoprolol Succinate 50mg;Betaloc;Hộp;https://www.pharmacity.vn/product/betaloc-tab-50mgh5vi-x-10vien
Adalat LA 20mg (Hộp 3 vỉ x 10 viên);218900;Nifedipin 20mg;Bayer (Others);Hộp;https://www.pharmacity.vn/product/thuoc-dieu-tri-dau-that-nguc-on-dinh-man-tinh-adalat-la-20mg-3-vi-x-10-vienhop
Ovestin 1mg (Hộp 1 vỉ x 30 viên);109000;Estriol 1mg;Aspen;Hộp;https://www.pharmacity.vn/product/ovestin-tab-1mgvien
Adalat Retard 20mg (Hộp 3 vỉ x 10 viên);149900;Nifedipin 20mg;Bayer (Others);Hộp;https://www.pharmacity.vn/product/thuoc-dieu-tri-dau-that-nguc-tang-huyet-ap-adalat-retard-20mg
Lopid Cap 300mg (10  vỉ  x 10 viên);337000;Gemfibrozil 300mg;Pfizer PBG;Hộp;https://www.pharmacity.vn/product/lopid-cap-300mg-10vi-x-10vien
Viên nén Zestoretic 20mg điều trị tăng huyết áp (2 vỉ x 14 viên);255000;Lisinopril 20mg, Hydrochlorothiazid 12.5mg;AstraZeneca;Hộp;https://www.pharmacity.vn/product/thuoc-dieu-ti-tang-huyet-ap-tu-nhe-den-trung-binh-zestoretic-20mg
Praxilene 200mg (2 vỉ x 10 viên);100000;Naftidrofuryl 200mg;Merck Export GMBH;Hộp;https://www.pharmacity.vn/product/thuoc-dieu-tri-tim-mach-praxilene-tab-200mg
Magne - B6 Stada (Hộp 5 vỉ x 10 viên);40000;Magnesi Lactat Dihydrat 470mg, Vitamin B6 5mg;STADA;Hộp;https://www.pharmacity.vn/product/thuoc-dieu-tri-ha-magnesi-huyet-nang-thieu-hut-cac-khoang-chat-magne-b6-stada-5-vi-x-10-vien-hop
Lamivudin  Stada 100mg (Hộp 3 vỉ x 10 viên);320000;Lamivudine 100mg;STADA;Hộp;https://www.pharmacity.vn/product/thuoc-dieu-tri-benh-viem-gan-sieu-vi-b-man-tinh-o-nguoi-lon-lamivudin-stada-100mg-3-vi-x-10-vienhop
Decontractyl  500mg (Hộp 2 vỉ x 12 viên);47000;Mephenesin 500mg;Sanofi Others;Hộp;https://www.pharmacity.vn/product/decontractyl-500mg-2x12
HandiHaler;59500;Tiotropium bromide 18mcg;Boehringer Ingelheim;Hộp;https://www.pharmacity.vn/product/handihaler
Viên bao tan ở ruột Dolo-Neurobion trị đau khớp, phong thấp, đau dây thần kinh (5 vỉ x 10 viên);130000;Diclofenac sodium 50mg, Pyridoxine 50mg, Thiamine 50mg, Cyanocobalamin 1mg;Merck Export GMBH;Hộp;https://www.pharmacity.vn/product/thuoc-dieu-tri-viem-xuong-khop-dolo-neurobion-coated-tab
Singulair 5mg (4 vỉ x 7 viên);445000;Montelukast 5mg;Singulair;Hộp;https://www.pharmacity.vn/product/oos-by-ncc-singulair-chewable-5mg
Viên nang cứng Ospamox 250mg kháng sinh điều trị nhiễm khuẩn (10 vỉ x 10 viên);129000;Amoxicillin 250mg;Imexpharm;Hộp;https://www.pharmacity.vn/product/ospamox-250mg-hop-10-vi-x-10-vien
Hasec 100mg (Hộp 3 Vỉ x 10 Viên);115000;Racecadotril 100mg;DHG Pharma;Hộp;https://www.pharmacity.vn/product/hasec-100mg-3-vi-x-10-vien
Seroflo 125mg 120 Dose (Hộp 1 chai);165000;Salmeterol xinafoate 25 mcg, fluticasone propionate 50 mcg.;Cipla;Chai;https://www.pharmacity.vn/product/seroflo-125mg-120-dose
Thuốc nhỏ mắt Timolol Maleate 0,5% điều trị bệnh Glaucoma (chai 5ml);45900;Timolol Maleate 0.5% 0.5%/5ml;Alcon Pharmaceuticals;Chai;https://www.pharmacity.vn/product/dung-dich-nho-mat-vo-trung-timolol-maleate-eye-drops-05-5ml
Mitalis 20mg SK (Hộp 2 vỉ x 2 viên);72000;Tadalafil 20mg;Sao Kim;Hộp;https://www.pharmacity.vn/product/thuoc-dieu-tri-roi-loan-cuong-duong-mitalis-20mg-2-vi-x-2-vienhop
Bostacet (2 vỉ  x 10 viên/hộp);36000;Paracetamol 325mg, Tramadol 37.5mg;Boston;Hộp;https://www.pharmacity.vn/product/thuoc-dieu-tri-cac-con-dau-tu-trung-binh-den-nang-bostacet-2-vi-x-10-vienhop
Korcin 8g (Hộp 1 chai);6000;Chloramphenicol 160mg, Dexamethason 4mg;DHG Pharma;Hộp;https://www.pharmacity.vn/product/thuoc-dieu-tri-eczema-viem-da-mun-nhot-ngua-korcin-8g-hop-1-chai-x-8g
Alcaine 0.5% 15ml (Lo/Hop);69100;Proparacaine Hydrochloride 0.50%;Alcon Pharmaceuticals;Hộp;https://www.pharmacity.vn/product/alcaine-05-15ml-lohop
Ventolin Rotahaler (Túi);17000;Polypropylen 0.02;GSK ETC;Túi;https://www.pharmacity.vn/product/ventolin-rotahaler-tui
Valmagol 200mg ( Hộp 10 vỉ x 10 viên);245000;Magnesi Valproat 200mg;Davipharm;Hộp;https://www.pharmacity.vn/product/thuoc-dieu-tri-dong-kinh-toan-the-hay-cuc-bo-valmagol-200mg-10-vi-x-10-vien-hop
Docefnir 300mg (Hộp 1 vỉ x 4 viên);52000;Cefdinir 300 mg 300mg;Domesco;Hộp;https://www.pharmacity.vn/product/thuoc-dieu-tri-viem-nhiem-khuan-docefnir-300mg-1-vi-x-4-vien
Lifibrat 300mg (Hộp 3 vỉ x 10 viên);65000;Fenofibrat 300mg 300mg;Mekophar;Hộp;https://www.pharmacity.vn/product/lifibrat-300mg-3-vi-x-10-vien
Fixnat 200mg (Hộp 3 vỉ x 10 viên);193000;Cefpodoxim 200mg;Hasan- Demarpharm;Hộp;https://www.pharmacity.vn/product/fixnat-200-3-vi-x-10-vienhop
Viên nén Livorax 4mg kháng viêm, giảm đau cơ xương khớp, viêm khớp dạng thấp (10 vỉ x 10 viên);550000;Lornoxicam 4mg;MICRO LABS;Hộp;https://www.pharmacity.vn/product/livorax-4-10-vi-x-10-vienhop
Viên nén Neurogesic M 300mg/500mcg điều trị động kinh, đau dây thần kinh (10 vỉ x 10 viên);1000000;Gabapentin 300mg, Methylcobalamin 500mcg;PULSE PHARMA;Hộp;https://www.pharmacity.vn/product/neurogesic-m-10-vi-x-10-vienhop
Agipiro 20mg (2 vỉ x 10 viên/hộp);47000;"Piroxicam 
 10mg";AGIPHARM;Hộp;https://www.pharmacity.vn/product/agipiro-20mg-2-vi-x-10-vienhop
Viên nén Getzglim 3mg điều trị bệnh đái tháo đường type 2 (2 vỉ x 10 viên);70000;Glimepirid 3mg;Getz Pharm;Hộp;https://www.pharmacity.vn/product/getzglim-3mg-2-vi-x-10-vienhop
Kozeral 10mg (6 vỉ x 10 viên/hộp);96000;Ketorolac Tromethamin 10mg;Davipharm;Hộp;https://www.pharmacity.vn/product/kozeral-10mg-6-vi-x-10-vienhop
Viên nén bao phim Flexidron 90mg điều trị viêm xương khớp, viêm khớp dạng thấp (3 vỉ x 10 viên);165000;Etoricoxib 90mg;GLOMED-ABBOTT;Hộp;https://www.pharmacity.vn/product/oos-by-ncc-flexidron-90-glomed-3vi-x-10vien
Estor Tab 40mg (4 Vi x 7 Vien);475000;Esomeprazol 40mg;Novartis;Hộp;https://www.pharmacity.vn/product/estor-tab-40mg-4-vi-x-7-vien
Nifedipin 10mg Imexpharm (Hộp 2 vỉx 10 viên);5900;Nifedipin 10mg;Imexpharm;Hộp;https://www.pharmacity.vn/product/nifedipin-10mg20vien
Coxileb 100 Glomed (Hop/3 vi/30 vien);29000;;GLOMED-ABBOTT;Hộp;https://www.pharmacity.vn/product/coxileb-100-glomed-hop3-vi30-vien
Viên nén nhai Smart Air 4mg dự phòng và điều trị bệnh hen phế quản mạn tính (hộp 10 viên);55000;Montelukast 4mg;Abbott;Hộp;https://www.pharmacity.vn/product/thuoc-du-phong-va-dieu-tri-hen-phe-quan-man-tinh-smart-air-4mg-10-vienhop
Viên nén bao phim Augtipha 625mg kháng sinh điều trị nhiễm khuẩn (2 vỉ x 10 viên);78000;Amoxicillin 500mg, Kali Clavuclanat 125mg;AGIPHARM;Hộp;https://www.pharmacity.vn/product/augtipha-625mg-hop-2-vi-x10-vien
Thuốc nhỏ mắt Colflox 0.3% (5ml);13000;Ofloxacin 0.3%w/w;Pharmedic;Chai;https://www.pharmacity.vn/product/thuoc-nho-mat-colflox-03-5ml
Cloderm cream (Tuýp 5g);22000;Clobetasol propionate 0.05%w/w;HOE Pharmaceuticals;Tuýp;https://www.pharmacity.vn/product/cloderm-cream-5g
Bricanyl 0.5mg/ml (Hộp 5 ống x 1ml);65000;Terbutaline Sulfate 0.5mg/ml;AstraZeneca;Hộp;https://www.pharmacity.vn/product/bricanyl-inj-05mgml5ong-inj
Candazole cream (Hộp 1 tuýp x 15g);51000;Clotrimazole 1%w/w;HOE Pharmaceuticals;Tuýp;https://www.pharmacity.vn/product/kem-dieu-tri-nhiem-nam-da-dau-nam-rau-nam-mong-hoecandazole-15g
Thuốc điều trị nhiễm nấm men Candida ở da, lang ben Mycoster 1% (30ml);119000;Ciclopirox olamine 1%w/w;Pierre-Fabre;Hộp;https://www.pharmacity.vn/product/mycoster-solution-1-30ml
Viên nén Lipiget 20mg điều trị rối loạn mỡ máu (1 vỉ x 10 viên);77000;Atorvastatin 20mg;Getz Pharm;Hộp;https://www.pharmacity.vn/product/lipiget-20mg-h10vien
Medskin Ery (Hộp 1 tuýp 10g);16000;Erythromycin 0.4g;DHG Pharma;Tuýp;https://www.pharmacity.vn/product/medskin-ery-hop-1-tuyp-10g
Bihasal 5mg ( 3 vỉ x 10 viên);44000;Bisoprolol 5mg;Hasan- Demarpharm;Hộp;https://www.pharmacity.vn/product/thuoc-dieu-tri-benh-suy-tim-man-tinh-bihasal-5mg-3vi-x-10vien
Bisoloc Plus (H/10Vien);67000;Bisoprolol 2.5mg,  Hydrochlorothiazide 6.25mg;United Pharma;Hộp;https://www.pharmacity.vn/product/bisoloc-plus-h10vien
Thuốc điều trị quá liều Paracetamol khi không có Acetylcystein Methionin 250mg (100 viên/lọ);30000;DL-Methionine 250mg;Mekophar;Chai;https://www.pharmacity.vn/product/thuoc-dieu-tri-qua-lieu-paracetamol-khi-khong-co-acetylcystein-methionin-250mg-100-vienlo
Thuốc điều trị các nhiễm khuẩn thể nhẹ và vừa do vi khuẩn nhạy cảm gây ra Ceodox 200mg (20 viên/hộp);165000;Cefpodoxime 200mg;GLOMED-ABBOTT;Hộp;https://www.pharmacity.vn/product/oos-by-ncc-ceodox-200-h20vien
Thuốc điều trị viêm mũi dị ứng và viêm kết mạc dị ứng Loratadin 10mg (2 vỉ x 10 viên/hộp);15000;Loratadine 10mg;Euvipharm;Hộp;https://www.pharmacity.vn/product/loratadin-hop20-vien-euvipharm
Thuốc điều trị nhiễm khuẩn đường hô hấp, da và mô mềm Glanax 250mg (2 vỉ x 10 viên/hộp);110000;Cefuroxime 250mg;GLOMED-ABBOTT;Hộp;https://www.pharmacity.vn/product/oos-by-ncc-glanax-250mg-h20vien
Safaria (1 vỉ x 10 viên);134000;Metronidazole 225mg, Chloramphenicol 100mg, Nystatin 75mg;Imexpharm;Hộp;https://www.pharmacity.vn/product/safaria-h10vien
Meloxicam 7,5mg (3 vỉ x 10 viên);27000;Meloxicam 7.5mg;Imexpharm;Hộp;https://www.pharmacity.vn/product/meloxicam-75mg-3vi-x-10vien
Cetirizine 10mg (10 vỉ x 10 viên);37000;Cetirizin dihydrochlorid 10mg;Imexpharm;Hộp;https://www.pharmacity.vn/product/cetirizine-10-10vi-x-10vien
Viên nang cứng BVIT 1 250mg VNA điều trị bệnh Beriberi do thiếu vitamin B1 (chai 200 viên);159000;Thiamine 250mg;Imexpharm;Chai;https://www.pharmacity.vn/product/bvit-1-250mg-vna-chai200vien
Clindamycin 150mg (Hộp 5 vỉ x 10 viên);69500;Clindamycin 150mg;Domesco;Hộp;https://www.pharmacity.vn/product/clindamycin-150mg-hop-5-vi-x-10-vien
Stamlo 10mg (Hộp 2 vỉ x 10 viên);60900;Amlodipine 10mg;Reddy;Hộp;https://www.pharmacity.vn/product/stamlo-10-2vi-x-10vien
Yesom - 20 (3 vỉ x 10 viên);265000;Esomeprazole 20mg;Hetero Drugs- India;Hộp;https://www.pharmacity.vn/product/thuoc-dieu-tri-duong-tieu-hoa-yesom-20-3vi-x-10vien
Simvastatin Tab 20mg (1 vỉ x 10 viên);39000;Simvastatin 20mg;Euvipharm;Hộp;https://www.pharmacity.vn/product/simvastatin-tab-20mg-euvipharm10vien
Tehep - B (4 vỉ x 7 viên);216000;Tenofovir 300mg;Davipharm;Hộp;https://www.pharmacity.vn/product/thuoc-dieu-tri-nhiem-hiv-tuyp-1-o-nguoi-lon-tehep-b-300mg
Adrenoxyl 10mg (8 vỉ x 8 viên);105500;Carbazochrom Dihydrat 10mg;Sanofi Others;Hộp;https://www.pharmacity.vn/product/thuoc-cam-mau-de-chuan-bi-phau-thuat-ngoai-khoa-va-dieu-tri-xuat-huyet-mao-mach-adrenoxyl-10mg
Thuốc điều trị tình trạng rối loạn cương dương Glodafil 20mg (2 viên/hộp);88000;Tadalafil 20mg;GLOMED-ABBOTT;Hộp;https://www.pharmacity.vn/product/oos-by-ncc-glodafil-20-glomed-hopvi2vien
Rantac 150mg (10 vỉ x 10 viên/hộp);55000;Ranitidin 150mg;Unique Pharmaceutical Labs ;Hộp;https://www.pharmacity.vn/product/thuoc-dieu-tri-loet-da-day-ta-trang-rantac-150mg-10-vi-x-10-vienhop
Mephenesin 500mg (10 vỉ x 10 viên/hộp);90000;Mephenesin 500mg;Imexpharm;Hộp;https://www.pharmacity.vn/product/thuoc-thu-gian-co-va-giam-dau-mephenesin-500mg-10-vi-x-10-vienhop
Metadroxyl 500mg (5 vỉ x 6 viên/hộp);251000;Metadoxine 500mg;MICRO LABS;Hộp;https://www.pharmacity.vn/product/metadroxyl-500mg-5-vi-x-6-vienhop
Kotisol (10 vỉ x 10 viên/hộp);630000;Paracetamol 325mg, Tramadol 37.5mg;Withus Pharma;Hộp;https://www.pharmacity.vn/product/kotisol-10-vi-x-10-vienhop
Viên phóng thích chậm Panfor SR - 1000mg điều trị đái tháo đường tuýp 2 (5 vỉ x 20 viên);215000;Methylcobalamin 1000mg;Mega Lifesciences;Hộp;https://www.pharmacity.vn/product/panfor-sr-1000mg-hop-10-vi-x-10-vien
Sibelium (Hộp 5 vỉ x 20 viên);560000;Flunarizine 5mg;Janssen;Hộp;https://www.pharmacity.vn/product/sibelium-5mg-5-vi-x-20-vienhop
Malag 60mg (Hộp 3 vỉ x 10 viên);72000;Fexofenadin Hcl 60mg;Davipharm;Hộp;https://www.pharmacity.vn/product/thuoc-khang-di-ung-malag-60mg-3-vi-x-10-vien
Pycalis 5mg (Hộp 2 vỉ x 2 viên);88000;Tadalafil 5mg;Pymepharco;Hộp;https://www.pharmacity.vn/product/thuoc-cho-nam-gioi-oos-can-hsd-pycalis-5mg-2-vi-x-2-vien
Viên nang Dinalvic VPC 37,5mg/325mg điều trị các cơn đau từ trung bình đến nặng (2 vỉ x 10 viên);29000;Tramadol 325mg, Paraccetamol 37.5mg;Pharimexco;Hộp;https://www.pharmacity.vn/product/dinalvic-vpc-2vi-x-10vien
Viên nén Aceclonac 100mg Rafarm điều trị viêm xương khớp, viêm khớp dạng thấp (4 vỉ x 10 viên);249000;Aceclofenac 100mg;Rafarm S.A-Greece;Hộp;https://www.pharmacity.vn/product/thuoc-giam-dau-ha-sot-aceclonac-100mg-4-vi-x-10-vien
Cefaclor 250mg (Hộp 2 vỉ x 10 viên);70000;Cefaclor 250mg;Mebiphar;Hộp;https://www.pharmacity.vn/product/cefaclor-250mg-hop-2-vi-x-10-vien
Viên nén Hasancob 500mcg thiếu máu do thiếu B12, bệnh lý thần kinh ngoại biên (3 vỉ x 10 viên);36000;Mecobalamin 500mcg;Hasan- Demarpharm;Hộp;https://www.pharmacity.vn/product/hasancob-500mcg-hop-3-vi-x-10-vien
Bavegan (Hộp 2 vỉ x 20 viên);15000;Cao khô lá Actisô 80mg, Cao khô hạt Bìm Bìm 5.3mg, Cao khô rau đắng đất 75mg;Ladophar - VN;Hộp;https://www.pharmacity.vn/product/thuoc-loi-gan-va-mat-bavegan-2-vi-x-20-vienhop
Gemfibstad 300mg (Hộp 6 vỉ x 10 viên);150000;Gemfibrozil 300mg;STADA;Hộp;https://www.pharmacity.vn/product/thuoc-dieu-tri-tang-lipid-huyet-gemfibstad-300mg-6-vi-x-10-vienhop
Viên bao tan trong ruột Sunmesacol 400mg trị viêm loét dạ dày, tá tràng (5 vỉ x 10 viên);185000;Mesalazin 400mg;Sun Pharma;Hộp;https://www.pharmacity.vn/product/sunmesacol-400mg-5vi-x-10vien
Viên nang Midaxin 300mg kháng sinh điều trị nhiễm khuẩn (1 vỉ x 10 viên);51000;Cefdinir 300mg;Minh Dan;Hộp;https://www.pharmacity.vn/product/thuoc-khang-sinh-midaxin-300mg-hop-10-vien
Viên nén hòa tan nhanh Oleanzrapitab 5mg điều trị bệnh tâm thần phân liệt (5 vỉ x 10 viên);64000;Olanzapine 5mg;Sun Pharma;Hộp;https://www.pharmacity.vn/product/oleanzrapitab-5mg-10-vien-x-5-vihop
Viên nén Incarxol 400mg trị nhiễm trùng đường tiểu trên và dưới, cấp và mạn tính (2 vỉ x 7 viên);104000;Norfloxacin 400mg;Laboratorios Lesvi;Hộp;https://www.pharmacity.vn/product/thuoc-dieu-tri-nhiem-khuan-incarxol-400mg-2-vi-x-7-vienhop
Metronidazole 250mg Mekophar (10 vỉ x 10 viên);22000;Metronidazole 250mg;Mekophar;Hộp;https://www.pharmacity.vn/product/metronidazole-250mg-mekophar-10vi-x-10vien
Viên nén bao phim Meyercarmol 500mg điều trị ngắn hạn các cơn đau và co thắt cơ (10 vỉ x 10 viên);190000;Methocarbamol 500mg;Meyer-BPC;Hộp;https://www.pharmacity.vn/product/thuoc-gian-co-meyercarmol-500mg-10-vien-x-10-vihop
Ardineclav 500mg/125mg (Hộp 12 gói);158400;Amoxicilin 500mg, Acid Clavulanic 125mg;Laboratorie Reig Jofre S.A;Hộp;https://www.pharmacity.vn/product/thuoc-dieu-tri-nhiem-khuan-ardineclav-500mg125mg-hop-12-goi
Deonas 50mg (Hộp 10 vỉ x 10 viên);324000;Eperisone Hydrochlorid 50mg;Korea Prime Pharm. Co., Ltd.;Hộp;https://www.pharmacity.vn/product/thuoc-cai-thien-cac-trieu-chung-tang-truong-luc-co-liet-cung-deonas-50mg-10-vi-x-10-vienhop
Viên nang Vicoxib 100mg trị triệu chứng của thoái hóa khớp, viêm khớp dạng thấp (3 vỉ x 10 viên);16000;Celecoxib 100mg;Pharimexco;Hộp;https://www.pharmacity.vn/product/vicoxib-100mg-3vi-x-10vien
Domperidon (Lọ 20ml);20000;Domperidone 1mg/ml;Pharmedic;Lọ;https://www.pharmacity.vn/product/imc-thuoc-dieu-tri-trieu-chung-non-va-buon-non-domperidon-lo-20ml
Viên nang giải phóng kéo dài Efexor XR 150mg điều trị trầm cảm, rối loạn lo âu (2 vỉ x 14 viên);695000;Venlafaxin  150mg;Viatris (Pfizer UpJohn);Hộp;https://www.pharmacity.vn/product/thuoc-dieu-tri-tram-cam-efexor-xr-150mg-pfitzer-14-vien-x-2-vihop
Cortancyl 5mg (Hộp 1 vỉ x 30 viên);30000;Prednison 5mg;Roussel;Hộp;https://www.pharmacity.vn/product/thuoc-khang-viem-cortancyl-5mg-1-vi-x-30-vienhop
Rapiclav 1g (Hộp 7 vỉ x 3 viên);134300;Amoxiclin 875mg, Acid clavulanic 125mg; Indchemie Health Specialities Pvt;Hộp;https://www.pharmacity.vn/product/thuoc-dieu-tri-nhiem-trung-rapiclav-1g-7-vi-x-3-vienhop
Viên nang Denatri Phil Inter Pharma điều trị loãng xương, nhuyễn xương, còi xương (10 vỉ x10 viên);750000;Alfacalcidol 1mcg;Phil Inter Pharma;Hộp;https://www.pharmacity.vn/product/denatri-phil-inter-pharma-10vi-x10vien
Nataplex Inj (500ml);25500;Dexpanthenol 25g, Acid ascorbic 500mg, D-Pantothenol 250mg, Niacinamid 625mg, Pyridoxin hydroclorid 25mg, Riboflavin 25mg, Thiamin hydroclorid 125mg;Shijiazhuang Yiling Pharamceutical Co.,Ltd;Chai;https://www.pharmacity.vn/product/dung-dich-tiem-truyen-infusion-solution-nataplex-500ml
Viên nang, viên nén Melankit 30mg/500mg/500mg trị viêm loét dạ dày tá tràng (7 vỉ x 6 viên);260000;Lansoprazol 30mg, Tinidazol 500mg, Clarithromycin 500mg;Mediplantex;Hộp;https://www.pharmacity.vn/product/thuoc-dieu-tri-loet-da-day-ta-trang-melankit-30mg500mg500mg-mediplantex-6-vien-x-7-vihop
Rileptid 1mg Egis Pharma (6 vỉ x 10 viên);214200;Risperidon 1mg;Egis Pharma;Hộp;https://www.pharmacity.vn/product/rileptid-1mg-egis-pharma-6-vi-x-10-vien
Neozith 250 (Hộp 10 vỉ x 10 viên);305000;Azithromycin 250mg;Zim Labratories;Hộp;https://www.pharmacity.vn/product/neozith-250-10-vi-x-10-vienhop
Macdin 600 (Hộp 1 vỉ x 10 viên);250000;Linezolid 600mg;Macleods Pharmaceuticals, India;Hộp;https://www.pharmacity.vn/product/macdin-600-1-vi-x-10-vienhop
Sundonep/Arizil  10 (3 vỉ x 10 viên/hộp);300000;Donepezil hydrochlorid 10mg;Sun Pharma;Hộp;https://www.pharmacity.vn/product/sundonep-10-3-vi-x-10-vienhop
Savi fluvastatin 40 (3 vỉ x 10 viên/hộp);210000;Fluvastatin 40mg;Savi;Hộp;https://www.pharmacity.vn/product/savi-fluvastatin-40-3-vi-x-10-vienhop
Demencur 150 (3 vỉ x 10 viên/hộp);292000;Pregabalin 150mg;Savi;Hộp;https://www.pharmacity.vn/product/demencur-150-3-vi-x-10-vienhop
Quafa-Azi 250 (2 vỉ x 10 viên/hộp);90000;Azithromycin 250mg;Công ty cổ phần Dược phẩm Quảng Bình;Hộp;https://www.pharmacity.vn/product/quafa-azi-250-2-vi-x-10-vienhop
Viên nén bao phim Maxxcardio-L 20 Plus Ampharco điều trị tăng huyết áp (3 vỉ x 10 viên);119000;Lisinopril 20mg, hydroclorothiazid 12.5mg;Ampharco U.S.A;Hộp;https://www.pharmacity.vn/product/maxxcardio-l-20-plus-3-vi-x-10-vienhop
Thuốc cốm Atilair 4mg dự phòng và điều trị hen phế quản mạn tính, viêm mũi dị ứng (30 gói x 2g);135000;Natri montelukast 4mg;An Thien;Hộp;https://www.pharmacity.vn/product/atilair-sac-30-goi-x-2ghop
Nadyzin (Hộp 24 gói x 2g);76000;Kẽm Gluconat 70mg;Duoc Pham 2/9;Hộp;https://www.pharmacity.vn/product/nadyzin-duoc-pham-29-24goi
Bactamox 750mg (Hộp 2 vỉ x 7 viên);162000;Amoxicilin 500mg, Sulbactam 250mg;Imexpharm;Hộp;https://www.pharmacity.vn/product/bactamox-750mg-hop-2-vi-x-7-vien
Viên nén bao phim Cotixil 20mg giảm đau và giảm viêm xương khớp (2 vỉ x 8 viên);22000;Tenoxicam 20mg;Mekophar;Hộp;https://www.pharmacity.vn/product/cotixil-2-vi-x-8-vienhop
Meyercosid 4 (Hộp 10 vỉ x 10 viên);240000;Thiocolchicosid 4mg;Meyer-BPC;Hộp;https://www.pharmacity.vn/product/meyercosid-4-10-vi-x-10-vienhop
Meloxicam 15mg (2 vỉ x 10 viên/hộp);33000;Meloxicam 15mg;Duoc pham 3/2;Hộp;https://www.pharmacity.vn/product/meloxicam-15-2-vi-x-10-vienhop
Viên nén Cetampir 800mg điều trị triệu chứng rối loạn nhận thức, chóng mặt (3 vỉ x 10 viên);92000;Piracetam 800mg 800mg;Savi;Hộp;https://www.pharmacity.vn/product/cetampir-800mg-3-vi-x-10-vienhop
Respamxol 20mg (6 vỉ x 10 viên/hộp);100000;Bambuterol hydroclorid 20mg 20mg;Medisun;Hộp;https://www.pharmacity.vn/product/respamxol-20mg-6-vi-x-10-vienhop
Canzeal 2mg (Hộp 3 vỉ x 10 viên);64000;Glimepirid 2mg;Sandoz;Hộp;https://www.pharmacity.vn/product/canzeal-2mg-hop-3-vi-x-10-vien
Alphadeka DK (Hộp 2 vỉ x 10 viên);65000;Chymotrypsin 8,4mg;Ha Tay;Hộp;https://www.pharmacity.vn/product/alphadeka-dk-hop-2-vi-x-10-vien
Glucozinc S (30 gói/hộp);156000;Kẽm 10mg 70mg;VTYT Binh Thuan;Hộp;https://www.pharmacity.vn/product/thuoc-bo-sung-du-phong-thieu-kem-glucozinc-s-30-goi-hop
Nifedipin T20 retard (Hộp 10 vỉ x 10 viên);69800;Nifedipin 20mg;STELLA;Hộp;https://www.pharmacity.vn/product/nifedipin-t20-retard-hop-10-vi-x-10-vien
Bisoprolol Fumarate 2,5mg (2 vỉ x 14 viên/hộp);49900;Bisoprolol fumarate 2.5mg;Mebiphar;Hộp;https://www.pharmacity.vn/product/bisoprolol-fumarate-25mg-2-vi-x-14-vienhop
Mibelcam 7.5mg (1 vỉ x 10 viên/hộp);87000;Meloxicam 7.5mg;Nobelfarma;Hộp;https://www.pharmacity.vn/product/mibelcam-75mg-1-vi-x-10-vienhop
Viên nén Diopolol 2,5mg điều trị tăng huyết áp, đau thắt ngực (2 vỉ x 14 viên);37800;Bisoprolol 2,5mg;Chanelle Medical ;Hộp;https://www.pharmacity.vn/product/diopolol-25mg-2-vi-x-14-vienhop
H-Vacolaren 20mg (2 vỉ x 30 viên/hộp);12900;Trimetazidin dihydroclorid 20mg;Vacopharm;Hộp;https://www.pharmacity.vn/product/thuoc-du-phong-con-dau-that-nguc-dieu-tri-thuong-ton-mach-mau-o-vong-mac-h-vacolaren-20mg-2-vi-x-30-vien-hop
Celecoxib 100mg (3 vỉ x 10 viên/hộp);18900;Celecoxib 100mg;Armepharco;Hộp;https://www.pharmacity.vn/product/celecoxib-100mg-3-vi-x-10-vienhop
Viên nén bao phim Ihybes-H150 điều trị tăng huyết áp (3 vỉ x 10 viên);81000;Irbesartan 150mg, Hydroclorothiazid 12.5mg;AGIPHARM;Hộp;https://www.pharmacity.vn/product/ihybes-h-150-3-vi-x-10-vienhop
Viên nén Mezacosid 4mg điều trị hỗ trợ giãn cơ trong thoái hóa đốt sống (3 vỉ x 10 viên);87000;Thiocolchicosid 4mg;Ha Tay;Hộp;https://www.pharmacity.vn/product/mezacosid-4mg-3-vi-x-10-vienhop
Arthur Davipharm (10 vỉ x 10 viên);199900;Trimebutin maleat 200mg;Davipharm;Hộp;https://www.pharmacity.vn/product/arthur-davipharm-10vi-x-10vien
Clisma lax  Erbozeta S.p.A (20 lọ x 133ml);68000;Natri monobasic phosphat khan 13,91g,  Natri dibasic phosphat khan  3,18g;Ocean;Hộp;https://www.pharmacity.vn/product/clisma-lax-erbozeta-spa-20lo-x-133ml
Argyrol 1% (Chai 5ml);16000;Argyrol 5ml;Danapha;Lọ;https://www.pharmacity.vn/product/argyrol-1-5ml
Vipredni 16mg (30 gói)-ma sai;240000;Methylprednisolone 16mg;Hasan- Demarpharm;Hộp;https://www.pharmacity.vn/product/vipreni-16mg-30goi-ma-sai
Mibedatril 5 (Hộp 5 vỉ x 10 viên);100000;Imidapril 5mg;Hasan- Demarpharm;Hộp;https://www.pharmacity.vn/product/thuoc-tim-mach-mibedatril-5mg-5-vi-x-10-vien
Viên nén Spinolac 50mg điều trị tăng huyết áp, tăng aldosteron nguyên phát (2 vỉ x 10 viên);60000;Spironolacton 50mg;Hasan- Demarpharm;Hộp;https://www.pharmacity.vn/product/thuoc-loi-tieu-spinolac-50mg-2-vi-x-10-vien
Dogastrol 40mg (3 vỉ x 10 viên);75000;Pantoprazol 40mg;Dong Nam;Hộp;https://www.pharmacity.vn/product/thuoc-tieu-hoa-dogastrol-40mg-3-vi-x-10-vien
Citalopram Stada 10mg (Hộp 3 vỉ x 10 viên);90000;Citalopram (dưới dạng citalopram hydrobromid) 10mg;STADA;Hộp;https://www.pharmacity.vn/product/citalopram-stada-10mg-3vi-x-10vien
Quancardio (2 lọ x 100 viên);155000;Đan sâm,  Tam thất,  Borneol;Công ty cổ phần Dược phẩm Quảng Bình;Hộp;https://www.pharmacity.vn/product/quancardio-2lo-x-100vien
Viên nang Vitamin B6 250mg Domesco trị thiếu hụt B6, thiếu máu (20 vỉ x 10 viên);140000;Vitamin B6 250mg;Domesco;Hộp;https://www.pharmacity.vn/product/thuoc-dieu-tri-thieu-hut-vitamin-b6-thieu-mau-nguyen-bao-sat-vitamin-b6-250mg-20-vi-x-10-vienhop
Viên nén Glimepiride 2mg điều trị bệnh đái tháo đường type 2 (3 vỉ x 10 viên);45000;Glimepiride 2mg;TVPharma;Hộp;https://www.pharmacity.vn/product/thuoc-tieu-duong-glimepiride-2mg-3-vi-x-10-vien
Viên nén bao tan trong ruột TV.Pantoprazol 40mg điều trị viêm loét dạ dày (3 vỉ x 10 viên);36000;Pantoprazol 40 mg;TVPharma;Hộp;https://www.pharmacity.vn/product/thuoc-dieu-tri-loet-da-day-ta-trang-viem-thuc-quan-trao-nguoc-tvpantoprazol-40mg-3-vi-x-10-vienhop
Frentine (Hộp 3 vỉ x 10 viên);106050;Mã tiền 50mg, Hương phụ 13mg, Mộc hương 8mg, Quế chi 3mg, Thương truật 20mg, Địa liền 6mg;Foripharm (TW3);Hộp;https://www.pharmacity.vn/product/thuoc-dieu-tri-phong-te-thap-viem-khop-frentine-3-vi-x-10-vienhop
Cloramphenicol 0,4% (Lọ 8ml);4000;Cloramphenicol 0,4% 8ml;Duoc VTYT Hai Duong;Lọ;https://www.pharmacity.vn/product/thuoc-mattaimui-cloramphenicol-04-nhon-8ml-hd
Viên nén Metronidazole 250mg Mekophar điều triị nhiễm khuẩn (10 vỉ x 10 viên);32500;Metronidazole 250mg;Mekophar;Hộp;https://www.pharmacity.vn/product/thuoc-tri-ky-sinh-trung-chong-nhiem-khuan-khang-viruskhang-nam-metronidazole-250mg-mekophar-10-vien-x-10-vihop
Viên nang cứng Fenbrat 100mg điều trị rối loạn lipid máu (3 vỉ x 10 viên);24000;Fenofibrate 100mg;Mebiphar;Hộp;https://www.pharmacity.vn/product/thuoc-ha-lipid-huyet-fenbrat-100mg-3-vi-x-10-vienhop
Viên nang mềm Vitamin B1 50mg điều trị và phòng bệnh thiếu vitamin B1 (3 vỉ x 20 viên);43200;Thiamin Hydroclorid 50mg;Duoc VTYT Hai Duong;Hộp;https://www.pharmacity.vn/product/vitamin-b1-50mg-3vi-x-20vien-hai-duong
Viên nén Domreme 10mg Remedica trị buồn nôn, chán ăn, đầy bụng, khó tiêu, ợ nóng (10 vỉ x 10 viên);146500;Domperidon 10mg;Remedica;Hộp;https://www.pharmacity.vn/product/thuoc-dieu-tri-viem-da-daytrao-nguoc-thuc-quan-domreme-10mg-remedica-10-vien-x-10-vihop
Viên nén Siofor 500mg Menarini điều trị đái tháo đường type 2 (6 vỉ x 10 viên);59940;Metformin 500mg;Menarini;Hộp;https://www.pharmacity.vn/product/siofor-500-hop-6-vi-x-10-vien
Tobrin 0.3% (Hộp 1 lọ x 5 ml);45000;Tobramycin 3mg/1ml;Balkan;Lọ;https://www.pharmacity.vn/product/tobrin-03-1lo
Dung dịch uống Thioserin 60mg hỗ trợ điều trị viêm mũi, nhiễm khuẩn hô hấp (20 ống x 10ml);410000;Thymomodulin 60mg/10ml;Thioserin;Hộp;https://www.pharmacity.vn/product/thuoc-kiem-soat-dap-ung-mien-dich-thioserin-60mg-20-ong-x-10mlhop
Panfor SR 750mg Inventia (Hộp 10 vỉ x 10 viên);210000;Metformin 750mg;Inventia;Hộp;https://www.pharmacity.vn/product/thuoc-dieu-tri-dai-thao-duong-typ-2-panfor-sr-750mg-inventia-10-vien-x-10-vihop
Thuốc dùng ngoài HoeBeprosone 15g trị viêm da, giảm ngứa (tuýp 15g);40000;Betamethason dipropionat 0,064%;Novartis;Tuýp;https://www.pharmacity.vn/product/thuoc-boi-dieu-tri-viem-da-hoebeprosone-15g-hoe-1-tuyphop
Thuốc điều trị thần kinh do rối loạn mạch máu não Mezavitmin 5mg Hà Tây (25 viên x 2 vỉ/hộp);18000;Vinpocetin 5mg;DP Trung uong CPC1;Hộp;https://www.pharmacity.vn/product/thuoc-dieu-tri-than-kinh-do-roi-loan-mach-mau-nao-mezavitmin-5mg-ha-tay-25-vien-x-2-vihop
Candesarkern 16mg  (14 viên x 2 vỉ/hộp);243000;Candesartan 16mg;Kern Pharma S.L.;Hộp;https://www.pharmacity.vn/product/thuoc-dieu-tri-tang-huyet-ap-candesarkern-16mg-kern-pharma-14-vien-x-2-vihop
Beprosalic Lotion (1 chai 30ml/hộp);100000;Salicylic acid 0.064%w/w,  betamethason dipropionat 2%w/w;HOE Pharmaceuticals;Chai;https://www.pharmacity.vn/product/kem-boi-dieu-tri-vay-nen-tren-da-beprosalic-lotion-30ml-hoe-1-chaihop
Sarariz 5mg (Hộp 6 vỉ x 10 viên);93000;Flunarizin 5mg;Kyung Dong Pharm;Hộp;https://www.pharmacity.vn/product/thuoc-dieu-tri-du-phong-dau-nua-dau-sarariz-cap-6-vi-x-10-vienhop
Viên nén bao phim Usasartim Plus 300mg Ampharco điều trị tăng huyết áp (3 vỉ x 10 viên);189000;Irbesartan 300mg, hydroclorothiazid 12,5mg;Ampharco U.S.A;Hộp;https://www.pharmacity.vn/product/thuoc-dieu-tri-tang-huyet-ap-usasartim-plus-300mg-ampharco-10-vien-x-3-vihop
Viên nén bao phim Cefimbrano 200mg Vidipha điều trị nhiễm khuẩn (1 vỉ x 10 viên);21500;Cefixim 200mg 200mg;Vidipha;Hộp;https://www.pharmacity.vn/product/thuoc-dieu-tri-nhiem-khuan-khang-viem-cefimbrano-200mg-1-vi-x-10-vienhop
Imenir 125mg (Hộp 12 gói x 2g);180000;Cefdinir 125mg;Imexpharm;Hộp;https://www.pharmacity.vn/product/thuoc-dieu-tri-nhiem-khuan-nhe-do-vi-khuan-imenir-125mg-imexpharm-2g-x-12-goihop
Rinofil (Hộp 1 chai);76500;Desloratadin 0.5mg;Abbott;Chai;https://www.pharmacity.vn/product/rinofil-25mg5ml-100ml-1chai
Beprosalic Lotion (Lọ 30ml);95000;Betamethasone dipropionate 0.064%w/w, Salicylic Acid 2%w/w;HOE Pharmaceuticals;Lọ;https://www.pharmacity.vn/product/thuoc-tri-nam-viem-da-beprosalic-lotion-hoe-lo-30ml
Viên nang Betnapin 80mg Dongsung hỗ trợ điều trị viêm mũi, nhiễm khuẩn hô hấp (6 vỉ x 10 viên);258000;Thymomodulin 80mg;Dongsung pharm;Hộp;https://www.pharmacity.vn/product/thuoc-dieu-tri-nhiem-trung-betnapin-dongsung-10-vien-x-6-vihop
Viên nang cứng Esocon 20 Biopharma điều trị viêm loét dạ dày (5 vỉ x 6 viên);300000;Esomeprazol magnesium 20mg;Biopharma;Hộp;https://www.pharmacity.vn/product/esocon-20-5-vi-x-6-vienhop
Maropol 200mg (Hộp 10 vỉ x 10 viên);380000;Trimebutin maleat 200mg;Withus Pharma;Hộp;https://www.pharmacity.vn/product/maropol-10-vi-x-10-vienhop
Viên nang cứng Metronidazol 500 Đồng Nai điều trị nhiễm khuẩn (chai 100 viên);76500;Metronidazol 500mg;Euvipharm;Chai;https://www.pharmacity.vn/product/metronidazol-500-chai-100-vien
Viên nén Virclath 500mg VIR, S.A điều trị nhiễm khuẩn đường hô hấp (4 vỉ x 7 viên);658000;Clarithromycin 500mg;VIR, S.A.;Hộp;https://www.pharmacity.vn/product/virclath-4-vi-x-7-vienhop
Rabesta-20 (10 vỉ x 10 viên/hộp);718000;Rabeprazol natri 20mg;Stallion Laboratories;Hộp;https://www.pharmacity.vn/product/rabesta-20-10-vi-x-10-vienhop
Moxieye (Hộp 1 chai 5ml);26000;Moxifloxacin 5mg;DP Trung uong CPC1;Chai;https://www.pharmacity.vn/product/moxieye-hop-1-chai-5ml
Siro Synatura Syrup AhnGook trị nhiễm khuẩn đường hô hấp, viêm phế quản (chai 100ml);98000;Cao khô lá Thường Xuân 262.5m, Cao khô rễ Hoàng Liên 87.5mg;AhnGook Pharmaceutical Co., Ltd. - HÀN QUỐC;Chai;https://www.pharmacity.vn/product/thuoc-siro-dieu-tri-nhiem-khuan-duong-ho-hap-tren-cap-tinh-va-viem-phe-quan-man-tinh-synatura-syrup-ahngook-chai100ml
Epidolle 80mg (Hộp 6 vỉ x 10 viên);285000;Thymomodulin 80mg;Wales Korea Pharm;Hộp;https://www.pharmacity.vn/product/epidolle-80mg-6-vi-x-10-vienhop
Ebastin 10mg (Hộp 3 vỉ x 10 viên);120000;Ebastin 10mg;Savi;Hộp;https://www.pharmacity.vn/product/ebastin-10-3-vi-x-10-vienhop
Gynoternan (1 vỉ x 10 viên/hộp);16800;Metronidazol 200mg, chloramphenicol 80mg, Dexamethason acetat 0.5mg, nystatin 100000IU;Mekophar;Hộp;https://www.pharmacity.vn/product/gynoternan-1-vi-x-10-vienhop
Viên nang Ziptum 300mg kháng sinh điều trị nhiễm khuẩn (2 vỉ x 10 viên);320000;Cefdinir 300mg;Maxim;Hộp;https://www.pharmacity.vn/product/ziptum-2-vi-x-10-vienhop
Rinedif (1 vỉ x 10 viên/hộp);180000;Cefdinir 300mg;Trust Farma Quoc Te;Hộp;https://www.pharmacity.vn/product/rinedif-1-vi-x-10-vienhop
Lovarem 20mg (3 vỉ x 10 viên/hộp);111000;Lovastatin 20mg;Remedica;Hộp;https://www.pharmacity.vn/product/lovarem-20mg-3-vi-x-10-vienhop
Remecilox 200mg (10 vỉ x 10 viên/hộp);323000;Ofloxacin 200mg;Remedica;Hộp;https://www.pharmacity.vn/product/remecilox-200mg-10-vi-x-10-vienhop
Cefadroxil 1g (10 vỉ x 10 viên/hộp);300000;Cefadroxil 1g;Codupha (TW2);Hộp;https://www.pharmacity.vn/product/cefadroxil-1g-10-vi-x-10-vienhop
Pitaterol (Hop 3 vi x 10 vien);600000;Pitavastatin 2mg;Medica Mego;Hộp;https://www.pharmacity.vn/product/pitaterol-hop-3-vi-x-10-vien
Thuốc dùng ngoài Retacnyl Tretinoin 0.05% điều trị tại chỗ mụn trứng cá (tuýp 30g);450000;;Laboratoires Galderma;Tuýp;https://www.pharmacity.vn/product/thuoc-dung-ngoai-retacnyl-tretinoin-005-dieu-tri-tai-cho-mun-trung-ca-tuyp-30g
Kem bôi ngoài da Philderma điều trị nấm da, viêm da, chàm, hăm da (tuýp 10g);13900;Betamethasone dipropionate , Clotrimazole , Gentamicin sulfate 6.4mg,100mg,10mg;Phil Inter Pharma;Tuýp;https://www.pharmacity.vn/product/philderma-tuyp-10g
Kem bôi ngoài da Hidem điều trị viêm da dị ứng, hăm da (tuýp 15g);24000;Gentamicin  0.64mg,  Betamethason dipropionat  1mg,  Clotrimazol 10mg;Myung- In pharm;Tuýp;https://www.pharmacity.vn/product/hidem-tuyp-15g
Lacrifresh Moisture Unidose 0.10%(H/20ongx0.4ml) Avizor (20ong);219000;Natri hyaluronate  0.10%;;Hộp;https://www.pharmacity.vn/product/lacrifresh-moisture-unidose-010h20ongx04ml-avizor-20o
Natacare (Hộp 1 vỉ x 10 viên);179000;Natamycin 25mg;Pharbaco (TW1);Hộp;https://www.pharmacity.vn/product/natacare-hop-1-vi-x-10-vien
Ceftopix 200mg (Hộp 2 vỉ x 10 viên);290000;Cefpodoxim 200mg 200mg;Cadila Healthcare- India;Hộp;https://www.pharmacity.vn/product/ceftopix-200-hop-2-vi-x-10-vien
UNITREXATES dieu tri ung thu dang tiem (10 lo x 2ml) Inj;900000;Methotrexat 50mg/2ml;Korea United Pharm;Hộp;https://www.pharmacity.vn/product/unitrexates-dieu-tri-ung-thu-dang-tiem-10-lo-x-2ml-inj
Fluomizin (Hộp 1 vỉ x 6 viên);116800;Dequalinium chloride 10mg;Medinova;Hộp;https://www.pharmacity.vn/product/fluomizin-hop-1-vi-x-6-vien
Aurozapine tab  (5 vỉ x 6 viên);370000;Mirtazapine 30mg;Aurobindo Pharma Ltd;Hộp;https://www.pharmacity.vn/product/aurozapine-tab-od-5vi-x-6vien
Clomezol (Hộp 2 vỉ x 5 viên);320000;Metronidazol, Clotrimazol, Neomycin sulfat;FARMAPRIM;Hộp;https://www.pharmacity.vn/product/clomezol-supp-2vi-x-5vien
TS-One (Hộp 4 vỉ x 14 viên);8589990;Tegafur 20mg,  Gimeracil 5,8mg, Oteracil kali 19,6mg;Taiho Pharmaceutical Co., Ltd;Hộp;https://www.pharmacity.vn/product/ts-one-4-vi-x-14-vien
Cefpivoxil 50mg (Hộp 3 vỉ x 10 viên);300000;Cefditoren 50mg;Hataphar;Hộp;https://www.pharmacity.vn/product/cefpivoxil-50-hop-3-vi-x-10-vien
Dacodex (Hộp 10 vỉ x 10 viên);85000;Dextromethorphan hydrobromid 15mg,  Guaifenesin 100mg;Duoc VTYT Hai Duong;Hộp;https://www.pharmacity.vn/product/dacodex-hop-10-vi-x-10-vien
Momex (Chai 18ml);220000;Mometason furoat 0.5ml;Hanlim pharmaceutical;Hộp;https://www.pharmacity.vn/product/momex-spr-nsl-md-50ydos18ml-1chai
Amivudin Hasan 100 (Hộp 10 vỉ x 10 viên);80000;Lamivudin 100mg;Hasan- Demarpharm;Hộp;https://www.pharmacity.vn/product/lamivudin-100mg-hasan-10vi-x-10vien
Viên nén Synadin 4mg kiểm soát tình trạng tăng trương lực cơ cấp (10 vỉ x10 viên);400000;Tizanidin hydroclorid 4mg;Cadila Pharm;Hộp;https://www.pharmacity.vn/product/synadin-4mg-10vi-x10-vien
Forcan 150 (1 vỉ x 1 viên);25000;Fluconazole 150mg;Atlantic Pharma- Producoes Farmaceuticas S.A (Fab. Abrunheir;Hộp;https://www.pharmacity.vn/product/forcan-150-1-vi-x-1-vien
Viên bao phim Spiranisol Forte phòng và điều trị nhiễm trùng răng miệng (2 vỉ x 10 viên);64000;Spiramycin,Metronidazol;Ameflu;Hộp;https://www.pharmacity.vn/product/spiranisol-forte-2-vi-x-10-vien
Viên nén Dopola 2mg trị triệu chứng các biểu hiện dị ứng: viêm mắt, mũi, mề đay (2 vỉ x 15 viên);6000;Dexclorpheniramin 2mg;Công ty cổ phần dược Đồng Nai;Hộp;https://www.pharmacity.vn/product/dopola-2mg-2-vi-x-10-vien
Glivec 100mg Hộp 6 vỉ x 10 viên;7200000;Imatinib mesilate 100mg;Novartis;Hộp;https://www.pharmacity.vn/product/glivec-100mg-hop-6vi-x-10vien
Cynara 200mg (5 vi x 10 vien);90000;Cao đặc Actiso (18:1)  200 mg;Duoc VTYT Hai Duong;Hộp;https://www.pharmacity.vn/product/cynara-200mg-5-vi-x-10-vien
Viên nén Amlodipine STADA 10mg trị tăng huyết áp, điều trị dự phòng đau thắt ngực (10 vỉ x 14 viên);168000;Amlodipine 10mg;STADA;Hộp;https://www.pharmacity.vn/product/amlodipine-stada-10-mg-tab-10vi-x-14vien
Viên nén Candesartan Stada 8 mg điều trị tăng huyết áp (2 vỉ x 14 viên);100901;Candesartan Cilexetil 8 mg;STADA;Hộp;https://www.pharmacity.vn/product/candesartan-stada-8-mg-2vi-x-14vien
Viên nén bao phim Quinapril STADA 5 mg điều trị tăng huyết áp (7 vỉ x 14 viên);255000;Quinapril 5mg;STADA;Hộp;https://www.pharmacity.vn/product/quinapril-stada-5-mg-7vi-x-14vien
Viên nén Clopidogrel STADA 75mg phòng ngừa thành lập cục máu đông, huyết khối (2 vỉ x 14 viên);112000;Clopidogrel 75mg;STADA;Hộp;https://www.pharmacity.vn/product/clopidogrel-stada-75-mg-2vi-x-14vien
Viên nén bao phim Neazi 500mg điều trị nhiễm khuẩn (1 vỉ x 3 viên);27000;Azithromycin 500 mG 500mg;Codupha (TW2);Hộp;https://www.pharmacity.vn/product/neazi-500mg-h1x3v
Viên nén Mylosulprid 50mg điều trị tâm thần phân liệt, rối loạn tiêu hóa chức năng (10 vỉ x 10 viên);320000;Levosulpirid  50mg;MYLOSULPRID;Hộp;https://www.pharmacity.vn/product/mylosulprid-50
Viên nén bao phim Re-Zoom 20mg điều trị rối loạn cương dương (2 vỉ x 2 viên);69000;Tadalafil 20mg;OPV;Hộp;https://www.pharmacity.vn/product/re-zoom-20mg-2vix2vien
Ofev 150mg Cap Boehringer (Hộp 6 vỉ x 10 viên);63400000;Nintedanib (dưới dạng nintedanib esilat) 150mg 150mg;Boehringer Ingelheim;Hộp;https://www.pharmacity.vn/product/ofev-150mg-cap-boehringer-hop-6-vi-x-10-vien
Perjeta 420mg/14ml Vial Roche (Hop 1 lo);60000000;Pertuzumab  420 mg/14 ml;Roche;Hộp;https://www.pharmacity.vn/product/perjeta-420mg14ml-vial-roche-hop-1-lo
Spexib 150mg CAP Novartis (3 hop nho x 5 vi x 10 vien);38354990;Ceritinib 150mg 150mg;Novartis;Hộp;https://www.pharmacity.vn/product/spexib-150mg-cap-novartis-3-hop-nho-x-5-vi-x-10-vien
Viên nén Clopalvix Plus phòng ngừa thành lập cục máu đông, huyết khối (3 vỉ x 10 viên);180000;Aspirin , Clopidogrel  75mg, 75mg;Boston;Hộp;https://www.pharmacity.vn/product/clopalvix-plus-3-vi-x-10-vien
Nexavar Bayer Tab 200mg (Hộp 6 x 10 viên);27120000;SORAFENIB 200MG;Bayer (Others);Hộp;https://www.pharmacity.vn/product/nexavar-bayer-tab-200mg-hop-6-x-10-vien
Erbitux 5mg/ml Merck (Hộp 01 lọ x 20 ml);6450000;Cetuximab 5mg/1ml;Merck Sharp & Dohme;Lọ;https://www.pharmacity.vn/product/erbitux-5mgml-merck-hop-01-lo-x-20-ml
Ursopa 250mg (Hộp 20 gói);360000;Ursodeoxycholic acid 250mg 250mg;Apimed;Hộp;https://www.pharmacity.vn/product/ursopa-250mg-hop-20goi
Prednisoion 5mg Cophavina (Hộp 10 Vỉ x 10 Viên);39000;PrednisOlOn 5mG;COPHAVINA-XNDP150;Hộp;https://www.pharmacity.vn/product/prednisolon-5mg-cophavina-hop-10-vi-x-10-vien
Oncoteron 250 mg (Hộp 1 lọ 120 Viên);15500000;Abiraterone acetate 250 mg;Sun Pharmaceutical;Hộp;https://www.pharmacity.vn/product/oncoteron-250-mg-hop-1-lo-120-vien
Calquence 100mg AstraZeneca Caps (Hộp 10x6 viên);61940000;Acalabrutinib  100mg;AstraZeneca;Hộp;https://www.pharmacity.vn/product/calquence-100mg-astrazeneca-caps-hop-10x6-vien
Xalvobin 500mg (Hộp 12 vỉ x 10 viên);5300000;Capecitabina 500mg;Remedica;Hộp;https://www.pharmacity.vn/product/xalvobin-500mg-hop-12-vi-x-10-vien
Baticolin 500mg (3vix10vien) Dong Nam;600000;Citicolin 500mg 500mg;Dong Nam;Hộp;https://www.pharmacity.vn/product/baticolin-500mg-3vix10vien-dong-nam
INDCLAV TAB F.C 500MG /125BOX 20 INDCHEMIE HEALTH;83900;AMOXICILLIN + CLAVULANIC ACID  500mg,125mg; Indchemie Health Specialities Pvt;Hộp;https://www.pharmacity.vn/product/indclav-tab-fc-500mg-125box-20-indchemie-health
Mabthera 10mg;26900000;Rituximab 500mg/50ml;Roche;Lọ;https://www.pharmacity.vn/product/mabthera-10mg
Thuốc Tecentriq Roche điều trị ung thư phổi, ung thư biểu mô tế bào gan (20ml);57000000;Atezolizumab 1200mg/20 ml;F.Hoffmann-La Roche Ltd.;Lọ;https://www.pharmacity.vn/product/thuoc-tecentriq-roche-dieu-tri-ung-thu-phoi-ung-thu-bieu-mo-te-bao-gan-20ml
SciLin M30 40IU/ml Bioton SA (Chai 10ml);110000;Recombinant human insulin 100IU 100IU;Bioton S.A.;Chai;https://www.pharmacity.vn/product/scilin-m30-40iuml-bioton-sa-chai-10ml-
Viên uống An Cung Ngưu Hoàng Hoàn Yan'an (Hộp 1 Viên);1300000;"Băng phiến 166.67mg
Chi tử 166.67mg
Hoàng cầm 166.67mg
Hoàng liên 166.67mg
Hùng hoàng 166.67mg
Trân Châu 83.33mg
Xạ hương 41.67mg
Chu sa 166.67mg
Ngưu hoàng 166.67mg 166.67mg/166.67mg/166.67mg/166.67mg/166.67mg/83.33mg/41.67mg/166.67mg/166.67mg";Yan'an;Viên;https://www.pharmacity.vn/product/vien-uong-an-cung-nguu-hoang-hoan-yanan-hop-1-vien
Ckdcipol-N 25mg Suheung (50 Vien);14300;Ciclosporin 25mg;Suheung;Viên;https://www.pharmacity.vn/product/ckdcipol-n-25mg-suheung-50-vien
Alimta Vial Dry Inf 500mg Eli Lilly (Hop 1 Lo);29600000;Pemetrexed (dưới dạng Pemetrexed dinatri heptahydrate) 500mg;Eli Lilly;Hộp;https://www.pharmacity.vn/product/alimta-vial-dry-inf-500mg-eli-lilly-hop-1-lo
Ribomustin 100mg Janssen (Hộp 1 lọ);8000000;Bendamustin (dưới dạng Bendamustin hydroclorid) 90,8mg 90,8mg;Janssen;Hộp;https://www.pharmacity.vn/product/ribomustin-100mg-janssen-hop-1-lo
Tarceva 100mg Roche (3 vi x 10 vien);18000000;Erlotinib 10mg 10mg;Roche;Hộp;https://www.pharmacity.vn/product/tarceva-100mg-roche-3-vi-x-10-vien
Lonsurf 15mg/6,14mg Taiho (2 vi x 10 vien);23250000;Trifluridine 15mg ,  Tipiracil 6,14mg;Taiho Pharmaceutical Co., Ltd;Hộp;https://www.pharmacity.vn/product/lonsurf-15mg614mg-taiho-2-vi-x-10-vien
Tezspire 210mg/1.91ml 1's (110mg/ml) Inj điều trị hen nặng (Hộp 1 Bút);29000000;Tezepelumab 210mg/1,91ml 210mg/1,91ml;AstraZeneca;But;https://www.pharmacity.vn/product/tezspire-210-mg-1-but-tiem-x-1-91-ml
Esomeprazole Stada 40mg (2 Vỉ x 10 Viên);59000;Esomeprazole40mg 40mg;STADA;Hộp;https://www.pharmacity.vn/product/esomeprazole-stada-40mg-2-vi-x-10-vien
Urimaxi BRV (Hộp 6 vỉ x 10 Viên);5200;Hạt chuối hột 20mg,  Râu Mèo  60mg,  Cao kim tiền thảo  105mg;BRV Healthcare;Viên;https://www.pharmacity.vn/product/urimaxi-brv-hop-6-vi-x-10-vien
